variant	engine	threads	zipf	rw	ops	batch_size	exit_code	elapsed_sec	average_commit	average_abort	total_commit	log_path
current	aria	1	0.0	50	10	1024	0	27	43640.3	1210.9	43640.3	/work/miyayu/aria_experiment/results/ycsb_aria_matrix/full_20260312_002912/current_aria_p12_t1_k40000_rw50_ops10_bs1024_zipf_0.0.log
current	aria	1	0.0	50	10	2048	0	27	40695.2	2312.8	40695.2	/work/miyayu/aria_experiment/results/ycsb_aria_matrix/full_20260312_002912/current_aria_p12_t1_k40000_rw50_ops10_bs2048_zipf_0.0.log
current	aria	1	0.0	50	10	4096	0	27	36512.3	4447.7	36512.3	/work/miyayu/aria_experiment/results/ycsb_aria_matrix/full_20260312_002912/current_aria_p12_t1_k40000_rw50_ops10_bs4096_zipf_0.0.log
current	aria	1	0.0	50	100	1024	0	28	764.9	5379.1	764.9	/work/miyayu/aria_experiment/results/ycsb_aria_matrix/full_20260312_002912/current_aria_p12_t1_k40000_rw50_ops100_bs1024_zipf_0.0.log
current	aria	1	0.0	50	100	2048	0	27	391.6	5752.4	391.6	/work/miyayu/aria_experiment/results/ycsb_aria_matrix/full_20260312_002912/current_aria_p12_t1_k40000_rw50_ops100_bs2048_zipf_0.0.log
current	aria	1	0.0	50	100	4096	0	28	183.8	5550.6	183.8	/work/miyayu/aria_experiment/results/ycsb_aria_matrix/full_20260312_002912/current_aria_p12_t1_k40000_rw50_ops100_bs4096_zipf_0.0.log
current	aria	1	0.0	80	10	1024	0	27	62379.9	288.9	62379.9	/work/miyayu/aria_experiment/results/ycsb_aria_matrix/full_20260312_002912/current_aria_p12_t1_k40000_rw80_ops10_bs1024_zipf_0.0.log
current	aria	1	0.0	80	10	2048	0	27	61062	582.8	61062	/work/miyayu/aria_experiment/results/ycsb_aria_matrix/full_20260312_002912/current_aria_p12_t1_k40000_rw80_ops10_bs2048_zipf_0.0.log
current	aria	1	0.0	80	10	4096	0	28	58159.5	1232.5	58159.5	/work/miyayu/aria_experiment/results/ycsb_aria_matrix/full_20260312_002912/current_aria_p12_t1_k40000_rw80_ops10_bs4096_zipf_0.0.log
current	aria	1	0.0	80	100	1024	0	27	3184.7	6236.1	3184.7	/work/miyayu/aria_experiment/results/ycsb_aria_matrix/full_20260312_002912/current_aria_p12_t1_k40000_rw80_ops100_bs1024_zipf_0.0.log
current	aria	1	0.0	80	100	2048	0	27	1654.2	7766.6	1654.2	/work/miyayu/aria_experiment/results/ycsb_aria_matrix/full_20260312_002912/current_aria_p12_t1_k40000_rw80_ops100_bs2048_zipf_0.0.log
current	aria	1	0.0	80	100	4096	0	28	824	8596.8	824	/work/miyayu/aria_experiment/results/ycsb_aria_matrix/full_20260312_002912/current_aria_p12_t1_k40000_rw80_ops100_bs4096_zipf_0.0.log
current	aria	1	0.2	50	10	1024	0	27	30831	913	30831	/work/miyayu/aria_experiment/results/ycsb_aria_matrix/full_20260312_002912/current_aria_p12_t1_k40000_rw50_ops10_bs1024_zipf_0.2.log
current	aria	1	0.2	50	10	2048	0	27	28782.3	1741.8	28782.3	/work/miyayu/aria_experiment/results/ycsb_aria_matrix/full_20260312_002912/current_aria_p12_t1_k40000_rw50_ops10_bs2048_zipf_0.2.log
current	aria	1	0.2	50	10	4096	0	28	26445.9	3454.9	26445.9	/work/miyayu/aria_experiment/results/ycsb_aria_matrix/full_20260312_002912/current_aria_p12_t1_k40000_rw50_ops10_bs4096_zipf_0.2.log
current	aria	1	0.2	50	100	1024	0	27	684.3	5050.1	684.3	/work/miyayu/aria_experiment/results/ycsb_aria_matrix/full_20260312_002912/current_aria_p12_t1_k40000_rw50_ops100_bs1024_zipf_0.2.log
current	aria	1	0.2	50	100	2048	0	27	329.1	5386.4	329.1	/work/miyayu/aria_experiment/results/ycsb_aria_matrix/full_20260312_002912/current_aria_p12_t1_k40000_rw50_ops100_bs2048_zipf_0.2.log
current	aria	1	0.2	50	100	4096	0	28	176.6	5557.8	176.6	/work/miyayu/aria_experiment/results/ycsb_aria_matrix/full_20260312_002912/current_aria_p12_t1_k40000_rw50_ops100_bs4096_zipf_0.2.log
current	aria	1	0.2	80	10	1024	0	27	40350	200.4	40350	/work/miyayu/aria_experiment/results/ycsb_aria_matrix/full_20260312_002912/current_aria_p12_t1_k40000_rw80_ops10_bs1024_zipf_0.2.log
current	aria	1	0.2	80	10	2048	0	28	38516.3	395.7	38516.3	/work/miyayu/aria_experiment/results/ycsb_aria_matrix/full_20260312_002912/current_aria_p12_t1_k40000_rw80_ops10_bs2048_zipf_0.2.log
current	aria	1	0.2	80	10	4096	0	27	38424.1	897.5	38424.1	/work/miyayu/aria_experiment/results/ycsb_aria_matrix/full_20260312_002912/current_aria_p12_t1_k40000_rw80_ops10_bs4096_zipf_0.2.log
current	aria	1	0.2	80	100	1024	0	27	2934.6	6179	2934.6	/work/miyayu/aria_experiment/results/ycsb_aria_matrix/full_20260312_002912/current_aria_p12_t1_k40000_rw80_ops100_bs1024_zipf_0.2.log
current	aria	1	0.2	80	100	2048	0	28	1517.8	7698.2	1517.8	/work/miyayu/aria_experiment/results/ycsb_aria_matrix/full_20260312_002912/current_aria_p12_t1_k40000_rw80_ops100_bs2048_zipf_0.2.log
current	aria	1	0.2	80	100	4096	0	27	774.8	8646	774.8	/work/miyayu/aria_experiment/results/ycsb_aria_matrix/full_20260312_002912/current_aria_p12_t1_k40000_rw80_ops100_bs4096_zipf_0.2.log
current	aria	1	0.4	50	10	1024	0	27	31408.9	1461.5	31408.9	/work/miyayu/aria_experiment/results/ycsb_aria_matrix/full_20260312_002912/current_aria_p12_t1_k40000_rw50_ops10_bs1024_zipf_0.4.log
current	aria	1	0.4	50	10	2048	0	28	29523.4	2835	29523.4	/work/miyayu/aria_experiment/results/ycsb_aria_matrix/full_20260312_002912/current_aria_p12_t1_k40000_rw50_ops10_bs2048_zipf_0.4.log
current	aria	1	0.4	50	10	4096	0	27	26266.3	5272.9	26266.3	/work/miyayu/aria_experiment/results/ycsb_aria_matrix/full_20260312_002912/current_aria_p12_t1_k40000_rw50_ops10_bs4096_zipf_0.4.log
current	aria	1	0.4	50	100	1024	0	27	506.9	5739.5	506.9	/work/miyayu/aria_experiment/results/ycsb_aria_matrix/full_20260312_002912/current_aria_p12_t1_k40000_rw50_ops100_bs1024_zipf_0.4.log
current	aria	1	0.4	50	100	2048	0	28	225.7	5508.7	225.7	/work/miyayu/aria_experiment/results/ycsb_aria_matrix/full_20260312_002912/current_aria_p12_t1_k40000_rw50_ops100_bs2048_zipf_0.4.log
current	aria	1	0.4	50	100	4096	0	27	120.2	6023.8	120.2	/work/miyayu/aria_experiment/results/ycsb_aria_matrix/full_20260312_002912/current_aria_p12_t1_k40000_rw50_ops100_bs4096_zipf_0.4.log
current	aria	1	0.4	80	10	1024	0	28	41047.9	321.7	41047.9	/work/miyayu/aria_experiment/results/ycsb_aria_matrix/full_20260312_002912/current_aria_p12_t1_k40000_rw80_ops10_bs1024_zipf_0.4.log
current	aria	1	0.4	80	10	2048	0	27	39055.3	675.9	39055.3	/work/miyayu/aria_experiment/results/ycsb_aria_matrix/full_20260312_002912/current_aria_p12_t1_k40000_rw80_ops10_bs2048_zipf_0.4.log
current	aria	1	0.4	80	10	4096	0	27	37103.1	1399.3	37103.1	/work/miyayu/aria_experiment/results/ycsb_aria_matrix/full_20260312_002912/current_aria_p12_t1_k40000_rw80_ops10_bs4096_zipf_0.4.log
current	aria	1	0.4	80	100	1024	0	27	1960.3	6743.7	1960.3	/work/miyayu/aria_experiment/results/ycsb_aria_matrix/full_20260312_002912/current_aria_p12_t1_k40000_rw80_ops100_bs1024_zipf_0.4.log
current	aria	1	0.4	80	100	2048	0	27	1057.5	8158.5	1057.5	/work/miyayu/aria_experiment/results/ycsb_aria_matrix/full_20260312_002912/current_aria_p12_t1_k40000_rw80_ops100_bs2048_zipf_0.4.log
current	aria	1	0.4	80	100	4096	0	27	541.8	8879	541.8	/work/miyayu/aria_experiment/results/ycsb_aria_matrix/full_20260312_002912/current_aria_p12_t1_k40000_rw80_ops100_bs4096_zipf_0.4.log
current	aria	1	0.6	50	10	1024	0	28	27846	5741.2	27846	/work/miyayu/aria_experiment/results/ycsb_aria_matrix/full_20260312_002912/current_aria_p12_t1_k40000_rw50_ops10_bs1024_zipf_0.6.log
current	aria	1	0.6	50	10	2048	0	27	24313.2	8864.4	24313.2	/work/miyayu/aria_experiment/results/ycsb_aria_matrix/full_20260312_002912/current_aria_p12_t1_k40000_rw50_ops10_bs2048_zipf_0.6.log
current	aria	1	0.6	50	10	4096	0	27	19886.7	12881.3	19886.7	/work/miyayu/aria_experiment/results/ycsb_aria_matrix/full_20260312_002912/current_aria_p12_t1_k40000_rw50_ops10_bs4096_zipf_0.6.log
current	aria	1	0.6	50	100	1024	0	28	113.4	6235.4	113.4	/work/miyayu/aria_experiment/results/ycsb_aria_matrix/full_20260312_002912/current_aria_p12_t1_k40000_rw50_ops100_bs1024_zipf_0.6.log
current	aria	1	0.6	50	100	2048	0	27	56.3	6292.5	56.3	/work/miyayu/aria_experiment/results/ycsb_aria_matrix/full_20260312_002912/current_aria_p12_t1_k40000_rw50_ops100_bs2048_zipf_0.6.log
current	aria	1	0.6	50	100	4096	0	28	28.5	6115.5	28.5	/work/miyayu/aria_experiment/results/ycsb_aria_matrix/full_20260312_002912/current_aria_p12_t1_k40000_rw50_ops100_bs4096_zipf_0.6.log
current	aria	1	0.6	80	10	1024	0	27	40113.9	1870.1	40113.9	/work/miyayu/aria_experiment/results/ycsb_aria_matrix/full_20260312_002912/current_aria_p12_t1_k40000_rw80_ops10_bs1024_zipf_0.6.log
current	aria	1	0.6	80	10	2048	0	27	38365.2	3209.2	38365.2	/work/miyayu/aria_experiment/results/ycsb_aria_matrix/full_20260312_002912/current_aria_p12_t1_k40000_rw80_ops10_bs2048_zipf_0.6.log
current	aria	1	0.6	80	10	4096	0	28	35515.3	5444.7	35515.3	/work/miyayu/aria_experiment/results/ycsb_aria_matrix/full_20260312_002912/current_aria_p12_t1_k40000_rw80_ops10_bs4096_zipf_0.6.log
current	aria	1	0.6	80	100	1024	0	27	656.9	9173.5	656.9	/work/miyayu/aria_experiment/results/ycsb_aria_matrix/full_20260312_002912/current_aria_p12_t1_k40000_rw80_ops100_bs1024_zipf_0.6.log
current	aria	1	0.6	80	100	2048	0	27	320.3	9510.1	320.3	/work/miyayu/aria_experiment/results/ycsb_aria_matrix/full_20260312_002912/current_aria_p12_t1_k40000_rw80_ops100_bs2048_zipf_0.6.log
current	aria	1	0.6	80	100	4096	0	28	165.3	9665.1	165.3	/work/miyayu/aria_experiment/results/ycsb_aria_matrix/full_20260312_002912/current_aria_p12_t1_k40000_rw80_ops100_bs4096_zipf_0.6.log
current	aria	1	0.8	50	10	1024	0	27	13907.2	21420.8	13907.2	/work/miyayu/aria_experiment/results/ycsb_aria_matrix/full_20260312_002912/current_aria_p12_t1_k40000_rw50_ops10_bs1024_zipf_0.8.log
current	aria	1	0.8	50	10	2048	0	27	10608.4	24412.4	10608.4	/work/miyayu/aria_experiment/results/ycsb_aria_matrix/full_20260312_002912/current_aria_p12_t1_k40000_rw50_ops10_bs2048_zipf_0.8.log
current	aria	1	0.8	50	10	4096	0	27	7652.1	27163.9	7652.1	/work/miyayu/aria_experiment/results/ycsb_aria_matrix/full_20260312_002912/current_aria_p12_t1_k40000_rw50_ops10_bs4096_zipf_0.8.log
current	aria	1	0.8	50	100	1024	0	28	10.4	6748	10.4	/work/miyayu/aria_experiment/results/ycsb_aria_matrix/full_20260312_002912/current_aria_p12_t1_k40000_rw50_ops100_bs1024_zipf_0.8.log
current	aria	1	0.8	50	100	2048	0	27	4.9	6753.5	4.9	/work/miyayu/aria_experiment/results/ycsb_aria_matrix/full_20260312_002912/current_aria_p12_t1_k40000_rw50_ops100_bs2048_zipf_0.8.log
current	aria	1	0.8	50	100	4096	0	28	3.5	6959.7	3.5	/work/miyayu/aria_experiment/results/ycsb_aria_matrix/full_20260312_002912/current_aria_p12_t1_k40000_rw50_ops100_bs4096_zipf_0.8.log
current	aria	1	0.8	80	10	1024	0	27	31718.9	12210.7	31718.9	/work/miyayu/aria_experiment/results/ycsb_aria_matrix/full_20260312_002912/current_aria_p12_t1_k40000_rw80_ops10_bs1024_zipf_0.8.log
current	aria	1	0.8	80	10	2048	0	27	28384.3	15238.1	28384.3	/work/miyayu/aria_experiment/results/ycsb_aria_matrix/full_20260312_002912/current_aria_p12_t1_k40000_rw80_ops10_bs2048_zipf_0.8.log
current	aria	1	0.8	80	10	4096	0	28	24374.9	18223.5	24374.9	/work/miyayu/aria_experiment/results/ycsb_aria_matrix/full_20260312_002912/current_aria_p12_t1_k40000_rw80_ops10_bs4096_zipf_0.8.log
current	aria	1	0.8	80	100	1024	0	27	66.7	10582.9	66.7	/work/miyayu/aria_experiment/results/ycsb_aria_matrix/full_20260312_002912/current_aria_p12_t1_k40000_rw80_ops100_bs1024_zipf_0.8.log
current	aria	1	0.8	80	100	2048	0	27	33.7	10615.9	33.7	/work/miyayu/aria_experiment/results/ycsb_aria_matrix/full_20260312_002912/current_aria_p12_t1_k40000_rw80_ops100_bs2048_zipf_0.8.log
current	aria	1	0.8	80	100	4096	0	28	15.4	9815	15.4	/work/miyayu/aria_experiment/results/ycsb_aria_matrix/full_20260312_002912/current_aria_p12_t1_k40000_rw80_ops100_bs4096_zipf_0.8.log
current	aria	1	0.9	50	10	1024	0	27	6310.4	28096	6310.4	/work/miyayu/aria_experiment/results/ycsb_aria_matrix/full_20260312_002912/current_aria_p12_t1_k40000_rw50_ops10_bs1024_zipf_0.9.log
current	aria	1	0.9	50	10	2048	0	27	4756.8	30878.4	4756.8	/work/miyayu/aria_experiment/results/ycsb_aria_matrix/full_20260312_002912/current_aria_p12_t1_k40000_rw50_ops10_bs2048_zipf_0.9.log
current	aria	1	0.9	50	10	4096	0	28	3276.9	31539.1	3276.9	/work/miyayu/aria_experiment/results/ycsb_aria_matrix/full_20260312_002912/current_aria_p12_t1_k40000_rw50_ops10_bs4096_zipf_0.9.log
current	aria	1	0.9	50	100	1024	0	27	7	7058.6	7	/work/miyayu/aria_experiment/results/ycsb_aria_matrix/full_20260312_002912/current_aria_p12_t1_k40000_rw50_ops100_bs1024_zipf_0.9.log
current	aria	1	0.9	50	100	2048	0	27	3.5	6959.7	3.5	/work/miyayu/aria_experiment/results/ycsb_aria_matrix/full_20260312_002912/current_aria_p12_t1_k40000_rw50_ops100_bs2048_zipf_0.9.log
current	aria	1	0.9	50	100	4096	0	27	1.7	6961.5	1.7	/work/miyayu/aria_experiment/results/ycsb_aria_matrix/full_20260312_002912/current_aria_p12_t1_k40000_rw50_ops100_bs4096_zipf_0.9.log
current	aria	1	0.9	80	10	1024	0	27	23372.9	20659.1	23372.9	/work/miyayu/aria_experiment/results/ycsb_aria_matrix/full_20260312_002912/current_aria_p12_t1_k40000_rw80_ops10_bs1024_zipf_0.9.log
current	aria	1	0.9	80	10	2048	0	27	20463.4	23159	20463.4	/work/miyayu/aria_experiment/results/ycsb_aria_matrix/full_20260312_002912/current_aria_p12_t1_k40000_rw80_ops10_bs2048_zipf_0.9.log
current	aria	1	0.9	80	10	4096	0	27	17768.9	25239.1	17768.9	/work/miyayu/aria_experiment/results/ycsb_aria_matrix/full_20260312_002912/current_aria_p12_t1_k40000_rw80_ops10_bs4096_zipf_0.9.log
current	aria	1	0.9	80	100	1024	0	27	24.3	11137.3	24.3	/work/miyayu/aria_experiment/results/ycsb_aria_matrix/full_20260312_002912/current_aria_p12_t1_k40000_rw80_ops100_bs1024_zipf_0.9.log
current	aria	1	0.9	80	100	2048	0	27	11.6	11047.6	11.6	/work/miyayu/aria_experiment/results/ycsb_aria_matrix/full_20260312_002912/current_aria_p12_t1_k40000_rw80_ops100_bs2048_zipf_0.9.log
current	aria	1	0.9	80	100	4096	0	27	7.5	11461.3	7.5	/work/miyayu/aria_experiment/results/ycsb_aria_matrix/full_20260312_002912/current_aria_p12_t1_k40000_rw80_ops100_bs4096_zipf_0.9.log
current	aria	2	0.0	50	10	1024	0	27	90763.1	2523.3	90763.1	/work/miyayu/aria_experiment/results/ycsb_aria_matrix/full_20260312_002912/current_aria_p12_t2_k40000_rw50_ops10_bs1024_zipf_0.0.log
current	aria	2	0.0	50	10	2048	0	27	87380	4984.8	87380	/work/miyayu/aria_experiment/results/ycsb_aria_matrix/full_20260312_002912/current_aria_p12_t2_k40000_rw50_ops10_bs2048_zipf_0.0.log
current	aria	2	0.0	50	10	4096	0	27	78853.1	9620.5	78853.1	/work/miyayu/aria_experiment/results/ycsb_aria_matrix/full_20260312_002912/current_aria_p12_t2_k40000_rw50_ops10_bs4096_zipf_0.0.log
current	aria	2	0.0	50	100	1024	0	26	1630.2	11272.2	1630.2	/work/miyayu/aria_experiment/results/ycsb_aria_matrix/full_20260312_002912/current_aria_p12_t2_k40000_rw50_ops100_bs1024_zipf_0.0.log
current	aria	2	0.0	50	100	2048	0	26	833	12274.2	833	/work/miyayu/aria_experiment/results/ycsb_aria_matrix/full_20260312_002912/current_aria_p12_t2_k40000_rw50_ops100_bs2048_zipf_0.0.log
current	aria	2	0.0	50	100	4096	0	27	405.8	12701.4	405.8	/work/miyayu/aria_experiment/results/ycsb_aria_matrix/full_20260312_002912/current_aria_p12_t2_k40000_rw50_ops100_bs4096_zipf_0.0.log
current	aria	2	0.0	80	10	1024	0	27	130147	599.2	130147	/work/miyayu/aria_experiment/results/ycsb_aria_matrix/full_20260312_002912/current_aria_p12_t2_k40000_rw80_ops10_bs1024_zipf_0.0.log
current	aria	2	0.0	80	10	2048	0	27	130220	1261.6	130220	/work/miyayu/aria_experiment/results/ycsb_aria_matrix/full_20260312_002912/current_aria_p12_t2_k40000_rw80_ops10_bs2048_zipf_0.0.log
current	aria	2	0.0	80	10	4096	0	27	125138	2657.2	125138	/work/miyayu/aria_experiment/results/ycsb_aria_matrix/full_20260312_002912/current_aria_p12_t2_k40000_rw80_ops10_bs4096_zipf_0.0.log
current	aria	2	0.0	80	100	1024	0	26	6796.4	13171.6	6796.4	/work/miyayu/aria_experiment/results/ycsb_aria_matrix/full_20260312_002912/current_aria_p12_t2_k40000_rw80_ops100_bs1024_zipf_0.0.log
current	aria	2	0.0	80	100	2048	0	26	3535.1	16740.1	3535.1	/work/miyayu/aria_experiment/results/ycsb_aria_matrix/full_20260312_002912/current_aria_p12_t2_k40000_rw80_ops100_bs2048_zipf_0.0.log
current	aria	2	0.0	80	100	4096	0	27	1774.3	18705.7	1774.3	/work/miyayu/aria_experiment/results/ycsb_aria_matrix/full_20260312_002912/current_aria_p12_t2_k40000_rw80_ops100_bs4096_zipf_0.0.log
current	aria	2	0.2	50	10	1024	0	27	64354.7	1898.1	64354.7	/work/miyayu/aria_experiment/results/ycsb_aria_matrix/full_20260312_002912/current_aria_p12_t2_k40000_rw50_ops10_bs1024_zipf_0.2.log
current	aria	2	0.2	50	10	2048	0	27	61775	3761	61775	/work/miyayu/aria_experiment/results/ycsb_aria_matrix/full_20260312_002912/current_aria_p12_t2_k40000_rw50_ops10_bs2048_zipf_0.2.log
current	aria	2	0.2	50	10	4096	0	27	56529.6	7368	56529.6	/work/miyayu/aria_experiment/results/ycsb_aria_matrix/full_20260312_002912/current_aria_p12_t2_k40000_rw50_ops10_bs4096_zipf_0.2.log
current	aria	2	0.2	50	100	1024	0	26	1456.6	10828.1	1456.6	/work/miyayu/aria_experiment/results/ycsb_aria_matrix/full_20260312_002912/current_aria_p12_t2_k40000_rw50_ops100_bs1024_zipf_0.2.log
current	aria	2	0.2	50	100	2048	0	27	731.3	11556.7	731.3	/work/miyayu/aria_experiment/results/ycsb_aria_matrix/full_20260312_002912/current_aria_p12_t2_k40000_rw50_ops100_bs2048_zipf_0.2.log
current	aria	2	0.2	50	100	4096	0	27	359.1	11928.9	359.1	/work/miyayu/aria_experiment/results/ycsb_aria_matrix/full_20260312_002912/current_aria_p12_t2_k40000_rw50_ops100_bs4096_zipf_0.2.log
current	aria	2	0.2	80	10	1024	0	27	82535.5	408.5	82535.5	/work/miyayu/aria_experiment/results/ycsb_aria_matrix/full_20260312_002912/current_aria_p12_t2_k40000_rw80_ops10_bs1024_zipf_0.2.log
current	aria	2	0.2	80	10	2048	0	27	81276.2	848.6	81276.2	/work/miyayu/aria_experiment/results/ycsb_aria_matrix/full_20260312_002912/current_aria_p12_t2_k40000_rw80_ops10_bs2048_zipf_0.2.log
current	aria	2	0.2	80	10	4096	0	27	79272.1	1828.7	79272.1	/work/miyayu/aria_experiment/results/ycsb_aria_matrix/full_20260312_002912/current_aria_p12_t2_k40000_rw80_ops10_bs4096_zipf_0.2.log
current	aria	2	0.2	80	100	1024	0	26	5886.3	12443.3	5886.3	/work/miyayu/aria_experiment/results/ycsb_aria_matrix/full_20260312_002912/current_aria_p12_t2_k40000_rw80_ops100_bs1024_zipf_0.2.log
current	aria	2	0.2	80	100	2048	0	26	3061.9	15437.9	3061.9	/work/miyayu/aria_experiment/results/ycsb_aria_matrix/full_20260312_002912/current_aria_p12_t2_k40000_rw80_ops100_bs2048_zipf_0.2.log
current	aria	2	0.2	80	100	4096	0	27	1546	17295.6	1546	/work/miyayu/aria_experiment/results/ycsb_aria_matrix/full_20260312_002912/current_aria_p12_t2_k40000_rw80_ops100_bs4096_zipf_0.2.log
current	aria	2	0.4	50	10	1024	0	27	63723.3	2939.1	63723.3	/work/miyayu/aria_experiment/results/ycsb_aria_matrix/full_20260312_002912/current_aria_p12_t2_k40000_rw50_ops10_bs1024_zipf_0.4.log
current	aria	2	0.4	50	10	2048	0	27	60190.1	5755.5	60190.1	/work/miyayu/aria_experiment/results/ycsb_aria_matrix/full_20260312_002912/current_aria_p12_t2_k40000_rw50_ops10_bs2048_zipf_0.4.log
current	aria	2	0.4	50	10	4096	0	27	53002.2	10705	53002.2	/work/miyayu/aria_experiment/results/ycsb_aria_matrix/full_20260312_002912/current_aria_p12_t2_k40000_rw50_ops10_bs4096_zipf_0.4.log
current	aria	2	0.4	50	100	1024	0	26	967.9	11320.1	967.9	/work/miyayu/aria_experiment/results/ycsb_aria_matrix/full_20260312_002912/current_aria_p12_t2_k40000_rw50_ops100_bs1024_zipf_0.4.log
current	aria	2	0.4	50	100	2048	0	27	493.1	11999.7	493.1	/work/miyayu/aria_experiment/results/ycsb_aria_matrix/full_20260312_002912/current_aria_p12_t2_k40000_rw50_ops100_bs2048_zipf_0.4.log
current	aria	2	0.4	50	100	4096	0	27	245.4	12042.6	245.4	/work/miyayu/aria_experiment/results/ycsb_aria_matrix/full_20260312_002912/current_aria_p12_t2_k40000_rw50_ops100_bs4096_zipf_0.4.log
current	aria	2	0.4	80	10	1024	0	27	83420.8	649.6	83420.8	/work/miyayu/aria_experiment/results/ycsb_aria_matrix/full_20260312_002912/current_aria_p12_t2_k40000_rw80_ops10_bs1024_zipf_0.4.log
current	aria	2	0.4	80	10	2048	0	27	80747.8	1377	80747.8	/work/miyayu/aria_experiment/results/ycsb_aria_matrix/full_20260312_002912/current_aria_p12_t2_k40000_rw80_ops10_bs2048_zipf_0.4.log
current	aria	2	0.4	80	10	4096	0	27	77745.5	2945.7	77745.5	/work/miyayu/aria_experiment/results/ycsb_aria_matrix/full_20260312_002912/current_aria_p12_t2_k40000_rw80_ops10_bs4096_zipf_0.4.log
current	aria	2	0.4	80	100	1024	0	27	4150.2	14281.8	4150.2	/work/miyayu/aria_experiment/results/ycsb_aria_matrix/full_20260312_002912/current_aria_p12_t2_k40000_rw80_ops100_bs1024_zipf_0.4.log
current	aria	2	0.4	80	100	2048	0	27	2149.9	16691.7	2149.9	/work/miyayu/aria_experiment/results/ycsb_aria_matrix/full_20260312_002912/current_aria_p12_t2_k40000_rw80_ops100_bs2048_zipf_0.4.log
current	aria	2	0.4	80	100	4096	0	26	1070.9	17770.7	1070.9	/work/miyayu/aria_experiment/results/ycsb_aria_matrix/full_20260312_002912/current_aria_p12_t2_k40000_rw80_ops100_bs4096_zipf_0.4.log
current	aria	2	0.6	50	10	1024	0	27	56279.2	11714.4	56279.2	/work/miyayu/aria_experiment/results/ycsb_aria_matrix/full_20260312_002912/current_aria_p12_t2_k40000_rw50_ops10_bs1024_zipf_0.6.log
current	aria	2	0.6	50	10	2048	0	27	49470.6	17908.6	49470.6	/work/miyayu/aria_experiment/results/ycsb_aria_matrix/full_20260312_002912/current_aria_p12_t2_k40000_rw50_ops10_bs2048_zipf_0.6.log
current	aria	2	0.6	50	10	4096	0	27	39719.7	25816.3	39719.7	/work/miyayu/aria_experiment/results/ycsb_aria_matrix/full_20260312_002912/current_aria_p12_t2_k40000_rw50_ops10_bs4096_zipf_0.6.log
current	aria	2	0.6	50	100	1024	0	26	219.6	12478	219.6	/work/miyayu/aria_experiment/results/ycsb_aria_matrix/full_20260312_002912/current_aria_p12_t2_k40000_rw50_ops100_bs1024_zipf_0.6.log
current	aria	2	0.6	50	100	2048	0	26	112.4	12585.2	112.4	/work/miyayu/aria_experiment/results/ycsb_aria_matrix/full_20260312_002912/current_aria_p12_t2_k40000_rw50_ops100_bs2048_zipf_0.6.log
current	aria	2	0.6	50	100	4096	0	27	56.7	12640.9	56.7	/work/miyayu/aria_experiment/results/ycsb_aria_matrix/full_20260312_002912/current_aria_p12_t2_k40000_rw50_ops100_bs4096_zipf_0.6.log
current	aria	2	0.6	80	10	1024	0	27	81471.9	3724.9	81471.9	/work/miyayu/aria_experiment/results/ycsb_aria_matrix/full_20260312_002912/current_aria_p12_t2_k40000_rw80_ops10_bs1024_zipf_0.6.log
current	aria	2	0.6	80	10	2048	0	27	77618.9	6553.9	77618.9	/work/miyayu/aria_experiment/results/ycsb_aria_matrix/full_20260312_002912/current_aria_p12_t2_k40000_rw80_ops10_bs2048_zipf_0.6.log
current	aria	2	0.6	80	10	4096	0	27	71359.1	10970.5	71359.1	/work/miyayu/aria_experiment/results/ycsb_aria_matrix/full_20260312_002912/current_aria_p12_t2_k40000_rw80_ops10_bs4096_zipf_0.6.log
current	aria	2	0.6	80	100	1024	0	27	1302.9	18255.5	1302.9	/work/miyayu/aria_experiment/results/ycsb_aria_matrix/full_20260312_002912/current_aria_p12_t2_k40000_rw80_ops100_bs1024_zipf_0.6.log
current	aria	2	0.6	80	100	2048	0	26	657.1	18798.9	657.1	/work/miyayu/aria_experiment/results/ycsb_aria_matrix/full_20260312_002912/current_aria_p12_t2_k40000_rw80_ops100_bs2048_zipf_0.6.log
current	aria	2	0.6	80	100	4096	0	27	325.4	19335.4	325.4	/work/miyayu/aria_experiment/results/ycsb_aria_matrix/full_20260312_002912/current_aria_p12_t2_k40000_rw80_ops100_bs4096_zipf_0.6.log
current	aria	2	0.8	50	10	1024	0	27	28175.6	43299.6	28175.6	/work/miyayu/aria_experiment/results/ycsb_aria_matrix/full_20260312_002912/current_aria_p12_t2_k40000_rw50_ops10_bs1024_zipf_0.8.log
current	aria	2	0.8	50	10	2048	0	27	21518.4	49547.2	21518.4	/work/miyayu/aria_experiment/results/ycsb_aria_matrix/full_20260312_002912/current_aria_p12_t2_k40000_rw50_ops10_bs2048_zipf_0.8.log
current	aria	2	0.8	50	10	4096	0	26	15322.6	54309.4	15322.6	/work/miyayu/aria_experiment/results/ycsb_aria_matrix/full_20260312_002912/current_aria_p12_t2_k40000_rw50_ops10_bs4096_zipf_0.8.log
current	aria	2	0.8	50	100	1024	0	26	21.9	13494.9	21.9	/work/miyayu/aria_experiment/results/ycsb_aria_matrix/full_20260312_002912/current_aria_p12_t2_k40000_rw50_ops100_bs1024_zipf_0.8.log
current	aria	2	0.8	50	100	2048	0	27	9.4	13507.4	9.4	/work/miyayu/aria_experiment/results/ycsb_aria_matrix/full_20260312_002912/current_aria_p12_t2_k40000_rw50_ops100_bs2048_zipf_0.8.log
current	aria	2	0.8	50	100	4096	0	27	5.6	13920.8	5.6	/work/miyayu/aria_experiment/results/ycsb_aria_matrix/full_20260312_002912/current_aria_p12_t2_k40000_rw50_ops100_bs4096_zipf_0.8.log
current	aria	2	0.8	80	10	1024	0	27	63751.9	24619.3	63751.9	/work/miyayu/aria_experiment/results/ycsb_aria_matrix/full_20260312_002912/current_aria_p12_t2_k40000_rw80_ops10_bs1024_zipf_0.8.log
current	aria	2	0.8	80	10	2048	0	26	57018.3	30636.1	57018.3	/work/miyayu/aria_experiment/results/ycsb_aria_matrix/full_20260312_002912/current_aria_p12_t2_k40000_rw80_ops10_bs2048_zipf_0.8.log
current	aria	2	0.8	80	10	4096	0	26	49337.6	37088	49337.6	/work/miyayu/aria_experiment/results/ycsb_aria_matrix/full_20260312_002912/current_aria_p12_t2_k40000_rw80_ops10_bs4096_zipf_0.8.log
current	aria	2	0.8	80	100	1024	0	27	137.9	21058.9	137.9	/work/miyayu/aria_experiment/results/ycsb_aria_matrix/full_20260312_002912/current_aria_p12_t2_k40000_rw80_ops100_bs1024_zipf_0.8.log
current	aria	2	0.8	80	100	2048	0	27	68.5	21230.7	68.5	/work/miyayu/aria_experiment/results/ycsb_aria_matrix/full_20260312_002912/current_aria_p12_t2_k40000_rw80_ops100_bs2048_zipf_0.8.log
current	aria	2	0.8	80	100	4096	0	27	37.3	21261.9	37.3	/work/miyayu/aria_experiment/results/ycsb_aria_matrix/full_20260312_002912/current_aria_p12_t2_k40000_rw80_ops100_bs4096_zipf_0.8.log
current	aria	2	0.9	50	10	1024	0	26	13231.7	59062.7	13231.7	/work/miyayu/aria_experiment/results/ycsb_aria_matrix/full_20260312_002912/current_aria_p12_t2_k40000_rw50_ops10_bs1024_zipf_0.9.log
current	aria	2	0.9	50	10	2048	0	27	9556	62124	9556	/work/miyayu/aria_experiment/results/ycsb_aria_matrix/full_20260312_002912/current_aria_p12_t2_k40000_rw50_ops10_bs2048_zipf_0.9.log
current	aria	2	0.9	50	10	4096	0	27	6601.9	63849.3	6601.9	/work/miyayu/aria_experiment/results/ycsb_aria_matrix/full_20260312_002912/current_aria_p12_t2_k40000_rw50_ops10_bs4096_zipf_0.9.log
current	aria	2	0.9	50	100	1024	0	27	14.1	14014.7	14.1	/work/miyayu/aria_experiment/results/ycsb_aria_matrix/full_20260312_002912/current_aria_p12_t2_k40000_rw50_ops100_bs1024_zipf_0.9.log
current	aria	2	0.9	50	100	2048	0	27	7.1	13919.3	7.1	/work/miyayu/aria_experiment/results/ycsb_aria_matrix/full_20260312_002912/current_aria_p12_t2_k40000_rw50_ops100_bs2048_zipf_0.9.log
current	aria	2	0.9	50	100	4096	0	26	3.6	13922.8	3.6	/work/miyayu/aria_experiment/results/ycsb_aria_matrix/full_20260312_002912/current_aria_p12_t2_k40000_rw50_ops100_bs4096_zipf_0.9.log
current	aria	2	0.9	80	10	1024	0	27	47305.1	41680.5	47305.1	/work/miyayu/aria_experiment/results/ycsb_aria_matrix/full_20260312_002912/current_aria_p12_t2_k40000_rw80_ops10_bs1024_zipf_0.9.log
current	aria	2	0.9	80	10	2048	0	27	41543.9	46724.9	41543.9	/work/miyayu/aria_experiment/results/ycsb_aria_matrix/full_20260312_002912/current_aria_p12_t2_k40000_rw80_ops10_bs2048_zipf_0.9.log
current	aria	2	0.9	80	10	4096	0	27	35835.1	51000.1	35835.1	/work/miyayu/aria_experiment/results/ycsb_aria_matrix/full_20260312_002912/current_aria_p12_t2_k40000_rw80_ops10_bs4096_zipf_0.9.log
current	aria	2	0.9	80	100	1024	0	26	46.1	22072.3	46.1	/work/miyayu/aria_experiment/results/ycsb_aria_matrix/full_20260312_002912/current_aria_p12_t2_k40000_rw80_ops100_bs1024_zipf_0.9.log
current	aria	2	0.9	80	100	2048	0	27	23.3	22095.1	23.3	/work/miyayu/aria_experiment/results/ycsb_aria_matrix/full_20260312_002912/current_aria_p12_t2_k40000_rw80_ops100_bs2048_zipf_0.9.log
current	aria	2	0.9	80	100	4096	0	27	12	22516	12	/work/miyayu/aria_experiment/results/ycsb_aria_matrix/full_20260312_002912/current_aria_p12_t2_k40000_rw80_ops100_bs4096_zipf_0.9.log
current	aria	4	0.0	50	10	1024	0	27	187454	5160.2	187454	/work/miyayu/aria_experiment/results/ycsb_aria_matrix/full_20260312_002912/current_aria_p12_t4_k40000_rw50_ops10_bs1024_zipf_0.0.log
current	aria	4	0.0	50	10	2048	0	26	176844	10138.7	176844	/work/miyayu/aria_experiment/results/ycsb_aria_matrix/full_20260312_002912/current_aria_p12_t4_k40000_rw50_ops10_bs2048_zipf_0.0.log
current	aria	4	0.0	50	10	4096	0	27	159518	19476.8	159518	/work/miyayu/aria_experiment/results/ycsb_aria_matrix/full_20260312_002912/current_aria_p12_t4_k40000_rw50_ops10_bs4096_zipf_0.0.log
current	aria	4	0.0	50	100	1024	0	27	3262.7	22542.1	3262.7	/work/miyayu/aria_experiment/results/ycsb_aria_matrix/full_20260312_002912/current_aria_p12_t4_k40000_rw50_ops100_bs1024_zipf_0.0.log
current	aria	4	0.0	50	100	2048	0	26	1632.9	24376.7	1632.9	/work/miyayu/aria_experiment/results/ycsb_aria_matrix/full_20260312_002912/current_aria_p12_t4_k40000_rw50_ops100_bs2048_zipf_0.0.log
current	aria	4	0.0	50	100	4096	0	27	842.1	25781.9	842.1	/work/miyayu/aria_experiment/results/ycsb_aria_matrix/full_20260312_002912/current_aria_p12_t4_k40000_rw50_ops100_bs4096_zipf_0.0.log
current	aria	4	0.0	80	10	1024	0	26	266054	1209.8	266054	/work/miyayu/aria_experiment/results/ycsb_aria_matrix/full_20260312_002912/current_aria_p12_t4_k40000_rw80_ops10_bs1024_zipf_0.0.log
current	aria	4	0.0	80	10	2048	0	27	260632	2536.4	260632	/work/miyayu/aria_experiment/results/ycsb_aria_matrix/full_20260312_002912/current_aria_p12_t4_k40000_rw80_ops10_bs2048_zipf_0.0.log
current	aria	4	0.0	80	10	4096	0	27	248626	5326.3	248626	/work/miyayu/aria_experiment/results/ycsb_aria_matrix/full_20260312_002912/current_aria_p12_t4_k40000_rw80_ops10_bs4096_zipf_0.0.log
current	aria	4	0.0	80	100	1024	0	26	13482.1	26351.5	13482.1	/work/miyayu/aria_experiment/results/ycsb_aria_matrix/full_20260312_002912/current_aria_p12_t4_k40000_rw80_ops100_bs1024_zipf_0.0.log
current	aria	4	0.0	80	100	2048	0	27	7009.5	33131.3	7009.5	/work/miyayu/aria_experiment/results/ycsb_aria_matrix/full_20260312_002912/current_aria_p12_t4_k40000_rw80_ops100_bs2048_zipf_0.0.log
current	aria	4	0.0	80	100	4096	0	27	3534.8	37015.6	3534.8	/work/miyayu/aria_experiment/results/ycsb_aria_matrix/full_20260312_002912/current_aria_p12_t4_k40000_rw80_ops100_bs4096_zipf_0.0.log
current	aria	4	0.2	50	10	1024	0	26	131184	3881.9	131184	/work/miyayu/aria_experiment/results/ycsb_aria_matrix/full_20260312_002912/current_aria_p12_t4_k40000_rw50_ops10_bs1024_zipf_0.2.log
current	aria	4	0.2	50	10	2048	0	27	123900	7581.5	123900	/work/miyayu/aria_experiment/results/ycsb_aria_matrix/full_20260312_002912/current_aria_p12_t4_k40000_rw50_ops10_bs2048_zipf_0.2.log
current	aria	4	0.2	50	10	4096	0	27	112234	14618.1	112234	/work/miyayu/aria_experiment/results/ycsb_aria_matrix/full_20260312_002912/current_aria_p12_t4_k40000_rw50_ops10_bs4096_zipf_0.2.log
current	aria	4	0.2	50	100	1024	0	26	2883.6	21385.2	2883.6	/work/miyayu/aria_experiment/results/ycsb_aria_matrix/full_20260312_002912/current_aria_p12_t4_k40000_rw50_ops100_bs1024_zipf_0.2.log
current	aria	4	0.2	50	100	2048	0	27	1458	22913.2	1458	/work/miyayu/aria_experiment/results/ycsb_aria_matrix/full_20260312_002912/current_aria_p12_t4_k40000_rw50_ops100_bs2048_zipf_0.2.log
current	aria	4	0.2	50	100	4096	0	26	729	23847	729	/work/miyayu/aria_experiment/results/ycsb_aria_matrix/full_20260312_002912/current_aria_p12_t4_k40000_rw50_ops100_bs4096_zipf_0.2.log
current	aria	4	0.2	80	10	1024	0	27	168340	824.3	168340	/work/miyayu/aria_experiment/results/ycsb_aria_matrix/full_20260312_002912/current_aria_p12_t4_k40000_rw80_ops10_bs1024_zipf_0.2.log
current	aria	4	0.2	80	10	2048	0	26	164169	1718.8	164169	/work/miyayu/aria_experiment/results/ycsb_aria_matrix/full_20260312_002912/current_aria_p12_t4_k40000_rw80_ops10_bs2048_zipf_0.2.log
current	aria	4	0.2	80	10	4096	0	26	158167	3625.2	158167	/work/miyayu/aria_experiment/results/ycsb_aria_matrix/full_20260312_002912/current_aria_p12_t4_k40000_rw80_ops10_bs4096_zipf_0.2.log
current	aria	4	0.2	80	100	1024	0	27	11731.6	24722.8	11731.6	/work/miyayu/aria_experiment/results/ycsb_aria_matrix/full_20260312_002912/current_aria_p12_t4_k40000_rw80_ops100_bs1024_zipf_0.2.log
current	aria	4	0.2	80	100	2048	0	26	6065.9	30798.1	6065.9	/work/miyayu/aria_experiment/results/ycsb_aria_matrix/full_20260312_002912/current_aria_p12_t4_k40000_rw80_ops100_bs2048_zipf_0.2.log
current	aria	4	0.2	80	100	4096	0	27	3066.2	34207.4	3066.2	/work/miyayu/aria_experiment/results/ycsb_aria_matrix/full_20260312_002912/current_aria_p12_t4_k40000_rw80_ops100_bs4096_zipf_0.2.log
current	aria	4	0.4	50	10	1024	0	27	129266	6003.9	129266	/work/miyayu/aria_experiment/results/ycsb_aria_matrix/full_20260312_002912/current_aria_p12_t4_k40000_rw50_ops10_bs1024_zipf_0.4.log
current	aria	4	0.4	50	10	2048	0	26	121077	11633.2	121077	/work/miyayu/aria_experiment/results/ycsb_aria_matrix/full_20260312_002912/current_aria_p12_t4_k40000_rw50_ops10_bs2048_zipf_0.4.log
current	aria	4	0.4	50	10	4096	0	27	106673	21532.1	106673	/work/miyayu/aria_experiment/results/ycsb_aria_matrix/full_20260312_002912/current_aria_p12_t4_k40000_rw50_ops10_bs4096_zipf_0.4.log
current	aria	4	0.4	50	100	1024	0	26	1940.2	22635.8	1940.2	/work/miyayu/aria_experiment/results/ycsb_aria_matrix/full_20260312_002912/current_aria_p12_t4_k40000_rw50_ops100_bs1024_zipf_0.4.log
current	aria	4	0.4	50	100	2048	0	27	975.1	23805.7	975.1	/work/miyayu/aria_experiment/results/ycsb_aria_matrix/full_20260312_002912/current_aria_p12_t4_k40000_rw50_ops100_bs2048_zipf_0.4.log
current	aria	4	0.4	50	100	4096	0	27	498.3	24487.3	498.3	/work/miyayu/aria_experiment/results/ycsb_aria_matrix/full_20260312_002912/current_aria_p12_t4_k40000_rw50_ops100_bs4096_zipf_0.4.log
current	aria	4	0.4	80	10	1024	0	26	168546	1335.1	168546	/work/miyayu/aria_experiment/results/ycsb_aria_matrix/full_20260312_002912/current_aria_p12_t4_k40000_rw80_ops10_bs1024_zipf_0.4.log
current	aria	4	0.4	80	10	2048	0	27	163105	2783	163105	/work/miyayu/aria_experiment/results/ycsb_aria_matrix/full_20260312_002912/current_aria_p12_t4_k40000_rw80_ops10_bs2048_zipf_0.4.log
current	aria	4	0.4	80	10	4096	0	27	156724	5886.8	156724	/work/miyayu/aria_experiment/results/ycsb_aria_matrix/full_20260312_002912/current_aria_p12_t4_k40000_rw80_ops10_bs4096_zipf_0.4.log
current	aria	4	0.4	80	100	1024	0	26	8339.1	28627.3	8339.1	/work/miyayu/aria_experiment/results/ycsb_aria_matrix/full_20260312_002912/current_aria_p12_t4_k40000_rw80_ops100_bs1024_zipf_0.4.log
current	aria	4	0.4	80	100	2048	0	27	4265.3	33008.3	4265.3	/work/miyayu/aria_experiment/results/ycsb_aria_matrix/full_20260312_002912/current_aria_p12_t4_k40000_rw80_ops100_bs2048_zipf_0.4.log
current	aria	4	0.4	80	100	4096	0	26	2156.6	35526.6	2156.6	/work/miyayu/aria_experiment/results/ycsb_aria_matrix/full_20260312_002912/current_aria_p12_t4_k40000_rw80_ops100_bs4096_zipf_0.4.log
current	aria	4	0.6	50	10	1024	0	27	114036	23589.2	114036	/work/miyayu/aria_experiment/results/ycsb_aria_matrix/full_20260312_002912/current_aria_p12_t4_k40000_rw50_ops10_bs1024_zipf_0.6.log
current	aria	4	0.6	50	10	2048	0	27	98910.1	36053.1	98910.1	/work/miyayu/aria_experiment/results/ycsb_aria_matrix/full_20260312_002912/current_aria_p12_t4_k40000_rw50_ops10_bs2048_zipf_0.6.log
current	aria	4	0.6	50	10	4096	0	26	80004.5	51886.7	80004.5	/work/miyayu/aria_experiment/results/ycsb_aria_matrix/full_20260312_002912/current_aria_p12_t4_k40000_rw50_ops10_bs4096_zipf_0.6.log
current	aria	4	0.6	50	100	1024	0	27	453.9	24838.9	453.9	/work/miyayu/aria_experiment/results/ycsb_aria_matrix/full_20260312_002912/current_aria_p12_t4_k40000_rw50_ops100_bs1024_zipf_0.6.log
current	aria	4	0.6	50	100	2048	0	26	232.6	25367.4	232.6	/work/miyayu/aria_experiment/results/ycsb_aria_matrix/full_20260312_002912/current_aria_p12_t4_k40000_rw50_ops100_bs2048_zipf_0.6.log
current	aria	4	0.6	50	100	4096	0	27	115.8	25689	115.8	/work/miyayu/aria_experiment/results/ycsb_aria_matrix/full_20260312_002912/current_aria_p12_t4_k40000_rw50_ops100_bs4096_zipf_0.6.log
current	aria	4	0.6	80	10	1024	0	26	164328	7499.6	164328	/work/miyayu/aria_experiment/results/ycsb_aria_matrix/full_20260312_002912/current_aria_p12_t4_k40000_rw80_ops10_bs1024_zipf_0.6.log
current	aria	4	0.6	80	10	2048	0	27	156410	13164.8	156410	/work/miyayu/aria_experiment/results/ycsb_aria_matrix/full_20260312_002912/current_aria_p12_t4_k40000_rw80_ops10_bs2048_zipf_0.6.log
current	aria	4	0.6	80	10	4096	0	27	143468	22010.2	143468	/work/miyayu/aria_experiment/results/ycsb_aria_matrix/full_20260312_002912/current_aria_p12_t4_k40000_rw80_ops10_bs4096_zipf_0.6.log
current	aria	4	0.6	80	100	1024	0	26	2609.1	36302.9	2609.1	/work/miyayu/aria_experiment/results/ycsb_aria_matrix/full_20260312_002912/current_aria_p12_t4_k40000_rw80_ops100_bs1024_zipf_0.6.log
current	aria	4	0.6	80	100	2048	0	27	1309.5	37807.3	1309.5	/work/miyayu/aria_experiment/results/ycsb_aria_matrix/full_20260312_002912/current_aria_p12_t4_k40000_rw80_ops100_bs2048_zipf_0.6.log
current	aria	4	0.6	80	100	4096	0	26	657.5	38664.1	657.5	/work/miyayu/aria_experiment/results/ycsb_aria_matrix/full_20260312_002912/current_aria_p12_t4_k40000_rw80_ops100_bs4096_zipf_0.6.log
current	aria	4	0.8	50	10	1024	0	27	56767.6	87104.4	56767.6	/work/miyayu/aria_experiment/results/ycsb_aria_matrix/full_20260312_002912/current_aria_p12_t4_k40000_rw50_ops10_bs1024_zipf_0.8.log
current	aria	4	0.8	50	10	2048	0	26	43050.2	99080.9	43050.2	/work/miyayu/aria_experiment/results/ycsb_aria_matrix/full_20260312_002912/current_aria_p12_t4_k40000_rw50_ops10_bs2048_zipf_0.8.log
current	aria	4	0.8	50	10	4096	0	27	30703.7	108970	30703.7	/work/miyayu/aria_experiment/results/ycsb_aria_matrix/full_20260312_002912/current_aria_p12_t4_k40000_rw50_ops10_bs4096_zipf_0.8.log
current	aria	4	0.8	50	100	1024	0	26	40.7	26788.1	40.7	/work/miyayu/aria_experiment/results/ycsb_aria_matrix/full_20260312_002912/current_aria_p12_t4_k40000_rw50_ops100_bs1024_zipf_0.8.log
current	aria	4	0.8	50	100	2048	0	26	21.2	26807.6	21.2	/work/miyayu/aria_experiment/results/ycsb_aria_matrix/full_20260312_002912/current_aria_p12_t4_k40000_rw50_ops100_bs2048_zipf_0.8.log
current	aria	4	0.8	50	100	4096	0	27	11.7	27021.9	11.7	/work/miyayu/aria_experiment/results/ycsb_aria_matrix/full_20260312_002912/current_aria_p12_t4_k40000_rw50_ops100_bs4096_zipf_0.8.log
current	aria	4	0.8	80	10	1024	0	26	128681	49392.9	128681	/work/miyayu/aria_experiment/results/ycsb_aria_matrix/full_20260312_002912/current_aria_p12_t4_k40000_rw80_ops10_bs1024_zipf_0.8.log
current	aria	4	0.8	80	10	2048	0	27	114280	61643.6	114280	/work/miyayu/aria_experiment/results/ycsb_aria_matrix/full_20260312_002912/current_aria_p12_t4_k40000_rw80_ops10_bs2048_zipf_0.8.log
current	aria	4	0.8	80	10	4096	0	26	98576.3	73865.3	98576.3	/work/miyayu/aria_experiment/results/ycsb_aria_matrix/full_20260312_002912/current_aria_p12_t4_k40000_rw80_ops10_bs4096_zipf_0.8.log
current	aria	4	0.8	80	100	1024	0	26	263.3	41618.3	263.3	/work/miyayu/aria_experiment/results/ycsb_aria_matrix/full_20260312_002912/current_aria_p12_t4_k40000_rw80_ops100_bs1024_zipf_0.8.log
current	aria	4	0.8	80	100	2048	0	26	131.3	41852.7	131.3	/work/miyayu/aria_experiment/results/ycsb_aria_matrix/full_20260312_002912/current_aria_p12_t4_k40000_rw80_ops100_bs2048_zipf_0.8.log
current	aria	4	0.8	80	100	4096	0	27	69.1	42529.3	69.1	/work/miyayu/aria_experiment/results/ycsb_aria_matrix/full_20260312_002912/current_aria_p12_t4_k40000_rw80_ops100_bs4096_zipf_0.8.log
current	aria	4	0.9	50	10	1024	0	27	26488.3	118305	26488.3	/work/miyayu/aria_experiment/results/ycsb_aria_matrix/full_20260312_002912/current_aria_p12_t4_k40000_rw50_ops10_bs1024_zipf_0.9.log
current	aria	4	0.9	50	10	2048	0	26	19118.6	124446	19118.6	/work/miyayu/aria_experiment/results/ycsb_aria_matrix/full_20260312_002912/current_aria_p12_t4_k40000_rw50_ops10_bs2048_zipf_0.9.log
current	aria	4	0.9	50	10	4096	0	27	13247.1	128065	13247.1	/work/miyayu/aria_experiment/results/ycsb_aria_matrix/full_20260312_002912/current_aria_p12_t4_k40000_rw50_ops10_bs4096_zipf_0.9.log
current	aria	4	0.9	50	100	1024	0	26	27.7	27927.5	27.7	/work/miyayu/aria_experiment/results/ycsb_aria_matrix/full_20260312_002912/current_aria_p12_t4_k40000_rw50_ops100_bs1024_zipf_0.9.log
current	aria	4	0.9	50	100	2048	0	27	14.6	28043	14.6	/work/miyayu/aria_experiment/results/ycsb_aria_matrix/full_20260312_002912/current_aria_p12_t4_k40000_rw50_ops100_bs2048_zipf_0.9.log
current	aria	4	0.9	50	100	4096	0	26	7	28255.4	7	/work/miyayu/aria_experiment/results/ycsb_aria_matrix/full_20260312_002912/current_aria_p12_t4_k40000_rw50_ops100_bs4096_zipf_0.9.log
current	aria	4	0.9	80	10	1024	0	27	94485.5	83383.3	94485.5	/work/miyayu/aria_experiment/results/ycsb_aria_matrix/full_20260312_002912/current_aria_p12_t4_k40000_rw80_ops10_bs1024_zipf_0.9.log
current	aria	4	0.9	80	10	2048	0	26	83130	93407.6	83130	/work/miyayu/aria_experiment/results/ycsb_aria_matrix/full_20260312_002912/current_aria_p12_t4_k40000_rw80_ops10_bs2048_zipf_0.9.log
current	aria	4	0.9	80	10	4096	0	26	71823.1	102257	71823.1	/work/miyayu/aria_experiment/results/ycsb_aria_matrix/full_20260312_002912/current_aria_p12_t4_k40000_rw80_ops10_bs4096_zipf_0.9.log
current	aria	4	0.9	80	100	1024	0	27	93.5	44245.7	93.5	/work/miyayu/aria_experiment/results/ycsb_aria_matrix/full_20260312_002912/current_aria_p12_t4_k40000_rw80_ops100_bs1024_zipf_0.9.log
current	aria	4	0.9	80	100	2048	0	26	44.9	43782.3	44.9	/work/miyayu/aria_experiment/results/ycsb_aria_matrix/full_20260312_002912/current_aria_p12_t4_k40000_rw80_ops100_bs2048_zipf_0.9.log
current	aria	4	0.9	80	100	4096	0	27	22.5	44214.3	22.5	/work/miyayu/aria_experiment/results/ycsb_aria_matrix/full_20260312_002912/current_aria_p12_t4_k40000_rw80_ops100_bs4096_zipf_0.9.log
current	aria	8	0.0	50	10	1024	0	26	386294	10716	386294	/work/miyayu/aria_experiment/results/ycsb_aria_matrix/full_20260312_002912/current_aria_p12_t8_k40000_rw50_ops10_bs1024_zipf_0.0.log
current	aria	8	0.0	50	10	2048	0	27	359685	20628.3	359685	/work/miyayu/aria_experiment/results/ycsb_aria_matrix/full_20260312_002912/current_aria_p12_t8_k40000_rw50_ops10_bs2048_zipf_0.0.log
current	aria	8	0.0	50	10	4096	0	27	321246	39201.8	321246	/work/miyayu/aria_experiment/results/ycsb_aria_matrix/full_20260312_002912/current_aria_p12_t8_k40000_rw50_ops10_bs4096_zipf_0.0.log
current	aria	8	0.0	50	100	1024	0	26	6451.7	44748.3	6451.7	/work/miyayu/aria_experiment/results/ycsb_aria_matrix/full_20260312_002912/current_aria_p12_t8_k40000_rw50_ops100_bs1024_zipf_0.0.log
current	aria	8	0.0	50	100	2048	0	27	3261.9	48347.7	3261.9	/work/miyayu/aria_experiment/results/ycsb_aria_matrix/full_20260312_002912/current_aria_p12_t8_k40000_rw50_ops100_bs2048_zipf_0.0.log
current	aria	8	0.0	50	100	4096	0	26	1643.3	50785.5	1643.3	/work/miyayu/aria_experiment/results/ycsb_aria_matrix/full_20260312_002912/current_aria_p12_t8_k40000_rw50_ops100_bs4096_zipf_0.0.log
current	aria	8	0.0	80	10	1024	0	27	543948	2458.9	543948	/work/miyayu/aria_experiment/results/ycsb_aria_matrix/full_20260312_002912/current_aria_p12_t8_k40000_rw80_ops10_bs1024_zipf_0.0.log
current	aria	8	0.0	80	10	2048	0	27	525995	5051.3	525995	/work/miyayu/aria_experiment/results/ycsb_aria_matrix/full_20260312_002912/current_aria_p12_t8_k40000_rw80_ops10_bs2048_zipf_0.0.log
current	aria	8	0.0	80	10	4096	0	27	491606	10564	491606	/work/miyayu/aria_experiment/results/ycsb_aria_matrix/full_20260312_002912/current_aria_p12_t8_k40000_rw80_ops10_bs4096_zipf_0.0.log
current	aria	8	0.0	80	100	1024	0	27	26667	52181	26667	/work/miyayu/aria_experiment/results/ycsb_aria_matrix/full_20260312_002912/current_aria_p12_t8_k40000_rw80_ops100_bs1024_zipf_0.0.log
current	aria	8	0.0	80	100	2048	0	26	13783.7	65473.9	13783.7	/work/miyayu/aria_experiment/results/ycsb_aria_matrix/full_20260312_002912/current_aria_p12_t8_k40000_rw80_ops100_bs2048_zipf_0.0.log
current	aria	8	0.0	80	100	4096	0	27	7044.6	73646.6	7044.6	/work/miyayu/aria_experiment/results/ycsb_aria_matrix/full_20260312_002912/current_aria_p12_t8_k40000_rw80_ops100_bs4096_zipf_0.0.log
current	aria	8	0.2	50	10	1024	0	26	265656	7854.9	265656	/work/miyayu/aria_experiment/results/ycsb_aria_matrix/full_20260312_002912/current_aria_p12_t8_k40000_rw50_ops10_bs1024_zipf_0.2.log
current	aria	8	0.2	50	10	2048	0	27	250700	15335.2	250700	/work/miyayu/aria_experiment/results/ycsb_aria_matrix/full_20260312_002912/current_aria_p12_t8_k40000_rw50_ops10_bs2048_zipf_0.2.log
current	aria	8	0.2	50	10	4096	0	27	227856	29782.9	227856	/work/miyayu/aria_experiment/results/ycsb_aria_matrix/full_20260312_002912/current_aria_p12_t8_k40000_rw50_ops10_bs4096_zipf_0.2.log
current	aria	8	0.2	50	100	1024	0	26	5746.5	42586.3	5746.5	/work/miyayu/aria_experiment/results/ycsb_aria_matrix/full_20260312_002912/current_aria_p12_t8_k40000_rw50_ops100_bs1024_zipf_0.2.log
current	aria	8	0.2	50	100	2048	0	27	2908.8	45833.6	2908.8	/work/miyayu/aria_experiment/results/ycsb_aria_matrix/full_20260312_002912/current_aria_p12_t8_k40000_rw50_ops100_bs2048_zipf_0.2.log
current	aria	8	0.2	50	100	4096	0	26	1466.7	47685.3	1466.7	/work/miyayu/aria_experiment/results/ycsb_aria_matrix/full_20260312_002912/current_aria_p12_t8_k40000_rw50_ops100_bs4096_zipf_0.2.log
current	aria	8	0.2	80	10	1024	0	27	337889	1669.2	337889	/work/miyayu/aria_experiment/results/ycsb_aria_matrix/full_20260312_002912/current_aria_p12_t8_k40000_rw80_ops10_bs1024_zipf_0.2.log
current	aria	8	0.2	80	10	2048	0	27	330380	3443.7	330380	/work/miyayu/aria_experiment/results/ycsb_aria_matrix/full_20260312_002912/current_aria_p12_t8_k40000_rw80_ops10_bs2048_zipf_0.2.log
current	aria	8	0.2	80	10	4096	0	27	319063	7388.2	319063	/work/miyayu/aria_experiment/results/ycsb_aria_matrix/full_20260312_002912/current_aria_p12_t8_k40000_rw80_ops10_bs4096_zipf_0.2.log
current	aria	8	0.2	80	100	1024	0	26	23290.2	49311.4	23290.2	/work/miyayu/aria_experiment/results/ycsb_aria_matrix/full_20260312_002912/current_aria_p12_t8_k40000_rw80_ops100_bs1024_zipf_0.2.log
current	aria	8	0.2	80	100	2048	0	27	11962.7	61150.9	11962.7	/work/miyayu/aria_experiment/results/ycsb_aria_matrix/full_20260312_002912/current_aria_p12_t8_k40000_rw80_ops100_bs2048_zipf_0.2.log
current	aria	8	0.2	80	100	4096	0	26	6145.6	68202.3	6145.6	/work/miyayu/aria_experiment/results/ycsb_aria_matrix/full_20260312_002912/current_aria_p12_t8_k40000_rw80_ops100_bs4096_zipf_0.2.log
current	aria	8	0.4	50	10	1024	0	27	263483	12279.9	263483	/work/miyayu/aria_experiment/results/ycsb_aria_matrix/full_20260312_002912/current_aria_p12_t8_k40000_rw50_ops10_bs1024_zipf_0.4.log
current	aria	8	0.4	50	10	2048	0	26	243324	23325.8	243324	/work/miyayu/aria_experiment/results/ycsb_aria_matrix/full_20260312_002912/current_aria_p12_t8_k40000_rw50_ops10_bs2048_zipf_0.4.log
current	aria	8	0.4	50	10	4096	0	27	215800	43476.9	215800	/work/miyayu/aria_experiment/results/ycsb_aria_matrix/full_20260312_002912/current_aria_p12_t8_k40000_rw50_ops10_bs4096_zipf_0.4.log
current	aria	8	0.4	50	100	1024	0	27	3907.8	44937	3907.8	/work/miyayu/aria_experiment/results/ycsb_aria_matrix/full_20260312_002912/current_aria_p12_t8_k40000_rw50_ops100_bs1024_zipf_0.4.log
current	aria	8	0.4	50	100	2048	0	26	1955.7	47196.3	1955.7	/work/miyayu/aria_experiment/results/ycsb_aria_matrix/full_20260312_002912/current_aria_p12_t8_k40000_rw50_ops100_bs2048_zipf_0.4.log
current	aria	8	0.4	50	100	4096	0	26	992.5	48978.7	992.5	/work/miyayu/aria_experiment/results/ycsb_aria_matrix/full_20260312_002912/current_aria_p12_t8_k40000_rw50_ops100_bs4096_zipf_0.4.log
current	aria	8	0.4	80	10	1024	0	26	340044	2688.5	340044	/work/miyayu/aria_experiment/results/ycsb_aria_matrix/full_20260312_002912/current_aria_p12_t8_k40000_rw80_ops10_bs1024_zipf_0.4.log
current	aria	8	0.4	80	10	2048	0	27	328674	5559.9	328674	/work/miyayu/aria_experiment/results/ycsb_aria_matrix/full_20260312_002912/current_aria_p12_t8_k40000_rw80_ops10_bs2048_zipf_0.4.log
current	aria	8	0.4	80	10	4096	0	27	314530	11921.2	314530	/work/miyayu/aria_experiment/results/ycsb_aria_matrix/full_20260312_002912/current_aria_p12_t8_k40000_rw80_ops10_bs4096_zipf_0.4.log
current	aria	8	0.4	80	100	1024	0	26	16664.1	57166.3	16664.1	/work/miyayu/aria_experiment/results/ycsb_aria_matrix/full_20260312_002912/current_aria_p12_t8_k40000_rw80_ops100_bs1024_zipf_0.4.log
current	aria	8	0.4	80	100	2048	0	27	8406	65526.8	8406	/work/miyayu/aria_experiment/results/ycsb_aria_matrix/full_20260312_002912/current_aria_p12_t8_k40000_rw80_ops100_bs2048_zipf_0.4.log
current	aria	8	0.4	80	100	4096	0	26	4285.2	71081.2	4285.2	/work/miyayu/aria_experiment/results/ycsb_aria_matrix/full_20260312_002912/current_aria_p12_t8_k40000_rw80_ops100_bs4096_zipf_0.4.log
current	aria	8	0.6	50	10	1024	0	27	231982	48082	231982	/work/miyayu/aria_experiment/results/ycsb_aria_matrix/full_20260312_002912/current_aria_p12_t8_k40000_rw50_ops10_bs1024_zipf_0.6.log
current	aria	8	0.6	50	10	2048	0	27	200523	72885.1	200523	/work/miyayu/aria_experiment/results/ycsb_aria_matrix/full_20260312_002912/current_aria_p12_t8_k40000_rw50_ops10_bs2048_zipf_0.6.log
current	aria	8	0.6	50	10	4096	0	26	160586	104016	160586	/work/miyayu/aria_experiment/results/ycsb_aria_matrix/full_20260312_002912/current_aria_p12_t8_k40000_rw50_ops10_bs4096_zipf_0.6.log
current	aria	8	0.6	50	100	1024	0	27	904.4	49578.8	904.4	/work/miyayu/aria_experiment/results/ycsb_aria_matrix/full_20260312_002912/current_aria_p12_t8_k40000_rw50_ops100_bs1024_zipf_0.6.log
current	aria	8	0.6	50	100	2048	0	26	457.1	50333.3	457.1	/work/miyayu/aria_experiment/results/ycsb_aria_matrix/full_20260312_002912/current_aria_p12_t8_k40000_rw50_ops100_bs2048_zipf_0.6.log
current	aria	8	0.6	50	100	4096	0	27	227.7	50972.3	227.7	/work/miyayu/aria_experiment/results/ycsb_aria_matrix/full_20260312_002912/current_aria_p12_t8_k40000_rw50_ops100_bs4096_zipf_0.6.log
current	aria	8	0.6	80	10	1024	0	26	331620	15208.9	331620	/work/miyayu/aria_experiment/results/ycsb_aria_matrix/full_20260312_002912/current_aria_p12_t8_k40000_rw80_ops10_bs1024_zipf_0.6.log
current	aria	8	0.6	80	10	2048	0	27	313030	26528.2	313030	/work/miyayu/aria_experiment/results/ycsb_aria_matrix/full_20260312_002912/current_aria_p12_t8_k40000_rw80_ops10_bs2048_zipf_0.6.log
current	aria	8	0.6	80	10	4096	0	27	286982	43975	286982	/work/miyayu/aria_experiment/results/ycsb_aria_matrix/full_20260312_002912/current_aria_p12_t8_k40000_rw80_ops10_bs4096_zipf_0.6.log
current	aria	8	0.6	80	100	1024	0	26	5185.9	72433.3	5185.9	/work/miyayu/aria_experiment/results/ycsb_aria_matrix/full_20260312_002912/current_aria_p12_t8_k40000_rw80_ops100_bs1024_zipf_0.6.log
current	aria	8	0.6	80	100	2048	0	27	2604.9	75014.3	2604.9	/work/miyayu/aria_experiment/results/ycsb_aria_matrix/full_20260312_002912/current_aria_p12_t8_k40000_rw80_ops100_bs2048_zipf_0.6.log
current	aria	8	0.6	80	100	4096	0	26	1323.5	77319.7	1323.5	/work/miyayu/aria_experiment/results/ycsb_aria_matrix/full_20260312_002912/current_aria_p12_t8_k40000_rw80_ops100_bs4096_zipf_0.6.log
current	aria	8	0.8	50	10	1024	0	27	114368	175322	114368	/work/miyayu/aria_experiment/results/ycsb_aria_matrix/full_20260312_002912/current_aria_p12_t8_k40000_rw50_ops10_bs1024_zipf_0.8.log
current	aria	8	0.8	50	10	2048	0	26	86548.9	199352	86548.9	/work/miyayu/aria_experiment/results/ycsb_aria_matrix/full_20260312_002912/current_aria_p12_t8_k40000_rw50_ops10_bs2048_zipf_0.8.log
current	aria	8	0.8	50	10	4096	0	27	61672.2	218494	61672.2	/work/miyayu/aria_experiment/results/ycsb_aria_matrix/full_20260312_002912/current_aria_p12_t8_k40000_rw50_ops10_bs4096_zipf_0.8.log
current	aria	8	0.8	50	100	1024	0	26	84.2	53573.4	84.2	/work/miyayu/aria_experiment/results/ycsb_aria_matrix/full_20260312_002912/current_aria_p12_t8_k40000_rw50_ops100_bs1024_zipf_0.8.log
current	aria	8	0.8	50	100	2048	0	27	41	53616.6	41	/work/miyayu/aria_experiment/results/ycsb_aria_matrix/full_20260312_002912/current_aria_p12_t8_k40000_rw50_ops100_bs2048_zipf_0.8.log
current	aria	8	0.8	50	100	4096	0	26	20.9	54046.3	20.9	/work/miyayu/aria_experiment/results/ycsb_aria_matrix/full_20260312_002912/current_aria_p12_t8_k40000_rw50_ops100_bs4096_zipf_0.8.log
current	aria	8	0.8	80	10	1024	0	27	257664	98892.5	257664	/work/miyayu/aria_experiment/results/ycsb_aria_matrix/full_20260312_002912/current_aria_p12_t8_k40000_rw80_ops10_bs1024_zipf_0.8.log
current	aria	8	0.8	80	10	2048	0	27	229245	123625	229245	/work/miyayu/aria_experiment/results/ycsb_aria_matrix/full_20260312_002912/current_aria_p12_t8_k40000_rw80_ops10_bs2048_zipf_0.8.log
current	aria	8	0.8	80	10	4096	0	26	197713	147989	197713	/work/miyayu/aria_experiment/results/ycsb_aria_matrix/full_20260312_002912/current_aria_p12_t8_k40000_rw80_ops10_bs4096_zipf_0.8.log
current	aria	8	0.8	80	100	1024	0	27	526.6	83646.2	526.6	/work/miyayu/aria_experiment/results/ycsb_aria_matrix/full_20260312_002912/current_aria_p12_t8_k40000_rw80_ops100_bs1024_zipf_0.8.log
current	aria	8	0.8	80	100	2048	0	26	270.3	83288.1	270.3	/work/miyayu/aria_experiment/results/ycsb_aria_matrix/full_20260312_002912/current_aria_p12_t8_k40000_rw80_ops100_bs2048_zipf_0.8.log
current	aria	8	0.8	80	100	4096	0	27	137.8	84239.8	137.8	/work/miyayu/aria_experiment/results/ycsb_aria_matrix/full_20260312_002912/current_aria_p12_t8_k40000_rw80_ops100_bs4096_zipf_0.8.log
current	aria	8	0.9	50	10	1024	0	26	53560.9	238177	53560.9	/work/miyayu/aria_experiment/results/ycsb_aria_matrix/full_20260312_002912/current_aria_p12_t8_k40000_rw50_ops10_bs1024_zipf_0.9.log
current	aria	8	0.9	50	10	2048	0	26	38429.7	250134	38429.7	/work/miyayu/aria_experiment/results/ycsb_aria_matrix/full_20260312_002912/current_aria_p12_t8_k40000_rw50_ops10_bs2048_zipf_0.9.log
current	aria	8	0.9	50	10	4096	0	27	26669.9	257183	26669.9	/work/miyayu/aria_experiment/results/ycsb_aria_matrix/full_20260312_002912/current_aria_p12_t8_k40000_rw50_ops10_bs4096_zipf_0.9.log
current	aria	8	0.9	50	100	1024	0	26	56.7	55546.5	56.7	/work/miyayu/aria_experiment/results/ycsb_aria_matrix/full_20260312_002912/current_aria_p12_t8_k40000_rw50_ops100_bs1024_zipf_0.9.log
current	aria	8	0.9	50	100	2048	0	27	28.4	55472.4	28.4	/work/miyayu/aria_experiment/results/ycsb_aria_matrix/full_20260312_002912/current_aria_p12_t8_k40000_rw50_ops100_bs2048_zipf_0.9.log
current	aria	8	0.9	50	100	4096	0	26	14.4	56510.4	14.4	/work/miyayu/aria_experiment/results/ycsb_aria_matrix/full_20260312_002912/current_aria_p12_t8_k40000_rw50_ops100_bs4096_zipf_0.9.log
current	aria	8	0.9	80	10	1024	0	27	189522	166933	189522	/work/miyayu/aria_experiment/results/ycsb_aria_matrix/full_20260312_002912/current_aria_p12_t8_k40000_rw80_ops10_bs1024_zipf_0.9.log
current	aria	8	0.9	80	10	2048	0	26	166721	187788	166721	/work/miyayu/aria_experiment/results/ycsb_aria_matrix/full_20260312_002912/current_aria_p12_t8_k40000_rw80_ops10_bs2048_zipf_0.9.log
current	aria	8	0.9	80	10	4096	0	26	143597	204563	143597	/work/miyayu/aria_experiment/results/ycsb_aria_matrix/full_20260312_002912/current_aria_p12_t8_k40000_rw80_ops10_bs4096_zipf_0.9.log
current	aria	8	0.9	80	100	1024	0	26	184.1	88084.7	184.1	/work/miyayu/aria_experiment/results/ycsb_aria_matrix/full_20260312_002912/current_aria_p12_t8_k40000_rw80_ops100_bs1024_zipf_0.9.log
current	aria	8	0.9	80	100	2048	0	26	91.4	86948.6	91.4	/work/miyayu/aria_experiment/results/ycsb_aria_matrix/full_20260312_002912/current_aria_p12_t8_k40000_rw80_ops100_bs2048_zipf_0.9.log
current	aria	8	0.9	80	100	4096	0	26	46.2	88427.4	46.2	/work/miyayu/aria_experiment/results/ycsb_aria_matrix/full_20260312_002912/current_aria_p12_t8_k40000_rw80_ops100_bs4096_zipf_0.9.log
current	aria	16	0.0	50	10	1024	0	27	719631	19901.5	719631	/work/miyayu/aria_experiment/results/ycsb_aria_matrix/full_20260312_002912/current_aria_p12_t16_k40000_rw50_ops10_bs1024_zipf_0.0.log
current	aria	16	0.0	50	10	2048	0	27	685006	39372	685006	/work/miyayu/aria_experiment/results/ycsb_aria_matrix/full_20260312_002912/current_aria_p12_t16_k40000_rw50_ops10_bs2048_zipf_0.0.log
current	aria	16	0.0	50	10	4096	0	27	627961	76630.6	627961	/work/miyayu/aria_experiment/results/ycsb_aria_matrix/full_20260312_002912/current_aria_p12_t16_k40000_rw50_ops10_bs4096_zipf_0.0.log
current	aria	16	0.0	50	100	1024	0	26	12439.1	85864.9	12439.1	/work/miyayu/aria_experiment/results/ycsb_aria_matrix/full_20260312_002912/current_aria_p12_t16_k40000_rw50_ops100_bs1024_zipf_0.0.log
current	aria	16	0.0	50	100	2048	0	26	6110.6	91169.4	6110.6	/work/miyayu/aria_experiment/results/ycsb_aria_matrix/full_20260312_002912/current_aria_p12_t16_k40000_rw50_ops100_bs2048_zipf_0.0.log
current	aria	16	0.0	50	100	4096	0	27	2958.3	90840.1	2958.3	/work/miyayu/aria_experiment/results/ycsb_aria_matrix/full_20260312_002912/current_aria_p12_t16_k40000_rw50_ops100_bs4096_zipf_0.0.log
current	aria	16	0.0	80	10	1024	0	27	996556	4506.6	996556	/work/miyayu/aria_experiment/results/ycsb_aria_matrix/full_20260312_002912/current_aria_p12_t16_k40000_rw80_ops10_bs1024_zipf_0.0.log
current	aria	16	0.0	80	10	2048	0	27	974018	9431.9	974018	/work/miyayu/aria_experiment/results/ycsb_aria_matrix/full_20260312_002912/current_aria_p12_t16_k40000_rw80_ops10_bs2048_zipf_0.0.log
current	aria	16	0.0	80	10	4096	0	28	948727	20386.2	948727	/work/miyayu/aria_experiment/results/ycsb_aria_matrix/full_20260312_002912/current_aria_p12_t16_k40000_rw80_ops10_bs4096_zipf_0.0.log
current	aria	16	0.0	80	100	1024	0	26	49892.5	97276.6	49892.5	/work/miyayu/aria_experiment/results/ycsb_aria_matrix/full_20260312_002912/current_aria_p12_t16_k40000_rw80_ops100_bs1024_zipf_0.0.log
current	aria	16	0.0	80	100	2048	0	26	25143.5	119445	25143.5	/work/miyayu/aria_experiment/results/ycsb_aria_matrix/full_20260312_002912/current_aria_p12_t16_k40000_rw80_ops100_bs2048_zipf_0.0.log
current	aria	16	0.0	80	100	4096	0	26	12278.7	128624	12278.7	/work/miyayu/aria_experiment/results/ycsb_aria_matrix/full_20260312_002912/current_aria_p12_t16_k40000_rw80_ops100_bs4096_zipf_0.0.log
current	aria	16	0.2	50	10	1024	0	27	502619	14807.8	502619	/work/miyayu/aria_experiment/results/ycsb_aria_matrix/full_20260312_002912/current_aria_p12_t16_k40000_rw50_ops10_bs1024_zipf_0.2.log
current	aria	16	0.2	50	10	2048	0	27	480812	29549.4	480812	/work/miyayu/aria_experiment/results/ycsb_aria_matrix/full_20260312_002912/current_aria_p12_t16_k40000_rw50_ops10_bs2048_zipf_0.2.log
current	aria	16	0.2	50	10	4096	0	27	443364	57968.5	443364	/work/miyayu/aria_experiment/results/ycsb_aria_matrix/full_20260312_002912/current_aria_p12_t16_k40000_rw50_ops10_bs4096_zipf_0.2.log
current	aria	16	0.2	50	100	1024	0	26	11112.1	82291.4	11112.1	/work/miyayu/aria_experiment/results/ycsb_aria_matrix/full_20260312_002912/current_aria_p12_t16_k40000_rw50_ops100_bs1024_zipf_0.2.log
current	aria	16	0.2	50	100	2048	0	26	5431.3	86523.9	5431.3	/work/miyayu/aria_experiment/results/ycsb_aria_matrix/full_20260312_002912/current_aria_p12_t16_k40000_rw50_ops100_bs2048_zipf_0.2.log
current	aria	16	0.2	50	100	4096	0	27	2662.2	86630.6	2662.2	/work/miyayu/aria_experiment/results/ycsb_aria_matrix/full_20260312_002912/current_aria_p12_t16_k40000_rw50_ops100_bs4096_zipf_0.2.log
current	aria	16	0.2	80	10	1024	0	27	642916	3128.9	642916	/work/miyayu/aria_experiment/results/ycsb_aria_matrix/full_20260312_002912/current_aria_p12_t16_k40000_rw80_ops10_bs1024_zipf_0.2.log
current	aria	16	0.2	80	10	2048	0	27	628362	6518.5	628362	/work/miyayu/aria_experiment/results/ycsb_aria_matrix/full_20260312_002912/current_aria_p12_t16_k40000_rw80_ops10_bs2048_zipf_0.2.log
current	aria	16	0.2	80	10	4096	0	27	611731	14137.7	611731	/work/miyayu/aria_experiment/results/ycsb_aria_matrix/full_20260312_002912/current_aria_p12_t16_k40000_rw80_ops10_bs4096_zipf_0.2.log
current	aria	16	0.2	80	100	1024	0	27	43495.4	91979.8	43495.4	/work/miyayu/aria_experiment/results/ycsb_aria_matrix/full_20260312_002912/current_aria_p12_t16_k40000_rw80_ops100_bs1024_zipf_0.2.log
current	aria	16	0.2	80	100	2048	0	26	21835	111285	21835	/work/miyayu/aria_experiment/results/ycsb_aria_matrix/full_20260312_002912/current_aria_p12_t16_k40000_rw80_ops100_bs2048_zipf_0.2.log
current	aria	16	0.2	80	100	4096	0	26	10541.3	118483	10541.3	/work/miyayu/aria_experiment/results/ycsb_aria_matrix/full_20260312_002912/current_aria_p12_t16_k40000_rw80_ops100_bs4096_zipf_0.2.log
current	aria	16	0.4	50	10	1024	0	27	492745	22941.6	492745	/work/miyayu/aria_experiment/results/ycsb_aria_matrix/full_20260312_002912/current_aria_p12_t16_k40000_rw50_ops10_bs1024_zipf_0.4.log
current	aria	16	0.4	50	10	2048	0	27	467391	44813.7	467391	/work/miyayu/aria_experiment/results/ycsb_aria_matrix/full_20260312_002912/current_aria_p12_t16_k40000_rw50_ops10_bs2048_zipf_0.4.log
current	aria	16	0.4	50	10	4096	0	27	419284	84524.3	419284	/work/miyayu/aria_experiment/results/ycsb_aria_matrix/full_20260312_002912/current_aria_p12_t16_k40000_rw50_ops10_bs4096_zipf_0.4.log
current	aria	16	0.4	50	100	1024	0	26	7495	86610.6	7495	/work/miyayu/aria_experiment/results/ycsb_aria_matrix/full_20260312_002912/current_aria_p12_t16_k40000_rw50_ops100_bs1024_zipf_0.4.log
current	aria	16	0.4	50	100	2048	0	27	3671.6	89102.8	3671.6	/work/miyayu/aria_experiment/results/ycsb_aria_matrix/full_20260312_002912/current_aria_p12_t16_k40000_rw50_ops100_bs2048_zipf_0.4.log
current	aria	16	0.4	50	100	4096	0	26	1787.6	88324.4	1787.6	/work/miyayu/aria_experiment/results/ycsb_aria_matrix/full_20260312_002912/current_aria_p12_t16_k40000_rw50_ops100_bs4096_zipf_0.4.log
current	aria	16	0.4	80	10	1024	0	27	631414	5001.7	631414	/work/miyayu/aria_experiment/results/ycsb_aria_matrix/full_20260312_002912/current_aria_p12_t16_k40000_rw80_ops10_bs1024_zipf_0.4.log
current	aria	16	0.4	80	10	2048	0	27	621658	10560	621658	/work/miyayu/aria_experiment/results/ycsb_aria_matrix/full_20260312_002912/current_aria_p12_t16_k40000_rw80_ops10_bs2048_zipf_0.4.log
current	aria	16	0.4	80	10	4096	0	27	598782	22581.2	598782	/work/miyayu/aria_experiment/results/ycsb_aria_matrix/full_20260312_002912/current_aria_p12_t16_k40000_rw80_ops10_bs4096_zipf_0.4.log
current	aria	16	0.4	80	100	1024	0	27	30903.1	106210	30903.1	/work/miyayu/aria_experiment/results/ycsb_aria_matrix/full_20260312_002912/current_aria_p12_t16_k40000_rw80_ops100_bs1024_zipf_0.4.log
current	aria	16	0.4	80	100	2048	0	26	15381	119377	15381	/work/miyayu/aria_experiment/results/ycsb_aria_matrix/full_20260312_002912/current_aria_p12_t16_k40000_rw80_ops100_bs2048_zipf_0.4.log
current	aria	16	0.4	80	100	4096	0	27	7525.4	124775	7525.4	/work/miyayu/aria_experiment/results/ycsb_aria_matrix/full_20260312_002912/current_aria_p12_t16_k40000_rw80_ops100_bs4096_zipf_0.4.log
current	aria	16	0.6	50	10	1024	0	26	432722	89518.2	432722	/work/miyayu/aria_experiment/results/ycsb_aria_matrix/full_20260312_002912/current_aria_p12_t16_k40000_rw50_ops10_bs1024_zipf_0.6.log
current	aria	16	0.6	50	10	2048	0	27	384640	139853	384640	/work/miyayu/aria_experiment/results/ycsb_aria_matrix/full_20260312_002912/current_aria_p12_t16_k40000_rw50_ops10_bs2048_zipf_0.6.log
current	aria	16	0.6	50	10	4096	0	27	314137	203598	314137	/work/miyayu/aria_experiment/results/ycsb_aria_matrix/full_20260312_002912/current_aria_p12_t16_k40000_rw50_ops10_bs4096_zipf_0.6.log
current	aria	16	0.6	50	100	1024	0	26	1730.9	95037.1	1730.9	/work/miyayu/aria_experiment/results/ycsb_aria_matrix/full_20260312_002912/current_aria_p12_t16_k40000_rw50_ops100_bs1024_zipf_0.6.log
current	aria	16	0.6	50	100	2048	0	27	854.9	94377.1	854.9	/work/miyayu/aria_experiment/results/ycsb_aria_matrix/full_20260312_002912/current_aria_p12_t16_k40000_rw50_ops100_bs2048_zipf_0.6.log
current	aria	16	0.6	50	100	4096	0	26	416.6	92562.6	416.6	/work/miyayu/aria_experiment/results/ycsb_aria_matrix/full_20260312_002912/current_aria_p12_t16_k40000_rw50_ops100_bs4096_zipf_0.6.log
current	aria	16	0.6	80	10	1024	0	27	612775	28044	612775	/work/miyayu/aria_experiment/results/ycsb_aria_matrix/full_20260312_002912/current_aria_p12_t16_k40000_rw80_ops10_bs1024_zipf_0.6.log
current	aria	16	0.6	80	10	2048	0	27	588211	49536.3	588211	/work/miyayu/aria_experiment/results/ycsb_aria_matrix/full_20260312_002912/current_aria_p12_t16_k40000_rw80_ops10_bs2048_zipf_0.6.log
current	aria	16	0.6	80	10	4096	0	27	548287	84130.4	548287	/work/miyayu/aria_experiment/results/ycsb_aria_matrix/full_20260312_002912/current_aria_p12_t16_k40000_rw80_ops10_bs4096_zipf_0.6.log
current	aria	16	0.6	80	100	1024	0	27	9481.9	132854	9481.9	/work/miyayu/aria_experiment/results/ycsb_aria_matrix/full_20260312_002912/current_aria_p12_t16_k40000_rw80_ops100_bs1024_zipf_0.6.log
current	aria	16	0.6	80	100	2048	0	26	4688.9	135804	4688.9	/work/miyayu/aria_experiment/results/ycsb_aria_matrix/full_20260312_002912/current_aria_p12_t16_k40000_rw80_ops100_bs2048_zipf_0.6.log
current	aria	16	0.6	80	100	4096	0	26	2313.6	135312	2313.6	/work/miyayu/aria_experiment/results/ycsb_aria_matrix/full_20260312_002912/current_aria_p12_t16_k40000_rw80_ops100_bs4096_zipf_0.6.log
current	aria	16	0.8	50	10	1024	0	27	212973	326471	212973	/work/miyayu/aria_experiment/results/ycsb_aria_matrix/full_20260312_002912/current_aria_p12_t16_k40000_rw50_ops10_bs1024_zipf_0.8.log
current	aria	16	0.8	50	10	2048	0	26	162754	375256	162754	/work/miyayu/aria_experiment/results/ycsb_aria_matrix/full_20260312_002912/current_aria_p12_t16_k40000_rw50_ops10_bs2048_zipf_0.8.log
current	aria	16	0.8	50	10	4096	0	27	117967	417790	117967	/work/miyayu/aria_experiment/results/ycsb_aria_matrix/full_20260312_002912/current_aria_p12_t16_k40000_rw50_ops10_bs4096_zipf_0.8.log
current	aria	16	0.8	50	100	1024	0	26	157.1	101116	157.1	/work/miyayu/aria_experiment/results/ycsb_aria_matrix/full_20260312_002912/current_aria_p12_t16_k40000_rw50_ops100_bs1024_zipf_0.8.log
current	aria	16	0.8	50	100	2048	0	27	77.9	100479	77.9	/work/miyayu/aria_experiment/results/ycsb_aria_matrix/full_20260312_002912/current_aria_p12_t16_k40000_rw50_ops100_bs2048_zipf_0.8.log
current	aria	16	0.8	50	100	4096	0	26	38.6	99494.2	38.6	/work/miyayu/aria_experiment/results/ycsb_aria_matrix/full_20260312_002912/current_aria_p12_t16_k40000_rw50_ops100_bs4096_zipf_0.8.log
current	aria	16	0.8	80	10	1024	0	27	473941	182034	473941	/work/miyayu/aria_experiment/results/ycsb_aria_matrix/full_20260312_002912/current_aria_p12_t16_k40000_rw80_ops10_bs1024_zipf_0.8.log
current	aria	16	0.8	80	10	2048	0	27	425505	229855	425505	/work/miyayu/aria_experiment/results/ycsb_aria_matrix/full_20260312_002912/current_aria_p12_t16_k40000_rw80_ops10_bs2048_zipf_0.8.log
current	aria	16	0.8	80	10	4096	0	26	373117	279821	373117	/work/miyayu/aria_experiment/results/ycsb_aria_matrix/full_20260312_002912/current_aria_p12_t16_k40000_rw80_ops10_bs4096_zipf_0.8.log
current	aria	16	0.8	80	100	1024	0	27	959.5	151924	959.5	/work/miyayu/aria_experiment/results/ycsb_aria_matrix/full_20260312_002912/current_aria_p12_t16_k40000_rw80_ops100_bs1024_zipf_0.8.log
current	aria	16	0.8	80	100	2048	0	26	478.4	151074	478.4	/work/miyayu/aria_experiment/results/ycsb_aria_matrix/full_20260312_002912/current_aria_p12_t16_k40000_rw80_ops100_bs2048_zipf_0.8.log
current	aria	16	0.8	80	100	4096	0	27	237.2	149267	237.2	/work/miyayu/aria_experiment/results/ycsb_aria_matrix/full_20260312_002912/current_aria_p12_t16_k40000_rw80_ops100_bs4096_zipf_0.8.log
current	aria	16	0.9	50	10	1024	0	26	99016.4	441348	99016.4	/work/miyayu/aria_experiment/results/ycsb_aria_matrix/full_20260312_002912/current_aria_p12_t16_k40000_rw50_ops10_bs1024_zipf_0.9.log
current	aria	16	0.9	50	10	2048	0	26	72030.5	469256	72030.5	/work/miyayu/aria_experiment/results/ycsb_aria_matrix/full_20260312_002912/current_aria_p12_t16_k40000_rw50_ops10_bs2048_zipf_0.9.log
current	aria	16	0.9	50	10	4096	0	27	50738.8	489933	50738.8	/work/miyayu/aria_experiment/results/ycsb_aria_matrix/full_20260312_002912/current_aria_p12_t16_k40000_rw50_ops10_bs4096_zipf_0.9.log
current	aria	16	0.9	50	100	1024	0	26	105.7	104547	105.7	/work/miyayu/aria_experiment/results/ycsb_aria_matrix/full_20260312_002912/current_aria_p12_t16_k40000_rw50_ops100_bs1024_zipf_0.9.log
current	aria	16	0.9	50	100	2048	0	26	53.1	104190	53.1	/work/miyayu/aria_experiment/results/ycsb_aria_matrix/full_20260312_002912/current_aria_p12_t16_k40000_rw50_ops100_bs2048_zipf_0.9.log
current	aria	16	0.9	50	100	4096	0	27	26.3	102783	26.3	/work/miyayu/aria_experiment/results/ycsb_aria_matrix/full_20260312_002912/current_aria_p12_t16_k40000_rw50_ops100_bs4096_zipf_0.9.log
current	aria	16	0.9	80	10	1024	0	27	349994	308028	349994	/work/miyayu/aria_experiment/results/ycsb_aria_matrix/full_20260312_002912/current_aria_p12_t16_k40000_rw80_ops10_bs1024_zipf_0.9.log
current	aria	16	0.9	80	10	2048	0	26	309765	349282	309765	/work/miyayu/aria_experiment/results/ycsb_aria_matrix/full_20260312_002912/current_aria_p12_t16_k40000_rw80_ops10_bs2048_zipf_0.9.log
current	aria	16	0.9	80	10	4096	0	27	270635	386364	270635	/work/miyayu/aria_experiment/results/ycsb_aria_matrix/full_20260312_002912/current_aria_p12_t16_k40000_rw80_ops10_bs4096_zipf_0.9.log
current	aria	16	0.9	80	100	1024	0	26	329.8	158595	329.8	/work/miyayu/aria_experiment/results/ycsb_aria_matrix/full_20260312_002912/current_aria_p12_t16_k40000_rw80_ops100_bs1024_zipf_0.9.log
current	aria	16	0.9	80	100	2048	0	26	167.2	158348	167.2	/work/miyayu/aria_experiment/results/ycsb_aria_matrix/full_20260312_002912/current_aria_p12_t16_k40000_rw80_ops100_bs2048_zipf_0.9.log
current	aria	16	0.9	80	100	4096	0	26	84.3	156792	84.3	/work/miyayu/aria_experiment/results/ycsb_aria_matrix/full_20260312_002912/current_aria_p12_t16_k40000_rw80_ops100_bs4096_zipf_0.9.log
current	aria	32	0.0	50	10	1024	0	27	770205	21244.2	770205	/work/miyayu/aria_experiment/results/ycsb_aria_matrix/full_20260312_002912/current_aria_p12_t32_k40000_rw50_ops10_bs1024_zipf_0.0.log
current	aria	32	0.0	50	10	2048	0	27	734348	42054.6	734348	/work/miyayu/aria_experiment/results/ycsb_aria_matrix/full_20260312_002912/current_aria_p12_t32_k40000_rw50_ops10_bs2048_zipf_0.0.log
current	aria	32	0.0	50	10	4096	0	27	687490	83787.3	687490	/work/miyayu/aria_experiment/results/ycsb_aria_matrix/full_20260312_002912/current_aria_p12_t32_k40000_rw50_ops10_bs4096_zipf_0.0.log
current	aria	32	0.0	50	100	1024	0	26	13685.9	94653.3	13685.9	/work/miyayu/aria_experiment/results/ycsb_aria_matrix/full_20260312_002912/current_aria_p12_t32_k40000_rw50_ops100_bs1024_zipf_0.0.log
current	aria	32	0.0	50	100	2048	0	26	6438.6	95347	6438.6	/work/miyayu/aria_experiment/results/ycsb_aria_matrix/full_20260312_002912/current_aria_p12_t32_k40000_rw50_ops100_bs2048_zipf_0.0.log
current	aria	32	0.0	50	100	4096	0	27	3203.5	97967.7	3203.5	/work/miyayu/aria_experiment/results/ycsb_aria_matrix/full_20260312_002912/current_aria_p12_t32_k40000_rw50_ops100_bs4096_zipf_0.0.log
current	aria	32	0.0	80	10	1024	0	27	1.08945	NA	1.08945	/work/miyayu/aria_experiment/results/ycsb_aria_matrix/full_20260312_002912/current_aria_p12_t32_k40000_rw80_ops10_bs1024_zipf_0.0.log
current	aria	32	0.0	80	10	2048	0	28	1.09189	NA	1.09189	/work/miyayu/aria_experiment/results/ycsb_aria_matrix/full_20260312_002912/current_aria_p12_t32_k40000_rw80_ops10_bs2048_zipf_0.0.log
current	aria	32	0.0	80	10	4096	0	27	1.04935	NA	1.04935	/work/miyayu/aria_experiment/results/ycsb_aria_matrix/full_20260312_002912/current_aria_p12_t32_k40000_rw80_ops10_bs4096_zipf_0.0.log
current	aria	32	0.0	80	100	1024	0	27	57854.6	112539	57854.6	/work/miyayu/aria_experiment/results/ycsb_aria_matrix/full_20260312_002912/current_aria_p12_t32_k40000_rw80_ops100_bs1024_zipf_0.0.log
current	aria	32	0.0	80	100	2048	0	26	28226	134180	28226	/work/miyayu/aria_experiment/results/ycsb_aria_matrix/full_20260312_002912/current_aria_p12_t32_k40000_rw80_ops100_bs2048_zipf_0.0.log
current	aria	32	0.0	80	100	4096	0	26	13848.8	145076	13848.8	/work/miyayu/aria_experiment/results/ycsb_aria_matrix/full_20260312_002912/current_aria_p12_t32_k40000_rw80_ops100_bs4096_zipf_0.0.log
current	aria	32	0.2	50	10	1024	0	27	577183	17044.3	577183	/work/miyayu/aria_experiment/results/ycsb_aria_matrix/full_20260312_002912/current_aria_p12_t32_k40000_rw50_ops10_bs1024_zipf_0.2.log
current	aria	32	0.2	50	10	2048	0	27	556581	34061.9	556581	/work/miyayu/aria_experiment/results/ycsb_aria_matrix/full_20260312_002912/current_aria_p12_t32_k40000_rw50_ops10_bs2048_zipf_0.2.log
current	aria	32	0.2	50	10	4096	0	27	514757	67285	514757	/work/miyayu/aria_experiment/results/ycsb_aria_matrix/full_20260312_002912/current_aria_p12_t32_k40000_rw50_ops10_bs4096_zipf_0.2.log
current	aria	32	0.2	50	100	1024	0	27	12235.2	90881.6	12235.2	/work/miyayu/aria_experiment/results/ycsb_aria_matrix/full_20260312_002912/current_aria_p12_t32_k40000_rw50_ops100_bs1024_zipf_0.2.log
current	aria	32	0.2	50	100	2048	0	26	5782.2	91497.8	5782.2	/work/miyayu/aria_experiment/results/ycsb_aria_matrix/full_20260312_002912/current_aria_p12_t32_k40000_rw50_ops100_bs2048_zipf_0.2.log
current	aria	32	0.2	50	100	4096	0	27	2866.1	93799.5	2866.1	/work/miyayu/aria_experiment/results/ycsb_aria_matrix/full_20260312_002912/current_aria_p12_t32_k40000_rw50_ops100_bs4096_zipf_0.2.log
current	aria	32	0.2	80	10	1024	0	27	754974	3707.8	754974	/work/miyayu/aria_experiment/results/ycsb_aria_matrix/full_20260312_002912/current_aria_p12_t32_k40000_rw80_ops10_bs1024_zipf_0.2.log
current	aria	32	0.2	80	10	2048	0	27	738836	7660	738836	/work/miyayu/aria_experiment/results/ycsb_aria_matrix/full_20260312_002912/current_aria_p12_t32_k40000_rw80_ops10_bs2048_zipf_0.2.log
current	aria	32	0.2	80	10	4096	0	27	723813	16743.9	723813	/work/miyayu/aria_experiment/results/ycsb_aria_matrix/full_20260312_002912/current_aria_p12_t32_k40000_rw80_ops10_bs4096_zipf_0.2.log
current	aria	32	0.2	80	100	1024	0	27	51058.5	107969	51058.5	/work/miyayu/aria_experiment/results/ycsb_aria_matrix/full_20260312_002912/current_aria_p12_t32_k40000_rw80_ops100_bs1024_zipf_0.2.log
current	aria	32	0.2	80	100	2048	0	26	24523.2	125186	24523.2	/work/miyayu/aria_experiment/results/ycsb_aria_matrix/full_20260312_002912/current_aria_p12_t32_k40000_rw80_ops100_bs2048_zipf_0.2.log
current	aria	32	0.2	80	100	4096	0	27	12251.4	136843	12251.4	/work/miyayu/aria_experiment/results/ycsb_aria_matrix/full_20260312_002912/current_aria_p12_t32_k40000_rw80_ops100_bs4096_zipf_0.2.log
current	aria	32	0.4	50	10	1024	0	27	571568	26652.6	571568	/work/miyayu/aria_experiment/results/ycsb_aria_matrix/full_20260312_002912/current_aria_p12_t32_k40000_rw50_ops10_bs1024_zipf_0.4.log
current	aria	32	0.4	50	10	2048	0	27	540509	51977	540509	/work/miyayu/aria_experiment/results/ycsb_aria_matrix/full_20260312_002912/current_aria_p12_t32_k40000_rw50_ops10_bs2048_zipf_0.4.log
current	aria	32	0.4	50	10	4096	0	27	485931	98158.4	485931	/work/miyayu/aria_experiment/results/ycsb_aria_matrix/full_20260312_002912/current_aria_p12_t32_k40000_rw50_ops10_bs4096_zipf_0.4.log
current	aria	32	0.4	50	100	1024	0	26	8279	95554.6	8279	/work/miyayu/aria_experiment/results/ycsb_aria_matrix/full_20260312_002912/current_aria_p12_t32_k40000_rw50_ops100_bs1024_zipf_0.4.log
current	aria	32	0.4	50	100	2048	0	26	3876.2	93813.4	3876.2	/work/miyayu/aria_experiment/results/ycsb_aria_matrix/full_20260312_002912/current_aria_p12_t32_k40000_rw50_ops100_bs2048_zipf_0.4.log
current	aria	32	0.4	50	100	4096	0	27	1942	95133.2	1942	/work/miyayu/aria_experiment/results/ycsb_aria_matrix/full_20260312_002912/current_aria_p12_t32_k40000_rw50_ops100_bs4096_zipf_0.4.log
current	aria	32	0.4	80	10	1024	0	27	746052	5871.2	746052	/work/miyayu/aria_experiment/results/ycsb_aria_matrix/full_20260312_002912/current_aria_p12_t32_k40000_rw80_ops10_bs1024_zipf_0.4.log
current	aria	32	0.4	80	10	2048	0	27	747533	12685	747533	/work/miyayu/aria_experiment/results/ycsb_aria_matrix/full_20260312_002912/current_aria_p12_t32_k40000_rw80_ops10_bs2048_zipf_0.4.log
current	aria	32	0.4	80	10	4096	0	27	723478	27319.2	723478	/work/miyayu/aria_experiment/results/ycsb_aria_matrix/full_20260312_002912/current_aria_p12_t32_k40000_rw80_ops10_bs4096_zipf_0.4.log
current	aria	32	0.4	80	100	1024	0	27	36401.5	124571	36401.5	/work/miyayu/aria_experiment/results/ycsb_aria_matrix/full_20260312_002912/current_aria_p12_t32_k40000_rw80_ops100_bs1024_zipf_0.4.log
current	aria	32	0.4	80	100	2048	0	26	17264.5	134697	17264.5	/work/miyayu/aria_experiment/results/ycsb_aria_matrix/full_20260312_002912/current_aria_p12_t32_k40000_rw80_ops100_bs2048_zipf_0.4.log
current	aria	32	0.4	80	100	4096	0	27	8650.1	143312	8650.1	/work/miyayu/aria_experiment/results/ycsb_aria_matrix/full_20260312_002912/current_aria_p12_t32_k40000_rw80_ops100_bs4096_zipf_0.4.log
current	aria	32	0.6	50	10	1024	0	26	492282	102048	492282	/work/miyayu/aria_experiment/results/ycsb_aria_matrix/full_20260312_002912/current_aria_p12_t32_k40000_rw50_ops10_bs1024_zipf_0.6.log
current	aria	32	0.6	50	10	2048	0	26	435324	158599	435324	/work/miyayu/aria_experiment/results/ycsb_aria_matrix/full_20260312_002912/current_aria_p12_t32_k40000_rw50_ops10_bs2048_zipf_0.6.log
current	aria	32	0.6	50	10	4096	0	27	358894	232569	358894	/work/miyayu/aria_experiment/results/ycsb_aria_matrix/full_20260312_002912/current_aria_p12_t32_k40000_rw50_ops10_bs4096_zipf_0.6.log
current	aria	32	0.6	50	100	1024	0	27	1900.5	104391	1900.5	/work/miyayu/aria_experiment/results/ycsb_aria_matrix/full_20260312_002912/current_aria_p12_t32_k40000_rw50_ops100_bs1024_zipf_0.6.log
current	aria	32	0.6	50	100	2048	0	26	886.6	99465.4	886.6	/work/miyayu/aria_experiment/results/ycsb_aria_matrix/full_20260312_002912/current_aria_p12_t32_k40000_rw50_ops100_bs2048_zipf_0.6.log
current	aria	32	0.6	50	100	4096	0	26	449	99493.4	449	/work/miyayu/aria_experiment/results/ycsb_aria_matrix/full_20260312_002912/current_aria_p12_t32_k40000_rw50_ops100_bs4096_zipf_0.6.log
current	aria	32	0.6	80	10	1024	0	28	724432	33225.2	724432	/work/miyayu/aria_experiment/results/ycsb_aria_matrix/full_20260312_002912/current_aria_p12_t32_k40000_rw80_ops10_bs1024_zipf_0.6.log
current	aria	32	0.6	80	10	2048	0	27	696413	58684.2	696413	/work/miyayu/aria_experiment/results/ycsb_aria_matrix/full_20260312_002912/current_aria_p12_t32_k40000_rw80_ops10_bs2048_zipf_0.6.log
current	aria	32	0.6	80	10	4096	0	27	647341	99359.9	647341	/work/miyayu/aria_experiment/results/ycsb_aria_matrix/full_20260312_002912/current_aria_p12_t32_k40000_rw80_ops10_bs4096_zipf_0.6.log
current	aria	32	0.6	80	100	1024	0	26	11097.9	155097	11097.9	/work/miyayu/aria_experiment/results/ycsb_aria_matrix/full_20260312_002912/current_aria_p12_t32_k40000_rw80_ops100_bs1024_zipf_0.6.log
current	aria	32	0.6	80	100	2048	0	27	5252.5	152648	5252.5	/work/miyayu/aria_experiment/results/ycsb_aria_matrix/full_20260312_002912/current_aria_p12_t32_k40000_rw80_ops100_bs2048_zipf_0.6.log
current	aria	32	0.6	80	100	4096	0	26	2613.9	154263	2613.9	/work/miyayu/aria_experiment/results/ycsb_aria_matrix/full_20260312_002912/current_aria_p12_t32_k40000_rw80_ops100_bs4096_zipf_0.6.log
current	aria	32	0.8	50	10	1024	0	27	242068	370898	242068	/work/miyayu/aria_experiment/results/ycsb_aria_matrix/full_20260312_002912/current_aria_p12_t32_k40000_rw50_ops10_bs1024_zipf_0.8.log
current	aria	32	0.8	50	10	2048	0	26	186148	428866	186148	/work/miyayu/aria_experiment/results/ycsb_aria_matrix/full_20260312_002912/current_aria_p12_t32_k40000_rw50_ops10_bs2048_zipf_0.8.log
current	aria	32	0.8	50	10	4096	0	27	135058	479342	135058	/work/miyayu/aria_experiment/results/ycsb_aria_matrix/full_20260312_002912/current_aria_p12_t32_k40000_rw50_ops10_bs4096_zipf_0.8.log
current	aria	32	0.8	50	100	1024	0	26	169.8	110832	169.8	/work/miyayu/aria_experiment/results/ycsb_aria_matrix/full_20260312_002912/current_aria_p12_t32_k40000_rw50_ops100_bs1024_zipf_0.8.log
current	aria	32	0.8	50	100	2048	0	27	80.9	106006	80.9	/work/miyayu/aria_experiment/results/ycsb_aria_matrix/full_20260312_002912/current_aria_p12_t32_k40000_rw50_ops100_bs2048_zipf_0.8.log
current	aria	32	0.8	50	100	4096	0	26	38.9	105228	38.9	/work/miyayu/aria_experiment/results/ycsb_aria_matrix/full_20260312_002912/current_aria_p12_t32_k40000_rw50_ops100_bs4096_zipf_0.8.log
current	aria	32	0.8	80	10	1024	0	27	555564	213767	555564	/work/miyayu/aria_experiment/results/ycsb_aria_matrix/full_20260312_002912/current_aria_p12_t32_k40000_rw80_ops10_bs1024_zipf_0.8.log
current	aria	32	0.8	80	10	2048	0	27	501618	270683	501618	/work/miyayu/aria_experiment/results/ycsb_aria_matrix/full_20260312_002912/current_aria_p12_t32_k40000_rw80_ops10_bs2048_zipf_0.8.log
current	aria	32	0.8	80	10	4096	0	27	439982	329656	439982	/work/miyayu/aria_experiment/results/ycsb_aria_matrix/full_20260312_002912/current_aria_p12_t32_k40000_rw80_ops10_bs4096_zipf_0.8.log
current	aria	32	0.8	80	100	1024	0	26	1117.3	176342	1117.3	/work/miyayu/aria_experiment/results/ycsb_aria_matrix/full_20260312_002912/current_aria_p12_t32_k40000_rw80_ops100_bs1024_zipf_0.8.log
current	aria	32	0.8	80	100	2048	0	27	541.6	169647	541.6	/work/miyayu/aria_experiment/results/ycsb_aria_matrix/full_20260312_002912/current_aria_p12_t32_k40000_rw80_ops100_bs2048_zipf_0.8.log
current	aria	32	0.8	80	100	4096	0	26	267.4	166849	267.4	/work/miyayu/aria_experiment/results/ycsb_aria_matrix/full_20260312_002912/current_aria_p12_t32_k40000_rw80_ops100_bs4096_zipf_0.8.log
current	aria	32	0.9	50	10	1024	0	27	113081	503777	113081	/work/miyayu/aria_experiment/results/ycsb_aria_matrix/full_20260312_002912/current_aria_p12_t32_k40000_rw50_ops10_bs1024_zipf_0.9.log
current	aria	32	0.9	50	10	2048	0	26	82793.7	538979	82793.7	/work/miyayu/aria_experiment/results/ycsb_aria_matrix/full_20260312_002912/current_aria_p12_t32_k40000_rw50_ops10_bs2048_zipf_0.9.log
current	aria	32	0.9	50	10	4096	0	27	54522.5	525881	54522.5	/work/miyayu/aria_experiment/results/ycsb_aria_matrix/full_20260312_002912/current_aria_p12_t32_k40000_rw50_ops10_bs4096_zipf_0.9.log
current	aria	32	0.9	50	100	1024	0	26	117.5	114570	117.5	/work/miyayu/aria_experiment/results/ycsb_aria_matrix/full_20260312_002912/current_aria_p12_t32_k40000_rw50_ops100_bs1024_zipf_0.9.log
current	aria	32	0.9	50	100	2048	0	26	56.3	110126	56.3	/work/miyayu/aria_experiment/results/ycsb_aria_matrix/full_20260312_002912/current_aria_p12_t32_k40000_rw50_ops100_bs2048_zipf_0.9.log
current	aria	32	0.9	50	100	4096	0	27	27.2	108107	27.2	/work/miyayu/aria_experiment/results/ycsb_aria_matrix/full_20260312_002912/current_aria_p12_t32_k40000_rw50_ops100_bs4096_zipf_0.9.log
current	aria	32	0.9	80	10	1024	0	26	410061	361114	410061	/work/miyayu/aria_experiment/results/ycsb_aria_matrix/full_20260312_002912/current_aria_p12_t32_k40000_rw80_ops10_bs1024_zipf_0.9.log
current	aria	32	0.9	80	10	2048	0	26	365546	411465	365546	/work/miyayu/aria_experiment/results/ycsb_aria_matrix/full_20260312_002912/current_aria_p12_t32_k40000_rw80_ops10_bs2048_zipf_0.9.log
current	aria	32	0.9	80	10	4096	0	27	321942	458346	321942	/work/miyayu/aria_experiment/results/ycsb_aria_matrix/full_20260312_002912/current_aria_p12_t32_k40000_rw80_ops10_bs4096_zipf_0.9.log
current	aria	32	0.9	80	100	1024	0	26	383.5	184141	383.5	/work/miyayu/aria_experiment/results/ycsb_aria_matrix/full_20260312_002912/current_aria_p12_t32_k40000_rw80_ops100_bs1024_zipf_0.9.log
current	aria	32	0.9	80	100	2048	0	26	185.6	177786	185.6	/work/miyayu/aria_experiment/results/ycsb_aria_matrix/full_20260312_002912/current_aria_p12_t32_k40000_rw80_ops100_bs2048_zipf_0.9.log
current	aria	32	0.9	80	100	4096	0	26	89.6	173990	89.6	/work/miyayu/aria_experiment/results/ycsb_aria_matrix/full_20260312_002912/current_aria_p12_t32_k40000_rw80_ops100_bs4096_zipf_0.9.log
current	aria	48	0.0	50	10	1024	0	28	1.14161	NA	1.14161	/work/miyayu/aria_experiment/results/ycsb_aria_matrix/full_20260312_002912/current_aria_p12_t48_k40000_rw50_ops10_bs1024_zipf_0.0.log
current	aria	48	0.0	50	10	2048	0	27	1.0761	NA	1.0761	/work/miyayu/aria_experiment/results/ycsb_aria_matrix/full_20260312_002912/current_aria_p12_t48_k40000_rw50_ops10_bs2048_zipf_0.0.log
current	aria	48	0.0	50	10	4096	0	28	1.0182	NA	1.0182	/work/miyayu/aria_experiment/results/ycsb_aria_matrix/full_20260312_002912/current_aria_p12_t48_k40000_rw50_ops10_bs4096_zipf_0.0.log
current	aria	48	0.0	50	100	1024	0	26	20976.5	145424	20976.5	/work/miyayu/aria_experiment/results/ycsb_aria_matrix/full_20260312_002912/current_aria_p12_t48_k40000_rw50_ops100_bs1024_zipf_0.0.log
current	aria	48	0.0	50	100	2048	0	27	9687.8	144117	9687.8	/work/miyayu/aria_experiment/results/ycsb_aria_matrix/full_20260312_002912/current_aria_p12_t48_k40000_rw50_ops100_bs2048_zipf_0.0.log
current	aria	48	0.0	50	100	4096	0	26	4800.7	146751	4800.7	/work/miyayu/aria_experiment/results/ycsb_aria_matrix/full_20260312_002912/current_aria_p12_t48_k40000_rw50_ops100_bs4096_zipf_0.0.log
current	aria	48	0.0	80	10	1024	0	28	1.61005	NA	1.61005	/work/miyayu/aria_experiment/results/ycsb_aria_matrix/full_20260312_002912/current_aria_p12_t48_k40000_rw80_ops10_bs1024_zipf_0.0.log
current	aria	48	0.0	80	10	2048	0	28	1.58127	NA	1.58127	/work/miyayu/aria_experiment/results/ycsb_aria_matrix/full_20260312_002912/current_aria_p12_t48_k40000_rw80_ops10_bs2048_zipf_0.0.log
current	aria	48	0.0	80	10	4096	0	28	1.55495	NA	1.55495	/work/miyayu/aria_experiment/results/ycsb_aria_matrix/full_20260312_002912/current_aria_p12_t48_k40000_rw80_ops10_bs4096_zipf_0.0.log
current	aria	48	0.0	80	100	1024	0	26	88063.9	171520	88063.9	/work/miyayu/aria_experiment/results/ycsb_aria_matrix/full_20260312_002912/current_aria_p12_t48_k40000_rw80_ops100_bs1024_zipf_0.0.log
current	aria	48	0.0	80	100	2048	0	27	42180.9	200098	42180.9	/work/miyayu/aria_experiment/results/ycsb_aria_matrix/full_20260312_002912/current_aria_p12_t48_k40000_rw80_ops100_bs2048_zipf_0.0.log
current	aria	48	0.0	80	100	4096	0	26	20790.4	218006	20790.4	/work/miyayu/aria_experiment/results/ycsb_aria_matrix/full_20260312_002912/current_aria_p12_t48_k40000_rw80_ops100_bs4096_zipf_0.0.log
current	aria	48	0.2	50	10	1024	0	27	855970	25284	855970	/work/miyayu/aria_experiment/results/ycsb_aria_matrix/full_20260312_002912/current_aria_p12_t48_k40000_rw50_ops10_bs1024_zipf_0.2.log
current	aria	48	0.2	50	10	2048	0	27	813206	49821.2	813206	/work/miyayu/aria_experiment/results/ycsb_aria_matrix/full_20260312_002912/current_aria_p12_t48_k40000_rw50_ops10_bs2048_zipf_0.2.log
current	aria	48	0.2	50	10	4096	0	27	763366	100071	763366	/work/miyayu/aria_experiment/results/ycsb_aria_matrix/full_20260312_002912/current_aria_p12_t48_k40000_rw50_ops10_bs4096_zipf_0.2.log
current	aria	48	0.2	50	100	1024	0	27	18881.4	140248	18881.4	/work/miyayu/aria_experiment/results/ycsb_aria_matrix/full_20260312_002912/current_aria_p12_t48_k40000_rw50_ops100_bs1024_zipf_0.2.log
current	aria	48	0.2	50	100	2048	0	26	8817.9	139457	8817.9	/work/miyayu/aria_experiment/results/ycsb_aria_matrix/full_20260312_002912/current_aria_p12_t48_k40000_rw50_ops100_bs2048_zipf_0.2.log
current	aria	48	0.2	50	100	4096	0	26	4303.2	140695	4303.2	/work/miyayu/aria_experiment/results/ycsb_aria_matrix/full_20260312_002912/current_aria_p12_t48_k40000_rw50_ops100_bs4096_zipf_0.2.log
current	aria	48	0.2	80	10	1024	0	28	1.11219	NA	1.11219	/work/miyayu/aria_experiment/results/ycsb_aria_matrix/full_20260312_002912/current_aria_p12_t48_k40000_rw80_ops10_bs1024_zipf_0.2.log
current	aria	48	0.2	80	10	2048	0	27	1.08445	NA	1.08445	/work/miyayu/aria_experiment/results/ycsb_aria_matrix/full_20260312_002912/current_aria_p12_t48_k40000_rw80_ops10_bs2048_zipf_0.2.log
current	aria	48	0.2	80	10	4096	0	27	1.07891	NA	1.07891	/work/miyayu/aria_experiment/results/ycsb_aria_matrix/full_20260312_002912/current_aria_p12_t48_k40000_rw80_ops10_bs4096_zipf_0.2.log
current	aria	48	0.2	80	100	1024	0	27	78075.7	165124	78075.7	/work/miyayu/aria_experiment/results/ycsb_aria_matrix/full_20260312_002912/current_aria_p12_t48_k40000_rw80_ops100_bs1024_zipf_0.2.log
current	aria	48	0.2	80	100	2048	0	26	37338.6	190604	37338.6	/work/miyayu/aria_experiment/results/ycsb_aria_matrix/full_20260312_002912/current_aria_p12_t48_k40000_rw80_ops100_bs2048_zipf_0.2.log
current	aria	48	0.2	80	100	4096	0	26	18064.5	202710	18064.5	/work/miyayu/aria_experiment/results/ycsb_aria_matrix/full_20260312_002912/current_aria_p12_t48_k40000_rw80_ops100_bs4096_zipf_0.2.log
current	aria	48	0.4	50	10	1024	0	27	838920	39159.6	838920	/work/miyayu/aria_experiment/results/ycsb_aria_matrix/full_20260312_002912/current_aria_p12_t48_k40000_rw50_ops10_bs1024_zipf_0.4.log
current	aria	48	0.4	50	10	2048	0	27	795302	76327.3	795302	/work/miyayu/aria_experiment/results/ycsb_aria_matrix/full_20260312_002912/current_aria_p12_t48_k40000_rw50_ops10_bs2048_zipf_0.4.log
current	aria	48	0.4	50	10	4096	0	28	728520	147205	728520	/work/miyayu/aria_experiment/results/ycsb_aria_matrix/full_20260312_002912/current_aria_p12_t48_k40000_rw50_ops10_bs4096_zipf_0.4.log
current	aria	48	0.4	50	100	1024	0	26	12752	147606	12752	/work/miyayu/aria_experiment/results/ycsb_aria_matrix/full_20260312_002912/current_aria_p12_t48_k40000_rw50_ops100_bs1024_zipf_0.4.log
current	aria	48	0.4	50	100	2048	0	26	5851.6	142219	5851.6	/work/miyayu/aria_experiment/results/ycsb_aria_matrix/full_20260312_002912/current_aria_p12_t48_k40000_rw50_ops100_bs2048_zipf_0.4.log
current	aria	48	0.4	50	100	4096	0	27	2869.4	142129	2869.4	/work/miyayu/aria_experiment/results/ycsb_aria_matrix/full_20260312_002912/current_aria_p12_t48_k40000_rw50_ops100_bs4096_zipf_0.4.log
current	aria	48	0.4	80	10	1024	0	27	1.10018	NA	1.10018	/work/miyayu/aria_experiment/results/ycsb_aria_matrix/full_20260312_002912/current_aria_p12_t48_k40000_rw80_ops10_bs1024_zipf_0.4.log
current	aria	48	0.4	80	10	2048	0	28	1.08261	NA	1.08261	/work/miyayu/aria_experiment/results/ycsb_aria_matrix/full_20260312_002912/current_aria_p12_t48_k40000_rw80_ops10_bs2048_zipf_0.4.log
current	aria	48	0.4	80	10	4096	0	28	1.05502	NA	1.05502	/work/miyayu/aria_experiment/results/ycsb_aria_matrix/full_20260312_002912/current_aria_p12_t48_k40000_rw80_ops10_bs4096_zipf_0.4.log
current	aria	48	0.4	80	100	1024	0	26	54984.9	188625	54984.9	/work/miyayu/aria_experiment/results/ycsb_aria_matrix/full_20260312_002912/current_aria_p12_t48_k40000_rw80_ops100_bs1024_zipf_0.4.log
current	aria	48	0.4	80	100	2048	0	26	26180.6	203810	26180.6	/work/miyayu/aria_experiment/results/ycsb_aria_matrix/full_20260312_002912/current_aria_p12_t48_k40000_rw80_ops100_bs2048_zipf_0.4.log
current	aria	48	0.4	80	100	4096	0	27	12846.8	213662	12846.8	/work/miyayu/aria_experiment/results/ycsb_aria_matrix/full_20260312_002912/current_aria_p12_t48_k40000_rw80_ops100_bs4096_zipf_0.4.log
current	aria	48	0.6	50	10	1024	0	27	733867	151996	733867	/work/miyayu/aria_experiment/results/ycsb_aria_matrix/full_20260312_002912/current_aria_p12_t48_k40000_rw50_ops10_bs1024_zipf_0.6.log
current	aria	48	0.6	50	10	2048	0	27	641576	233329	641576	/work/miyayu/aria_experiment/results/ycsb_aria_matrix/full_20260312_002912/current_aria_p12_t48_k40000_rw50_ops10_bs2048_zipf_0.6.log
current	aria	48	0.6	50	10	4096	0	27	533018	345572	533018	/work/miyayu/aria_experiment/results/ycsb_aria_matrix/full_20260312_002912/current_aria_p12_t48_k40000_rw50_ops10_bs4096_zipf_0.6.log
current	aria	48	0.6	50	100	1024	0	27	2924.4	160096	2924.4	/work/miyayu/aria_experiment/results/ycsb_aria_matrix/full_20260312_002912/current_aria_p12_t48_k40000_rw50_ops100_bs1024_zipf_0.6.log
current	aria	48	0.6	50	100	2048	0	26	1352.1	150610	1352.1	/work/miyayu/aria_experiment/results/ycsb_aria_matrix/full_20260312_002912/current_aria_p12_t48_k40000_rw50_ops100_bs2048_zipf_0.6.log
current	aria	48	0.6	50	100	4096	0	26	664.8	148430	664.8	/work/miyayu/aria_experiment/results/ycsb_aria_matrix/full_20260312_002912/current_aria_p12_t48_k40000_rw50_ops100_bs4096_zipf_0.6.log
current	aria	48	0.6	80	10	1024	0	27	1.06045	NA	1.06045	/work/miyayu/aria_experiment/results/ycsb_aria_matrix/full_20260312_002912/current_aria_p12_t48_k40000_rw80_ops10_bs1024_zipf_0.6.log
current	aria	48	0.6	80	10	2048	0	28	1.01762	NA	1.01762	/work/miyayu/aria_experiment/results/ycsb_aria_matrix/full_20260312_002912/current_aria_p12_t48_k40000_rw80_ops10_bs2048_zipf_0.6.log
current	aria	48	0.6	80	10	4096	0	27	959897	147251	959897	/work/miyayu/aria_experiment/results/ycsb_aria_matrix/full_20260312_002912/current_aria_p12_t48_k40000_rw80_ops10_bs4096_zipf_0.6.log
current	aria	48	0.6	80	100	1024	0	27	16917.2	236216	16917.2	/work/miyayu/aria_experiment/results/ycsb_aria_matrix/full_20260312_002912/current_aria_p12_t48_k40000_rw80_ops100_bs1024_zipf_0.6.log
current	aria	48	0.6	80	100	2048	0	26	7892.7	227218	7892.7	/work/miyayu/aria_experiment/results/ycsb_aria_matrix/full_20260312_002912/current_aria_p12_t48_k40000_rw80_ops100_bs2048_zipf_0.6.log
current	aria	48	0.6	80	100	4096	0	26	3863.1	228380	3863.1	/work/miyayu/aria_experiment/results/ycsb_aria_matrix/full_20260312_002912/current_aria_p12_t48_k40000_rw80_ops100_bs4096_zipf_0.6.log
current	aria	48	0.8	50	10	1024	0	26	357429	547787	357429	/work/miyayu/aria_experiment/results/ycsb_aria_matrix/full_20260312_002912/current_aria_p12_t48_k40000_rw50_ops10_bs1024_zipf_0.8.log
current	aria	48	0.8	50	10	2048	0	27	271039	624961	271039	/work/miyayu/aria_experiment/results/ycsb_aria_matrix/full_20260312_002912/current_aria_p12_t48_k40000_rw50_ops10_bs2048_zipf_0.8.log
current	aria	48	0.8	50	10	4096	0	27	199335	705471	199335	/work/miyayu/aria_experiment/results/ycsb_aria_matrix/full_20260312_002912/current_aria_p12_t48_k40000_rw50_ops10_bs4096_zipf_0.8.log
current	aria	48	0.8	50	100	1024	0	26	260.1	168905	260.1	/work/miyayu/aria_experiment/results/ycsb_aria_matrix/full_20260312_002912/current_aria_p12_t48_k40000_rw50_ops100_bs1024_zipf_0.8.log
current	aria	48	0.8	50	100	2048	0	26	123.1	159621	123.1	/work/miyayu/aria_experiment/results/ycsb_aria_matrix/full_20260312_002912/current_aria_p12_t48_k40000_rw50_ops100_bs2048_zipf_0.8.log
current	aria	48	0.8	50	100	4096	0	26	57.3	156820	57.3	/work/miyayu/aria_experiment/results/ycsb_aria_matrix/full_20260312_002912/current_aria_p12_t48_k40000_rw50_ops100_bs4096_zipf_0.8.log
current	aria	48	0.8	80	10	1024	0	27	821531	315724	821531	/work/miyayu/aria_experiment/results/ycsb_aria_matrix/full_20260312_002912/current_aria_p12_t48_k40000_rw80_ops10_bs1024_zipf_0.8.log
current	aria	48	0.8	80	10	2048	0	28	728176	392899	728176	/work/miyayu/aria_experiment/results/ycsb_aria_matrix/full_20260312_002912/current_aria_p12_t48_k40000_rw80_ops10_bs2048_zipf_0.8.log
current	aria	48	0.8	80	10	4096	0	27	644443	482776	644443	/work/miyayu/aria_experiment/results/ycsb_aria_matrix/full_20260312_002912/current_aria_p12_t48_k40000_rw80_ops10_bs4096_zipf_0.8.log
current	aria	48	0.8	80	100	1024	0	26	1691.5	266596	1691.5	/work/miyayu/aria_experiment/results/ycsb_aria_matrix/full_20260312_002912/current_aria_p12_t48_k40000_rw80_ops100_bs1024_zipf_0.8.log
current	aria	48	0.8	80	100	2048	0	26	791.1	254799	791.1	/work/miyayu/aria_experiment/results/ycsb_aria_matrix/full_20260312_002912/current_aria_p12_t48_k40000_rw80_ops100_bs2048_zipf_0.8.log
current	aria	48	0.8	80	100	4096	0	26	393.4	249053	393.4	/work/miyayu/aria_experiment/results/ycsb_aria_matrix/full_20260312_002912/current_aria_p12_t48_k40000_rw80_ops100_bs4096_zipf_0.8.log
current	aria	48	0.9	50	10	1024	0	27	167360	746150	167360	/work/miyayu/aria_experiment/results/ycsb_aria_matrix/full_20260312_002912/current_aria_p12_t48_k40000_rw50_ops10_bs1024_zipf_0.9.log
current	aria	48	0.9	50	10	2048	0	26	120863	785991	120863	/work/miyayu/aria_experiment/results/ycsb_aria_matrix/full_20260312_002912/current_aria_p12_t48_k40000_rw50_ops10_bs2048_zipf_0.9.log
current	aria	48	0.9	50	10	4096	0	27	86251.2	833301	86251.2	/work/miyayu/aria_experiment/results/ycsb_aria_matrix/full_20260312_002912/current_aria_p12_t48_k40000_rw50_ops10_bs4096_zipf_0.9.log
current	aria	48	0.9	50	100	1024	0	26	177.9	174721	177.9	/work/miyayu/aria_experiment/results/ycsb_aria_matrix/full_20260312_002912/current_aria_p12_t48_k40000_rw50_ops100_bs1024_zipf_0.9.log
current	aria	48	0.9	50	100	2048	0	26	84.6	164779	84.6	/work/miyayu/aria_experiment/results/ycsb_aria_matrix/full_20260312_002912/current_aria_p12_t48_k40000_rw50_ops100_bs2048_zipf_0.9.log
current	aria	48	0.9	50	100	4096	0	27	42	162979	42	/work/miyayu/aria_experiment/results/ycsb_aria_matrix/full_20260312_002912/current_aria_p12_t48_k40000_rw50_ops100_bs4096_zipf_0.9.log
current	aria	48	0.9	80	10	1024	0	27	604226	532414	604226	/work/miyayu/aria_experiment/results/ycsb_aria_matrix/full_20260312_002912/current_aria_p12_t48_k40000_rw80_ops10_bs1024_zipf_0.9.log
current	aria	48	0.9	80	10	2048	0	27	531612	598883	531612	/work/miyayu/aria_experiment/results/ycsb_aria_matrix/full_20260312_002912/current_aria_p12_t48_k40000_rw80_ops10_bs2048_zipf_0.9.log
current	aria	48	0.9	80	10	4096	0	27	475210	676994	475210	/work/miyayu/aria_experiment/results/ycsb_aria_matrix/full_20260312_002912/current_aria_p12_t48_k40000_rw80_ops10_bs4096_zipf_0.9.log
current	aria	48	0.9	80	100	1024	0	26	588.4	279578	588.4	/work/miyayu/aria_experiment/results/ycsb_aria_matrix/full_20260312_002912/current_aria_p12_t48_k40000_rw80_ops100_bs1024_zipf_0.9.log
current	aria	48	0.9	80	100	2048	0	27	284.6	265546	284.6	/work/miyayu/aria_experiment/results/ycsb_aria_matrix/full_20260312_002912/current_aria_p12_t48_k40000_rw80_ops100_bs2048_zipf_0.9.log
current	aria	48	0.9	80	100	4096	0	26	135.6	260780	135.6	/work/miyayu/aria_experiment/results/ycsb_aria_matrix/full_20260312_002912/current_aria_p12_t48_k40000_rw80_ops100_bs4096_zipf_0.9.log
current	aria	62	0.0	50	10	1024	134	0	NA	NA	NA	/work/miyayu/aria_experiment/results/ycsb_aria_matrix/full_20260312_002912/current_aria_p12_t62_k40000_rw50_ops10_bs1024_zipf_0.0.log
current	aria	62	0.0	50	10	2048	134	1	NA	NA	NA	/work/miyayu/aria_experiment/results/ycsb_aria_matrix/full_20260312_002912/current_aria_p12_t62_k40000_rw50_ops10_bs2048_zipf_0.0.log
current	aria	62	0.0	50	10	4096	134	0	NA	NA	NA	/work/miyayu/aria_experiment/results/ycsb_aria_matrix/full_20260312_002912/current_aria_p12_t62_k40000_rw50_ops10_bs4096_zipf_0.0.log
current	aria	62	0.0	50	100	1024	134	0	NA	NA	NA	/work/miyayu/aria_experiment/results/ycsb_aria_matrix/full_20260312_002912/current_aria_p12_t62_k40000_rw50_ops100_bs1024_zipf_0.0.log
current	aria	62	0.0	50	100	2048	134	0	NA	NA	NA	/work/miyayu/aria_experiment/results/ycsb_aria_matrix/full_20260312_002912/current_aria_p12_t62_k40000_rw50_ops100_bs2048_zipf_0.0.log
current	aria	62	0.0	50	100	4096	134	0	NA	NA	NA	/work/miyayu/aria_experiment/results/ycsb_aria_matrix/full_20260312_002912/current_aria_p12_t62_k40000_rw50_ops100_bs4096_zipf_0.0.log
current	aria	62	0.0	80	10	1024	134	0	NA	NA	NA	/work/miyayu/aria_experiment/results/ycsb_aria_matrix/full_20260312_002912/current_aria_p12_t62_k40000_rw80_ops10_bs1024_zipf_0.0.log
current	aria	62	0.0	80	10	2048	134	0	NA	NA	NA	/work/miyayu/aria_experiment/results/ycsb_aria_matrix/full_20260312_002912/current_aria_p12_t62_k40000_rw80_ops10_bs2048_zipf_0.0.log
current	aria	62	0.0	80	10	4096	134	1	NA	NA	NA	/work/miyayu/aria_experiment/results/ycsb_aria_matrix/full_20260312_002912/current_aria_p12_t62_k40000_rw80_ops10_bs4096_zipf_0.0.log
current	aria	62	0.0	80	100	1024	134	0	NA	NA	NA	/work/miyayu/aria_experiment/results/ycsb_aria_matrix/full_20260312_002912/current_aria_p12_t62_k40000_rw80_ops100_bs1024_zipf_0.0.log
current	aria	62	0.0	80	100	2048	134	0	NA	NA	NA	/work/miyayu/aria_experiment/results/ycsb_aria_matrix/full_20260312_002912/current_aria_p12_t62_k40000_rw80_ops100_bs2048_zipf_0.0.log
current	aria	62	0.0	80	100	4096	134	1	NA	NA	NA	/work/miyayu/aria_experiment/results/ycsb_aria_matrix/full_20260312_002912/current_aria_p12_t62_k40000_rw80_ops100_bs4096_zipf_0.0.log
current	aria	62	0.2	50	10	1024	134	0	NA	NA	NA	/work/miyayu/aria_experiment/results/ycsb_aria_matrix/full_20260312_002912/current_aria_p12_t62_k40000_rw50_ops10_bs1024_zipf_0.2.log
current	aria	62	0.2	50	10	2048	134	0	NA	NA	NA	/work/miyayu/aria_experiment/results/ycsb_aria_matrix/full_20260312_002912/current_aria_p12_t62_k40000_rw50_ops10_bs2048_zipf_0.2.log
current	aria	62	0.2	50	10	4096	134	1	NA	NA	NA	/work/miyayu/aria_experiment/results/ycsb_aria_matrix/full_20260312_002912/current_aria_p12_t62_k40000_rw50_ops10_bs4096_zipf_0.2.log
current	aria	62	0.2	50	100	1024	134	0	NA	NA	NA	/work/miyayu/aria_experiment/results/ycsb_aria_matrix/full_20260312_002912/current_aria_p12_t62_k40000_rw50_ops100_bs1024_zipf_0.2.log
current	aria	62	0.2	50	100	2048	134	0	NA	NA	NA	/work/miyayu/aria_experiment/results/ycsb_aria_matrix/full_20260312_002912/current_aria_p12_t62_k40000_rw50_ops100_bs2048_zipf_0.2.log
current	aria	62	0.2	50	100	4096	134	1	NA	NA	NA	/work/miyayu/aria_experiment/results/ycsb_aria_matrix/full_20260312_002912/current_aria_p12_t62_k40000_rw50_ops100_bs4096_zipf_0.2.log
current	aria	62	0.2	80	10	1024	134	0	NA	NA	NA	/work/miyayu/aria_experiment/results/ycsb_aria_matrix/full_20260312_002912/current_aria_p12_t62_k40000_rw80_ops10_bs1024_zipf_0.2.log
current	aria	62	0.2	80	10	2048	134	0	NA	NA	NA	/work/miyayu/aria_experiment/results/ycsb_aria_matrix/full_20260312_002912/current_aria_p12_t62_k40000_rw80_ops10_bs2048_zipf_0.2.log
current	aria	62	0.2	80	10	4096	134	1	NA	NA	NA	/work/miyayu/aria_experiment/results/ycsb_aria_matrix/full_20260312_002912/current_aria_p12_t62_k40000_rw80_ops10_bs4096_zipf_0.2.log
current	aria	62	0.2	80	100	1024	134	0	NA	NA	NA	/work/miyayu/aria_experiment/results/ycsb_aria_matrix/full_20260312_002912/current_aria_p12_t62_k40000_rw80_ops100_bs1024_zipf_0.2.log
current	aria	62	0.2	80	100	2048	134	0	NA	NA	NA	/work/miyayu/aria_experiment/results/ycsb_aria_matrix/full_20260312_002912/current_aria_p12_t62_k40000_rw80_ops100_bs2048_zipf_0.2.log
current	aria	62	0.2	80	100	4096	134	1	NA	NA	NA	/work/miyayu/aria_experiment/results/ycsb_aria_matrix/full_20260312_002912/current_aria_p12_t62_k40000_rw80_ops100_bs4096_zipf_0.2.log
current	aria	62	0.4	50	10	1024	134	0	NA	NA	NA	/work/miyayu/aria_experiment/results/ycsb_aria_matrix/full_20260312_002912/current_aria_p12_t62_k40000_rw50_ops10_bs1024_zipf_0.4.log
current	aria	62	0.4	50	10	2048	134	0	NA	NA	NA	/work/miyayu/aria_experiment/results/ycsb_aria_matrix/full_20260312_002912/current_aria_p12_t62_k40000_rw50_ops10_bs2048_zipf_0.4.log
current	aria	62	0.4	50	10	4096	134	1	NA	NA	NA	/work/miyayu/aria_experiment/results/ycsb_aria_matrix/full_20260312_002912/current_aria_p12_t62_k40000_rw50_ops10_bs4096_zipf_0.4.log
current	aria	62	0.4	50	100	1024	134	0	NA	NA	NA	/work/miyayu/aria_experiment/results/ycsb_aria_matrix/full_20260312_002912/current_aria_p12_t62_k40000_rw50_ops100_bs1024_zipf_0.4.log
current	aria	62	0.4	50	100	2048	134	0	NA	NA	NA	/work/miyayu/aria_experiment/results/ycsb_aria_matrix/full_20260312_002912/current_aria_p12_t62_k40000_rw50_ops100_bs2048_zipf_0.4.log
current	aria	62	0.4	50	100	4096	134	1	NA	NA	NA	/work/miyayu/aria_experiment/results/ycsb_aria_matrix/full_20260312_002912/current_aria_p12_t62_k40000_rw50_ops100_bs4096_zipf_0.4.log
current	aria	62	0.4	80	10	1024	134	0	NA	NA	NA	/work/miyayu/aria_experiment/results/ycsb_aria_matrix/full_20260312_002912/current_aria_p12_t62_k40000_rw80_ops10_bs1024_zipf_0.4.log
current	aria	62	0.4	80	10	2048	134	0	NA	NA	NA	/work/miyayu/aria_experiment/results/ycsb_aria_matrix/full_20260312_002912/current_aria_p12_t62_k40000_rw80_ops10_bs2048_zipf_0.4.log
current	aria	62	0.4	80	10	4096	134	1	NA	NA	NA	/work/miyayu/aria_experiment/results/ycsb_aria_matrix/full_20260312_002912/current_aria_p12_t62_k40000_rw80_ops10_bs4096_zipf_0.4.log
current	aria	62	0.4	80	100	1024	134	0	NA	NA	NA	/work/miyayu/aria_experiment/results/ycsb_aria_matrix/full_20260312_002912/current_aria_p12_t62_k40000_rw80_ops100_bs1024_zipf_0.4.log
current	aria	62	0.4	80	100	2048	134	0	NA	NA	NA	/work/miyayu/aria_experiment/results/ycsb_aria_matrix/full_20260312_002912/current_aria_p12_t62_k40000_rw80_ops100_bs2048_zipf_0.4.log
current	aria	62	0.4	80	100	4096	134	1	NA	NA	NA	/work/miyayu/aria_experiment/results/ycsb_aria_matrix/full_20260312_002912/current_aria_p12_t62_k40000_rw80_ops100_bs4096_zipf_0.4.log
current	aria	62	0.6	50	10	1024	134	0	NA	NA	NA	/work/miyayu/aria_experiment/results/ycsb_aria_matrix/full_20260312_002912/current_aria_p12_t62_k40000_rw50_ops10_bs1024_zipf_0.6.log
current	aria	62	0.6	50	10	2048	134	0	NA	NA	NA	/work/miyayu/aria_experiment/results/ycsb_aria_matrix/full_20260312_002912/current_aria_p12_t62_k40000_rw50_ops10_bs2048_zipf_0.6.log
current	aria	62	0.6	50	10	4096	134	1	NA	NA	NA	/work/miyayu/aria_experiment/results/ycsb_aria_matrix/full_20260312_002912/current_aria_p12_t62_k40000_rw50_ops10_bs4096_zipf_0.6.log
current	aria	62	0.6	50	100	1024	134	0	NA	NA	NA	/work/miyayu/aria_experiment/results/ycsb_aria_matrix/full_20260312_002912/current_aria_p12_t62_k40000_rw50_ops100_bs1024_zipf_0.6.log
current	aria	62	0.6	50	100	2048	134	0	NA	NA	NA	/work/miyayu/aria_experiment/results/ycsb_aria_matrix/full_20260312_002912/current_aria_p12_t62_k40000_rw50_ops100_bs2048_zipf_0.6.log
current	aria	62	0.6	50	100	4096	134	1	NA	NA	NA	/work/miyayu/aria_experiment/results/ycsb_aria_matrix/full_20260312_002912/current_aria_p12_t62_k40000_rw50_ops100_bs4096_zipf_0.6.log
current	aria	62	0.6	80	10	1024	134	0	NA	NA	NA	/work/miyayu/aria_experiment/results/ycsb_aria_matrix/full_20260312_002912/current_aria_p12_t62_k40000_rw80_ops10_bs1024_zipf_0.6.log
current	aria	62	0.6	80	10	2048	134	0	NA	NA	NA	/work/miyayu/aria_experiment/results/ycsb_aria_matrix/full_20260312_002912/current_aria_p12_t62_k40000_rw80_ops10_bs2048_zipf_0.6.log
current	aria	62	0.6	80	10	4096	134	1	NA	NA	NA	/work/miyayu/aria_experiment/results/ycsb_aria_matrix/full_20260312_002912/current_aria_p12_t62_k40000_rw80_ops10_bs4096_zipf_0.6.log
current	aria	62	0.6	80	100	1024	134	0	NA	NA	NA	/work/miyayu/aria_experiment/results/ycsb_aria_matrix/full_20260312_002912/current_aria_p12_t62_k40000_rw80_ops100_bs1024_zipf_0.6.log
current	aria	62	0.6	80	100	2048	134	0	NA	NA	NA	/work/miyayu/aria_experiment/results/ycsb_aria_matrix/full_20260312_002912/current_aria_p12_t62_k40000_rw80_ops100_bs2048_zipf_0.6.log
current	aria	62	0.6	80	100	4096	134	1	NA	NA	NA	/work/miyayu/aria_experiment/results/ycsb_aria_matrix/full_20260312_002912/current_aria_p12_t62_k40000_rw80_ops100_bs4096_zipf_0.6.log
current	aria	62	0.8	50	10	1024	134	0	NA	NA	NA	/work/miyayu/aria_experiment/results/ycsb_aria_matrix/full_20260312_002912/current_aria_p12_t62_k40000_rw50_ops10_bs1024_zipf_0.8.log
current	aria	62	0.8	50	10	2048	134	0	NA	NA	NA	/work/miyayu/aria_experiment/results/ycsb_aria_matrix/full_20260312_002912/current_aria_p12_t62_k40000_rw50_ops10_bs2048_zipf_0.8.log
current	aria	62	0.8	50	10	4096	134	1	NA	NA	NA	/work/miyayu/aria_experiment/results/ycsb_aria_matrix/full_20260312_002912/current_aria_p12_t62_k40000_rw50_ops10_bs4096_zipf_0.8.log
current	aria	62	0.8	50	100	1024	134	0	NA	NA	NA	/work/miyayu/aria_experiment/results/ycsb_aria_matrix/full_20260312_002912/current_aria_p12_t62_k40000_rw50_ops100_bs1024_zipf_0.8.log
current	aria	62	0.8	50	100	2048	134	0	NA	NA	NA	/work/miyayu/aria_experiment/results/ycsb_aria_matrix/full_20260312_002912/current_aria_p12_t62_k40000_rw50_ops100_bs2048_zipf_0.8.log
current	aria	62	0.8	50	100	4096	134	1	NA	NA	NA	/work/miyayu/aria_experiment/results/ycsb_aria_matrix/full_20260312_002912/current_aria_p12_t62_k40000_rw50_ops100_bs4096_zipf_0.8.log
current	aria	62	0.8	80	10	1024	134	0	NA	NA	NA	/work/miyayu/aria_experiment/results/ycsb_aria_matrix/full_20260312_002912/current_aria_p12_t62_k40000_rw80_ops10_bs1024_zipf_0.8.log
current	aria	62	0.8	80	10	2048	134	0	NA	NA	NA	/work/miyayu/aria_experiment/results/ycsb_aria_matrix/full_20260312_002912/current_aria_p12_t62_k40000_rw80_ops10_bs2048_zipf_0.8.log
current	aria	62	0.8	80	10	4096	134	1	NA	NA	NA	/work/miyayu/aria_experiment/results/ycsb_aria_matrix/full_20260312_002912/current_aria_p12_t62_k40000_rw80_ops10_bs4096_zipf_0.8.log
current	aria	62	0.8	80	100	1024	134	0	NA	NA	NA	/work/miyayu/aria_experiment/results/ycsb_aria_matrix/full_20260312_002912/current_aria_p12_t62_k40000_rw80_ops100_bs1024_zipf_0.8.log
current	aria	62	0.8	80	100	2048	134	0	NA	NA	NA	/work/miyayu/aria_experiment/results/ycsb_aria_matrix/full_20260312_002912/current_aria_p12_t62_k40000_rw80_ops100_bs2048_zipf_0.8.log
current	aria	62	0.8	80	100	4096	134	1	NA	NA	NA	/work/miyayu/aria_experiment/results/ycsb_aria_matrix/full_20260312_002912/current_aria_p12_t62_k40000_rw80_ops100_bs4096_zipf_0.8.log
current	aria	62	0.9	50	10	1024	134	0	NA	NA	NA	/work/miyayu/aria_experiment/results/ycsb_aria_matrix/full_20260312_002912/current_aria_p12_t62_k40000_rw50_ops10_bs1024_zipf_0.9.log
current	aria	62	0.9	50	10	2048	134	0	NA	NA	NA	/work/miyayu/aria_experiment/results/ycsb_aria_matrix/full_20260312_002912/current_aria_p12_t62_k40000_rw50_ops10_bs2048_zipf_0.9.log
current	aria	62	0.9	50	10	4096	134	1	NA	NA	NA	/work/miyayu/aria_experiment/results/ycsb_aria_matrix/full_20260312_002912/current_aria_p12_t62_k40000_rw50_ops10_bs4096_zipf_0.9.log
current	aria	62	0.9	50	100	1024	134	0	NA	NA	NA	/work/miyayu/aria_experiment/results/ycsb_aria_matrix/full_20260312_002912/current_aria_p12_t62_k40000_rw50_ops100_bs1024_zipf_0.9.log
current	aria	62	0.9	50	100	2048	134	0	NA	NA	NA	/work/miyayu/aria_experiment/results/ycsb_aria_matrix/full_20260312_002912/current_aria_p12_t62_k40000_rw50_ops100_bs2048_zipf_0.9.log
current	aria	62	0.9	50	100	4096	134	1	NA	NA	NA	/work/miyayu/aria_experiment/results/ycsb_aria_matrix/full_20260312_002912/current_aria_p12_t62_k40000_rw50_ops100_bs4096_zipf_0.9.log
current	aria	62	0.9	80	10	1024	134	0	NA	NA	NA	/work/miyayu/aria_experiment/results/ycsb_aria_matrix/full_20260312_002912/current_aria_p12_t62_k40000_rw80_ops10_bs1024_zipf_0.9.log
current	aria	62	0.9	80	10	2048	134	0	NA	NA	NA	/work/miyayu/aria_experiment/results/ycsb_aria_matrix/full_20260312_002912/current_aria_p12_t62_k40000_rw80_ops10_bs2048_zipf_0.9.log
current	aria	62	0.9	80	10	4096	134	1	NA	NA	NA	/work/miyayu/aria_experiment/results/ycsb_aria_matrix/full_20260312_002912/current_aria_p12_t62_k40000_rw80_ops10_bs4096_zipf_0.9.log
current	aria	62	0.9	80	100	1024	134	0	NA	NA	NA	/work/miyayu/aria_experiment/results/ycsb_aria_matrix/full_20260312_002912/current_aria_p12_t62_k40000_rw80_ops100_bs1024_zipf_0.9.log
current	aria	62	0.9	80	100	2048	134	0	NA	NA	NA	/work/miyayu/aria_experiment/results/ycsb_aria_matrix/full_20260312_002912/current_aria_p12_t62_k40000_rw80_ops100_bs2048_zipf_0.9.log
current	aria	62	0.9	80	100	4096	134	1	NA	NA	NA	/work/miyayu/aria_experiment/results/ycsb_aria_matrix/full_20260312_002912/current_aria_p12_t62_k40000_rw80_ops100_bs4096_zipf_0.9.log
current	ariaer	1	0.0	50	10	1024	0	27	45220.9	1268.7	45220.9	/work/miyayu/aria_experiment/results/ycsb_aria_matrix/full_20260312_002912/current_ariaer_p12_t1_k40000_rw50_ops10_bs1024_zipf_0.0.log
current	ariaer	1	0.0	50	10	2048	0	27	43011	2454.6	43011	/work/miyayu/aria_experiment/results/ycsb_aria_matrix/full_20260312_002912/current_ariaer_p12_t1_k40000_rw50_ops10_bs2048_zipf_0.0.log
current	ariaer	1	0.0	50	10	4096	0	27	39144.1	4683.1	39144.1	/work/miyayu/aria_experiment/results/ycsb_aria_matrix/full_20260312_002912/current_ariaer_p12_t1_k40000_rw50_ops10_bs4096_zipf_0.0.log
current	ariaer	1	0.0	50	100	1024	0	28	1058.3	5700.1	1058.3	/work/miyayu/aria_experiment/results/ycsb_aria_matrix/full_20260312_002912/current_ariaer_p12_t1_k40000_rw50_ops100_bs1024_zipf_0.0.log
current	ariaer	1	0.0	50	100	2048	0	27	545.7	6417.5	545.7	/work/miyayu/aria_experiment/results/ycsb_aria_matrix/full_20260312_002912/current_ariaer_p12_t1_k40000_rw50_ops100_bs2048_zipf_0.0.log
current	ariaer	1	0.0	50	100	4096	0	28	275.3	6687.9	275.3	/work/miyayu/aria_experiment/results/ycsb_aria_matrix/full_20260312_002912/current_ariaer_p12_t1_k40000_rw50_ops100_bs4096_zipf_0.0.log
current	ariaer	1	0.0	80	10	1024	0	27	65652.8	292.8	65652.8	/work/miyayu/aria_experiment/results/ycsb_aria_matrix/full_20260312_002912/current_ariaer_p12_t1_k40000_rw80_ops10_bs1024_zipf_0.0.log
current	ariaer	1	0.0	80	10	2048	0	27	64108	608.7	64108	/work/miyayu/aria_experiment/results/ycsb_aria_matrix/full_20260312_002912/current_ariaer_p12_t1_k40000_rw80_ops10_bs2048_zipf_0.0.log
current	ariaer	1	0.0	80	10	4096	0	28	61361.4	1307.4	61361.4	/work/miyayu/aria_experiment/results/ycsb_aria_matrix/full_20260312_002912/current_ariaer_p12_t1_k40000_rw80_ops10_bs4096_zipf_0.0.log
current	ariaer	1	0.0	80	100	1024	0	27	3959.2	6280.8	3959.2	/work/miyayu/aria_experiment/results/ycsb_aria_matrix/full_20260312_002912/current_ariaer_p12_t1_k40000_rw80_ops100_bs1024_zipf_0.0.log
current	ariaer	1	0.0	80	100	2048	0	27	2243.5	8201.3	2243.5	/work/miyayu/aria_experiment/results/ycsb_aria_matrix/full_20260312_002912/current_ariaer_p12_t1_k40000_rw80_ops100_bs2048_zipf_0.0.log
current	ariaer	1	0.0	80	100	4096	0	27	1183.5	9466.1	1183.5	/work/miyayu/aria_experiment/results/ycsb_aria_matrix/full_20260312_002912/current_ariaer_p12_t1_k40000_rw80_ops100_bs4096_zipf_0.0.log
current	ariaer	1	0.2	50	10	1024	0	28	31933.1	937.3	31933.1	/work/miyayu/aria_experiment/results/ycsb_aria_matrix/full_20260312_002912/current_ariaer_p12_t1_k40000_rw50_ops10_bs1024_zipf_0.2.log
current	ariaer	1	0.2	50	10	2048	0	27	30289.5	1864.1	30289.5	/work/miyayu/aria_experiment/results/ycsb_aria_matrix/full_20260312_002912/current_ariaer_p12_t1_k40000_rw50_ops10_bs2048_zipf_0.2.log
current	ariaer	1	0.2	50	10	4096	0	27	27953	3586.2	27953	/work/miyayu/aria_experiment/results/ycsb_aria_matrix/full_20260312_002912/current_ariaer_p12_t1_k40000_rw50_ops10_bs4096_zipf_0.2.log
current	ariaer	1	0.2	50	100	1024	0	27	943.3	5405.5	943.3	/work/miyayu/aria_experiment/results/ycsb_aria_matrix/full_20260312_002912/current_ariaer_p12_t1_k40000_rw50_ops100_bs1024_zipf_0.2.log
current	ariaer	1	0.2	50	100	2048	0	27	484.7	6068.9	484.7	/work/miyayu/aria_experiment/results/ycsb_aria_matrix/full_20260312_002912/current_ariaer_p12_t1_k40000_rw50_ops100_bs2048_zipf_0.2.log
current	ariaer	1	0.2	50	100	4096	0	27	243.5	6310.1	243.5	/work/miyayu/aria_experiment/results/ycsb_aria_matrix/full_20260312_002912/current_ariaer_p12_t1_k40000_rw50_ops100_bs4096_zipf_0.2.log
current	ariaer	1	0.2	80	10	1024	0	27	41277.6	194.4	41277.6	/work/miyayu/aria_experiment/results/ycsb_aria_matrix/full_20260312_002912/current_ariaer_p12_t1_k40000_rw80_ops10_bs1024_zipf_0.2.log
current	ariaer	1	0.2	80	10	2048	0	28	40527.8	432.2	40527.8	/work/miyayu/aria_experiment/results/ycsb_aria_matrix/full_20260312_002912/current_ariaer_p12_t1_k40000_rw80_ops10_bs2048_zipf_0.2.log
current	ariaer	1	0.2	80	10	4096	0	27	39236	904.8	39236	/work/miyayu/aria_experiment/results/ycsb_aria_matrix/full_20260312_002912/current_ariaer_p12_t1_k40000_rw80_ops10_bs4096_zipf_0.2.log
current	ariaer	1	0.2	80	100	1024	0	27	3452.7	5865.7	3452.7	/work/miyayu/aria_experiment/results/ycsb_aria_matrix/full_20260312_002912/current_ariaer_p12_t1_k40000_rw80_ops100_bs1024_zipf_0.2.log
current	ariaer	1	0.2	80	100	2048	0	28	1959.4	7666.2	1959.4	/work/miyayu/aria_experiment/results/ycsb_aria_matrix/full_20260312_002912/current_ariaer_p12_t1_k40000_rw80_ops100_bs2048_zipf_0.2.log
current	ariaer	1	0.2	80	100	4096	0	27	1034.1	8796.3	1034.1	/work/miyayu/aria_experiment/results/ycsb_aria_matrix/full_20260312_002912/current_ariaer_p12_t1_k40000_rw80_ops100_bs4096_zipf_0.2.log
current	ariaer	1	0.4	50	10	1024	0	27	30426	1420.4	30426	/work/miyayu/aria_experiment/results/ycsb_aria_matrix/full_20260312_002912/current_ariaer_p12_t1_k40000_rw50_ops10_bs1024_zipf_0.4.log
current	ariaer	1	0.4	50	10	2048	0	27	29747.8	2815.4	29747.8	/work/miyayu/aria_experiment/results/ycsb_aria_matrix/full_20260312_002912/current_ariaer_p12_t1_k40000_rw50_ops10_bs2048_zipf_0.4.log
current	ariaer	1	0.4	50	10	4096	0	28	26371.2	5168	26371.2	/work/miyayu/aria_experiment/results/ycsb_aria_matrix/full_20260312_002912/current_ariaer_p12_t1_k40000_rw50_ops10_bs4096_zipf_0.4.log
current	ariaer	1	0.4	50	100	1024	0	27	650.9	5800.3	650.9	/work/miyayu/aria_experiment/results/ycsb_aria_matrix/full_20260312_002912/current_ariaer_p12_t1_k40000_rw50_ops100_bs1024_zipf_0.4.log
current	ariaer	1	0.4	50	100	2048	0	27	330.5	6223.1	330.5	/work/miyayu/aria_experiment/results/ycsb_aria_matrix/full_20260312_002912/current_ariaer_p12_t1_k40000_rw50_ops100_bs2048_zipf_0.4.log
current	ariaer	1	0.4	50	100	4096	0	28	161.5	6392.1	161.5	/work/miyayu/aria_experiment/results/ycsb_aria_matrix/full_20260312_002912/current_ariaer_p12_t1_k40000_rw50_ops100_bs4096_zipf_0.4.log
current	ariaer	1	0.4	80	10	1024	0	27	41448.2	331	41448.2	/work/miyayu/aria_experiment/results/ycsb_aria_matrix/full_20260312_002912/current_ariaer_p12_t1_k40000_rw80_ops10_bs1024_zipf_0.4.log
current	ariaer	1	0.4	80	10	2048	0	27	40487.2	677.6	40487.2	/work/miyayu/aria_experiment/results/ycsb_aria_matrix/full_20260312_002912/current_ariaer_p12_t1_k40000_rw80_ops10_bs2048_zipf_0.4.log
current	ariaer	1	0.4	80	10	4096	0	27	38687.6	1453.2	38687.6	/work/miyayu/aria_experiment/results/ycsb_aria_matrix/full_20260312_002912/current_ariaer_p12_t1_k40000_rw80_ops10_bs4096_zipf_0.4.log
current	ariaer	1	0.4	80	100	1024	0	28	2647.9	6977.7	2647.9	/work/miyayu/aria_experiment/results/ycsb_aria_matrix/full_20260312_002912/current_ariaer_p12_t1_k40000_rw80_ops100_bs1024_zipf_0.4.log
current	ariaer	1	0.4	80	100	2048	0	27	1447.6	8382.8	1447.6	/work/miyayu/aria_experiment/results/ycsb_aria_matrix/full_20260312_002912/current_ariaer_p12_t1_k40000_rw80_ops100_bs2048_zipf_0.4.log
current	ariaer	1	0.4	80	100	4096	0	28	745.3	9085.1	745.3	/work/miyayu/aria_experiment/results/ycsb_aria_matrix/full_20260312_002912/current_ariaer_p12_t1_k40000_rw80_ops100_bs4096_zipf_0.4.log
current	ariaer	1	0.6	50	10	1024	0	27	28186.6	5707.8	28186.6	/work/miyayu/aria_experiment/results/ycsb_aria_matrix/full_20260312_002912/current_ariaer_p12_t1_k40000_rw50_ops10_bs1024_zipf_0.6.log
current	ariaer	1	0.6	50	10	2048	0	27	24738.5	8643.9	24738.5	/work/miyayu/aria_experiment/results/ycsb_aria_matrix/full_20260312_002912/current_ariaer_p12_t1_k40000_rw50_ops10_bs2048_zipf_0.6.log
current	ariaer	1	0.6	50	10	4096	0	27	20404.3	12363.7	20404.3	/work/miyayu/aria_experiment/results/ycsb_aria_matrix/full_20260312_002912/current_ariaer_p12_t1_k40000_rw50_ops10_bs4096_zipf_0.6.log
current	ariaer	1	0.6	50	100	1024	0	28	162.6	6595.8	162.6	/work/miyayu/aria_experiment/results/ycsb_aria_matrix/full_20260312_002912/current_ariaer_p12_t1_k40000_rw50_ops100_bs1024_zipf_0.6.log
current	ariaer	1	0.6	50	100	2048	0	27	85.1	6878.1	85.1	/work/miyayu/aria_experiment/results/ycsb_aria_matrix/full_20260312_002912/current_ariaer_p12_t1_k40000_rw50_ops100_bs2048_zipf_0.6.log
current	ariaer	1	0.6	50	100	4096	0	28	41.3	6512.3	41.3	/work/miyayu/aria_experiment/results/ycsb_aria_matrix/full_20260312_002912/current_ariaer_p12_t1_k40000_rw50_ops100_bs4096_zipf_0.6.log
current	ariaer	1	0.6	80	10	1024	0	27	40754.9	1843.5	40754.9	/work/miyayu/aria_experiment/results/ycsb_aria_matrix/full_20260312_002912/current_ariaer_p12_t1_k40000_rw80_ops10_bs1024_zipf_0.6.log
current	ariaer	1	0.6	80	10	2048	0	27	38811.6	3172.4	38811.6	/work/miyayu/aria_experiment/results/ycsb_aria_matrix/full_20260312_002912/current_ariaer_p12_t1_k40000_rw80_ops10_bs2048_zipf_0.6.log
current	ariaer	1	0.6	80	10	4096	0	27	35690.9	5269.1	35690.9	/work/miyayu/aria_experiment/results/ycsb_aria_matrix/full_20260312_002912/current_ariaer_p12_t1_k40000_rw80_ops10_bs4096_zipf_0.6.log
current	ariaer	1	0.6	80	100	1024	0	28	1083.7	9361.1	1083.7	/work/miyayu/aria_experiment/results/ycsb_aria_matrix/full_20260312_002912/current_ariaer_p12_t1_k40000_rw80_ops100_bs1024_zipf_0.6.log
current	ariaer	1	0.6	80	100	2048	0	27	594.8	9850	594.8	/work/miyayu/aria_experiment/results/ycsb_aria_matrix/full_20260312_002912/current_ariaer_p12_t1_k40000_rw80_ops100_bs2048_zipf_0.6.log
current	ariaer	1	0.6	80	100	4096	0	27	310.5	10339.1	310.5	/work/miyayu/aria_experiment/results/ycsb_aria_matrix/full_20260312_002912/current_ariaer_p12_t1_k40000_rw80_ops100_bs4096_zipf_0.6.log
current	ariaer	1	0.8	50	10	1024	0	28	15140.2	20904.6	15140.2	/work/miyayu/aria_experiment/results/ycsb_aria_matrix/full_20260312_002912/current_ariaer_p12_t1_k40000_rw50_ops10_bs1024_zipf_0.8.log
current	ariaer	1	0.8	50	10	2048	0	27	11905.5	23934.5	11905.5	/work/miyayu/aria_experiment/results/ycsb_aria_matrix/full_20260312_002912/current_ariaer_p12_t1_k40000_rw50_ops10_bs2048_zipf_0.8.log
current	ariaer	1	0.8	50	10	4096	0	27	8891.8	26333.8	8891.8	/work/miyayu/aria_experiment/results/ycsb_aria_matrix/full_20260312_002912/current_ariaer_p12_t1_k40000_rw50_ops10_bs4096_zipf_0.8.log
current	ariaer	1	0.8	50	100	1024	0	27	12.3	7155.7	12.3	/work/miyayu/aria_experiment/results/ycsb_aria_matrix/full_20260312_002912/current_ariaer_p12_t1_k40000_rw50_ops100_bs1024_zipf_0.8.log
current	ariaer	1	0.8	50	100	2048	0	28	6.4	7366.4	6.4	/work/miyayu/aria_experiment/results/ycsb_aria_matrix/full_20260312_002912/current_ariaer_p12_t1_k40000_rw50_ops100_bs2048_zipf_0.8.log
current	ariaer	1	0.8	50	100	4096	0	27	2.6	6960.6	2.6	/work/miyayu/aria_experiment/results/ycsb_aria_matrix/full_20260312_002912/current_ariaer_p12_t1_k40000_rw50_ops100_bs4096_zipf_0.8.log
current	ariaer	1	0.8	80	10	1024	0	27	32600	11841.6	32600	/work/miyayu/aria_experiment/results/ycsb_aria_matrix/full_20260312_002912/current_ariaer_p12_t1_k40000_rw80_ops10_bs1024_zipf_0.8.log
current	ariaer	1	0.8	80	10	2048	0	28	29409.1	14622.9	29409.1	/work/miyayu/aria_experiment/results/ycsb_aria_matrix/full_20260312_002912/current_ariaer_p12_t1_k40000_rw80_ops10_bs2048_zipf_0.8.log
current	ariaer	1	0.8	80	10	4096	0	27	25895.9	17521.7	25895.9	/work/miyayu/aria_experiment/results/ycsb_aria_matrix/full_20260312_002912/current_ariaer_p12_t1_k40000_rw80_ops10_bs4096_zipf_0.8.log
current	ariaer	1	0.8	80	100	1024	0	27	162.6	11408.6	162.6	/work/miyayu/aria_experiment/results/ycsb_aria_matrix/full_20260312_002912/current_ariaer_p12_t1_k40000_rw80_ops100_bs1024_zipf_0.8.log
current	ariaer	1	0.8	80	100	2048	0	27	86.3	11587.3	86.3	/work/miyayu/aria_experiment/results/ycsb_aria_matrix/full_20260312_002912/current_ariaer_p12_t1_k40000_rw80_ops100_bs2048_zipf_0.8.log
current	ariaer	1	0.8	80	100	4096	0	27	44.2	11834.2	44.2	/work/miyayu/aria_experiment/results/ycsb_aria_matrix/full_20260312_002912/current_ariaer_p12_t1_k40000_rw80_ops100_bs4096_zipf_0.8.log
current	ariaer	1	0.9	50	10	1024	0	27	7720.3	29041.3	7720.3	/work/miyayu/aria_experiment/results/ycsb_aria_matrix/full_20260312_002912/current_ariaer_p12_t1_k40000_rw50_ops10_bs1024_zipf_0.9.log
current	ariaer	1	0.9	50	10	2048	0	27	5800.2	30654.2	5800.2	/work/miyayu/aria_experiment/results/ycsb_aria_matrix/full_20260312_002912/current_ariaer_p12_t1_k40000_rw50_ops10_bs2048_zipf_0.9.log
current	ariaer	1	0.9	50	10	4096	0	28	4253.6	31791.2	4253.6	/work/miyayu/aria_experiment/results/ycsb_aria_matrix/full_20260312_002912/current_ariaer_p12_t1_k40000_rw50_ops10_bs4096_zipf_0.9.log
current	ariaer	1	0.9	50	100	1024	0	27	7.6	7365.2	7.6	/work/miyayu/aria_experiment/results/ycsb_aria_matrix/full_20260312_002912/current_ariaer_p12_t1_k40000_rw50_ops100_bs1024_zipf_0.9.log
current	ariaer	1	0.9	50	100	2048	0	27	3.9	7573.7	3.9	/work/miyayu/aria_experiment/results/ycsb_aria_matrix/full_20260312_002912/current_ariaer_p12_t1_k40000_rw50_ops100_bs2048_zipf_0.9.log
current	ariaer	1	0.9	50	100	4096	0	28	2.1	7780.3	2.1	/work/miyayu/aria_experiment/results/ycsb_aria_matrix/full_20260312_002912/current_ariaer_p12_t1_k40000_rw50_ops100_bs4096_zipf_0.9.log
current	ariaer	1	0.9	80	10	1024	0	27	25028.5	19925.1	25028.5	/work/miyayu/aria_experiment/results/ycsb_aria_matrix/full_20260312_002912/current_ariaer_p12_t1_k40000_rw80_ops10_bs1024_zipf_0.9.log
current	ariaer	1	0.9	80	10	2048	0	27	22287.5	22358.9	22287.5	/work/miyayu/aria_experiment/results/ycsb_aria_matrix/full_20260312_002912/current_ariaer_p12_t1_k40000_rw80_ops10_bs2048_zipf_0.9.log
current	ariaer	1	0.9	80	10	4096	0	28	19765.7	24471.1	19765.7	/work/miyayu/aria_experiment/results/ycsb_aria_matrix/full_20260312_002912/current_ariaer_p12_t1_k40000_rw80_ops10_bs4096_zipf_0.9.log
current	ariaer	1	0.9	80	100	1024	0	27	49.3	12033.9	49.3	/work/miyayu/aria_experiment/results/ycsb_aria_matrix/full_20260312_002912/current_ariaer_p12_t1_k40000_rw80_ops100_bs1024_zipf_0.9.log
current	ariaer	1	0.9	80	100	2048	0	27	21.4	12061.8	21.4	/work/miyayu/aria_experiment/results/ycsb_aria_matrix/full_20260312_002912/current_ariaer_p12_t1_k40000_rw80_ops100_bs2048_zipf_0.9.log
current	ariaer	1	0.9	80	100	4096	0	28	11.8	11866.6	11.8	/work/miyayu/aria_experiment/results/ycsb_aria_matrix/full_20260312_002912/current_ariaer_p12_t1_k40000_rw80_ops100_bs4096_zipf_0.9.log
current	ariaer	2	0.0	50	10	1024	0	26	91368.9	2531.9	91368.9	/work/miyayu/aria_experiment/results/ycsb_aria_matrix/full_20260312_002912/current_ariaer_p12_t2_k40000_rw50_ops10_bs1024_zipf_0.0.log
current	ariaer	2	0.0	50	10	2048	0	27	86437.9	4902.9	86437.9	/work/miyayu/aria_experiment/results/ycsb_aria_matrix/full_20260312_002912/current_ariaer_p12_t2_k40000_rw50_ops10_bs2048_zipf_0.0.log
current	ariaer	2	0.0	50	10	4096	0	27	78643.6	9420.4	78643.6	/work/miyayu/aria_experiment/results/ycsb_aria_matrix/full_20260312_002912/current_ariaer_p12_t2_k40000_rw50_ops10_bs4096_zipf_0.0.log
current	ariaer	2	0.0	50	100	1024	0	27	2121.8	11395	2121.8	/work/miyayu/aria_experiment/results/ycsb_aria_matrix/full_20260312_002912/current_ariaer_p12_t2_k40000_rw50_ops100_bs1024_zipf_0.0.log
current	ariaer	2	0.0	50	100	2048	0	26	1104.1	12822.3	1104.1	/work/miyayu/aria_experiment/results/ycsb_aria_matrix/full_20260312_002912/current_ariaer_p12_t2_k40000_rw50_ops100_bs2048_zipf_0.0.log
current	ariaer	2	0.0	50	100	4096	0	26	543.4	13383	543.4	/work/miyayu/aria_experiment/results/ycsb_aria_matrix/full_20260312_002912/current_ariaer_p12_t2_k40000_rw50_ops100_bs4096_zipf_0.0.log
current	ariaer	2	0.0	80	10	1024	0	27	132723	602.2	132723	/work/miyayu/aria_experiment/results/ycsb_aria_matrix/full_20260312_002912/current_ariaer_p12_t2_k40000_rw80_ops10_bs1024_zipf_0.0.log
current	ariaer	2	0.0	80	10	2048	0	27	128986	1266.5	128986	/work/miyayu/aria_experiment/results/ycsb_aria_matrix/full_20260312_002912/current_ariaer_p12_t2_k40000_rw80_ops10_bs2048_zipf_0.0.log
current	ariaer	2	0.0	80	10	4096	0	27	122738	2599.3	122738	/work/miyayu/aria_experiment/results/ycsb_aria_matrix/full_20260312_002912/current_ariaer_p12_t2_k40000_rw80_ops10_bs4096_zipf_0.0.log
current	ariaer	2	0.0	80	100	1024	0	27	7829.9	12445.3	7829.9	/work/miyayu/aria_experiment/results/ycsb_aria_matrix/full_20260312_002912/current_ariaer_p12_t2_k40000_rw80_ops100_bs1024_zipf_0.0.log
current	ariaer	2	0.0	80	100	2048	0	26	4481.1	16408.5	4481.1	/work/miyayu/aria_experiment/results/ycsb_aria_matrix/full_20260312_002912/current_ariaer_p12_t2_k40000_rw80_ops100_bs2048_zipf_0.0.log
current	ariaer	2	0.0	80	100	4096	0	26	2359.6	18939.6	2359.6	/work/miyayu/aria_experiment/results/ycsb_aria_matrix/full_20260312_002912/current_ariaer_p12_t2_k40000_rw80_ops100_bs4096_zipf_0.0.log
current	ariaer	2	0.2	50	10	1024	0	27	64074.3	1871.3	64074.3	/work/miyayu/aria_experiment/results/ycsb_aria_matrix/full_20260312_002912/current_ariaer_p12_t2_k40000_rw50_ops10_bs1024_zipf_0.2.log
current	ariaer	2	0.2	50	10	2048	0	27	61201.1	3720.5	61201.1	/work/miyayu/aria_experiment/results/ycsb_aria_matrix/full_20260312_002912/current_ariaer_p12_t2_k40000_rw50_ops10_bs2048_zipf_0.2.log
current	ariaer	2	0.2	50	10	4096	0	27	55858.2	7220.2	55858.2	/work/miyayu/aria_experiment/results/ycsb_aria_matrix/full_20260312_002912/current_ariaer_p12_t2_k40000_rw50_ops10_bs4096_zipf_0.2.log
current	ariaer	2	0.2	50	100	1024	0	27	1874	10823.6	1874	/work/miyayu/aria_experiment/results/ycsb_aria_matrix/full_20260312_002912/current_ariaer_p12_t2_k40000_rw50_ops100_bs1024_zipf_0.2.log
current	ariaer	2	0.2	50	100	2048	0	26	959	11943.4	959	/work/miyayu/aria_experiment/results/ycsb_aria_matrix/full_20260312_002912/current_ariaer_p12_t2_k40000_rw50_ops100_bs2048_zipf_0.2.log
current	ariaer	2	0.2	50	100	4096	0	27	486.9	12620.3	486.9	/work/miyayu/aria_experiment/results/ycsb_aria_matrix/full_20260312_002912/current_ariaer_p12_t2_k40000_rw50_ops100_bs4096_zipf_0.2.log
current	ariaer	2	0.2	80	10	1024	0	27	83254.8	406	83254.8	/work/miyayu/aria_experiment/results/ycsb_aria_matrix/full_20260312_002912/current_ariaer_p12_t2_k40000_rw80_ops10_bs1024_zipf_0.2.log
current	ariaer	2	0.2	80	10	2048	0	27	81491.7	837.8	81491.7	/work/miyayu/aria_experiment/results/ycsb_aria_matrix/full_20260312_002912/current_ariaer_p12_t2_k40000_rw80_ops10_bs2048_zipf_0.2.log
current	ariaer	2	0.2	80	10	4096	0	27	78468.5	1813	78468.5	/work/miyayu/aria_experiment/results/ycsb_aria_matrix/full_20260312_002912/current_ariaer_p12_t2_k40000_rw80_ops10_bs4096_zipf_0.2.log
current	ariaer	2	0.2	80	100	1024	0	27	6863.2	11671.2	6863.2	/work/miyayu/aria_experiment/results/ycsb_aria_matrix/full_20260312_002912/current_ariaer_p12_t2_k40000_rw80_ops100_bs1024_zipf_0.2.log
current	ariaer	2	0.2	80	100	2048	0	26	3923.7	15327.5	3923.7	/work/miyayu/aria_experiment/results/ycsb_aria_matrix/full_20260312_002912/current_ariaer_p12_t2_k40000_rw80_ops100_bs2048_zipf_0.2.log
current	ariaer	2	0.2	80	100	4096	0	26	2062.8	17598	2062.8	/work/miyayu/aria_experiment/results/ycsb_aria_matrix/full_20260312_002912/current_ariaer_p12_t2_k40000_rw80_ops100_bs4096_zipf_0.2.log
current	ariaer	2	0.4	50	10	1024	0	27	63406.4	2948.8	63406.4	/work/miyayu/aria_experiment/results/ycsb_aria_matrix/full_20260312_002912/current_ariaer_p12_t2_k40000_rw50_ops10_bs1024_zipf_0.4.log
current	ariaer	2	0.4	50	10	2048	0	27	59464.1	5662.3	59464.1	/work/miyayu/aria_experiment/results/ycsb_aria_matrix/full_20260312_002912/current_ariaer_p12_t2_k40000_rw50_ops10_bs2048_zipf_0.4.log
current	ariaer	2	0.4	50	10	4096	0	27	53027.2	10460.8	53027.2	/work/miyayu/aria_experiment/results/ycsb_aria_matrix/full_20260312_002912/current_ariaer_p12_t2_k40000_rw50_ops10_bs4096_zipf_0.4.log
current	ariaer	2	0.4	50	100	1024	0	26	1287	11615.4	1287	/work/miyayu/aria_experiment/results/ycsb_aria_matrix/full_20260312_002912/current_ariaer_p12_t2_k40000_rw50_ops100_bs1024_zipf_0.4.log
current	ariaer	2	0.4	50	100	2048	0	26	661.7	12445.5	661.7	/work/miyayu/aria_experiment/results/ycsb_aria_matrix/full_20260312_002912/current_ariaer_p12_t2_k40000_rw50_ops100_bs2048_zipf_0.4.log
current	ariaer	2	0.4	50	100	4096	0	27	328.2	12779	328.2	/work/miyayu/aria_experiment/results/ycsb_aria_matrix/full_20260312_002912/current_ariaer_p12_t2_k40000_rw50_ops100_bs4096_zipf_0.4.log
current	ariaer	2	0.4	80	10	1024	0	27	83210.2	655.4	83210.2	/work/miyayu/aria_experiment/results/ycsb_aria_matrix/full_20260312_002912/current_ariaer_p12_t2_k40000_rw80_ops10_bs1024_zipf_0.4.log
current	ariaer	2	0.4	80	10	2048	0	27	81377.3	1361.9	81377.3	/work/miyayu/aria_experiment/results/ycsb_aria_matrix/full_20260312_002912/current_ariaer_p12_t2_k40000_rw80_ops10_bs2048_zipf_0.4.log
current	ariaer	2	0.4	80	10	4096	0	27	77754.1	2937.1	77754.1	/work/miyayu/aria_experiment/results/ycsb_aria_matrix/full_20260312_002912/current_ariaer_p12_t2_k40000_rw80_ops10_bs4096_zipf_0.4.log
current	ariaer	2	0.4	80	100	1024	0	26	5236.3	13810.1	5236.3	/work/miyayu/aria_experiment/results/ycsb_aria_matrix/full_20260312_002912/current_ariaer_p12_t2_k40000_rw80_ops100_bs1024_zipf_0.4.log
current	ariaer	2	0.4	80	100	2048	0	27	2885.8	16775	2885.8	/work/miyayu/aria_experiment/results/ycsb_aria_matrix/full_20260312_002912/current_ariaer_p12_t2_k40000_rw80_ops100_bs2048_zipf_0.4.log
current	ariaer	2	0.4	80	100	4096	0	27	1511.8	18558.6	1511.8	/work/miyayu/aria_experiment/results/ycsb_aria_matrix/full_20260312_002912/current_ariaer_p12_t2_k40000_rw80_ops100_bs4096_zipf_0.4.log
current	ariaer	2	0.6	50	10	1024	0	27	56472	11521.6	56472	/work/miyayu/aria_experiment/results/ycsb_aria_matrix/full_20260312_002912/current_ariaer_p12_t2_k40000_rw50_ops10_bs1024_zipf_0.6.log
current	ariaer	2	0.6	50	10	2048	0	27	49653.4	17521	49653.4	/work/miyayu/aria_experiment/results/ycsb_aria_matrix/full_20260312_002912/current_ariaer_p12_t2_k40000_rw50_ops10_bs2048_zipf_0.6.log
current	ariaer	2	0.6	50	10	4096	0	27	41052.9	24892.7	41052.9	/work/miyayu/aria_experiment/results/ycsb_aria_matrix/full_20260312_002912/current_ariaer_p12_t2_k40000_rw50_ops10_bs4096_zipf_0.6.log
current	ariaer	2	0.6	50	100	1024	0	26	324.7	13089.7	324.7	/work/miyayu/aria_experiment/results/ycsb_aria_matrix/full_20260312_002912/current_ariaer_p12_t2_k40000_rw50_ops100_bs1024_zipf_0.6.log
current	ariaer	2	0.6	50	100	2048	0	27	164.1	13557.5	164.1	/work/miyayu/aria_experiment/results/ycsb_aria_matrix/full_20260312_002912/current_ariaer_p12_t2_k40000_rw50_ops100_bs2048_zipf_0.6.log
current	ariaer	2	0.6	50	100	4096	0	27	80.3	13846.1	80.3	/work/miyayu/aria_experiment/results/ycsb_aria_matrix/full_20260312_002912/current_ariaer_p12_t2_k40000_rw50_ops100_bs4096_zipf_0.6.log
current	ariaer	2	0.6	80	10	1024	0	27	81489.6	3707.2	81489.6	/work/miyayu/aria_experiment/results/ycsb_aria_matrix/full_20260312_002912/current_ariaer_p12_t2_k40000_rw80_ops10_bs1024_zipf_0.6.log
current	ariaer	2	0.6	80	10	2048	0	27	77643.2	6470.1	77643.2	/work/miyayu/aria_experiment/results/ycsb_aria_matrix/full_20260312_002912/current_ariaer_p12_t2_k40000_rw80_ops10_bs2048_zipf_0.6.log
current	ariaer	2	0.6	80	10	4096	0	26	72115.8	10623.4	72115.8	/work/miyayu/aria_experiment/results/ycsb_aria_matrix/full_20260312_002912/current_ariaer_p12_t2_k40000_rw80_ops10_bs4096_zipf_0.6.log
current	ariaer	2	0.6	80	100	1024	0	27	2124.9	18457.5	2124.9	/work/miyayu/aria_experiment/results/ycsb_aria_matrix/full_20260312_002912/current_ariaer_p12_t2_k40000_rw80_ops100_bs1024_zipf_0.6.log
current	ariaer	2	0.6	80	100	2048	0	27	1163.5	19726.1	1163.5	/work/miyayu/aria_experiment/results/ycsb_aria_matrix/full_20260312_002912/current_ariaer_p12_t2_k40000_rw80_ops100_bs2048_zipf_0.6.log
current	ariaer	2	0.6	80	100	4096	0	27	611.2	20688	611.2	/work/miyayu/aria_experiment/results/ycsb_aria_matrix/full_20260312_002912/current_ariaer_p12_t2_k40000_rw80_ops100_bs4096_zipf_0.6.log
current	ariaer	2	0.8	50	10	1024	0	27	30225	41967	30225	/work/miyayu/aria_experiment/results/ycsb_aria_matrix/full_20260312_002912/current_ariaer_p12_t2_k40000_rw50_ops10_bs1024_zipf_0.8.log
current	ariaer	2	0.8	50	10	2048	0	26	23861.9	48022.9	23861.9	/work/miyayu/aria_experiment/results/ycsb_aria_matrix/full_20260312_002912/current_ariaer_p12_t2_k40000_rw50_ops10_bs2048_zipf_0.8.log
current	ariaer	2	0.8	50	10	4096	0	27	17946.7	52914.1	17946.7	/work/miyayu/aria_experiment/results/ycsb_aria_matrix/full_20260312_002912/current_ariaer_p12_t2_k40000_rw50_ops10_bs4096_zipf_0.8.log
current	ariaer	2	0.8	50	100	1024	0	27	22.9	14210.7	22.9	/work/miyayu/aria_experiment/results/ycsb_aria_matrix/full_20260312_002912/current_ariaer_p12_t2_k40000_rw50_ops100_bs1024_zipf_0.8.log
current	ariaer	2	0.8	50	100	2048	0	27	12.8	14323.2	12.8	/work/miyayu/aria_experiment/results/ycsb_aria_matrix/full_20260312_002912/current_ariaer_p12_t2_k40000_rw50_ops100_bs2048_zipf_0.8.log
current	ariaer	2	0.8	50	100	4096	0	27	6.1	14329.9	6.1	/work/miyayu/aria_experiment/results/ycsb_aria_matrix/full_20260312_002912/current_ariaer_p12_t2_k40000_rw50_ops100_bs4096_zipf_0.8.log
current	ariaer	2	0.8	80	10	1024	0	26	65357.7	23627.9	65357.7	/work/miyayu/aria_experiment/results/ycsb_aria_matrix/full_20260312_002912/current_ariaer_p12_t2_k40000_rw80_ops10_bs1024_zipf_0.8.log
current	ariaer	2	0.8	80	10	2048	0	27	59100.2	29373.4	59100.2	/work/miyayu/aria_experiment/results/ycsb_aria_matrix/full_20260312_002912/current_ariaer_p12_t2_k40000_rw80_ops10_bs2048_zipf_0.8.log
current	ariaer	2	0.8	80	10	4096	0	27	51954.3	34880.9	51954.3	/work/miyayu/aria_experiment/results/ycsb_aria_matrix/full_20260312_002912/current_ariaer_p12_t2_k40000_rw80_ops10_bs4096_zipf_0.8.log
current	ariaer	2	0.8	80	100	1024	0	27	316.5	22621.1	316.5	/work/miyayu/aria_experiment/results/ycsb_aria_matrix/full_20260312_002912/current_ariaer_p12_t2_k40000_rw80_ops100_bs1024_zipf_0.8.log
current	ariaer	2	0.8	80	100	2048	0	27	163.5	22978.9	163.5	/work/miyayu/aria_experiment/results/ycsb_aria_matrix/full_20260312_002912/current_ariaer_p12_t2_k40000_rw80_ops100_bs2048_zipf_0.8.log
current	ariaer	2	0.8	80	100	4096	0	26	79.4	22858.2	79.4	/work/miyayu/aria_experiment/results/ycsb_aria_matrix/full_20260312_002912/current_ariaer_p12_t2_k40000_rw80_ops100_bs4096_zipf_0.8.log
current	ariaer	2	0.9	50	10	1024	0	26	15500.4	58022.8	15500.4	/work/miyayu/aria_experiment/results/ycsb_aria_matrix/full_20260312_002912/current_ariaer_p12_t2_k40000_rw50_ops10_bs1024_zipf_0.9.log
current	ariaer	2	0.9	50	10	2048	0	27	11697.4	61416.2	11697.4	/work/miyayu/aria_experiment/results/ycsb_aria_matrix/full_20260312_002912/current_ariaer_p12_t2_k40000_rw50_ops10_bs2048_zipf_0.9.log
current	ariaer	2	0.9	50	10	4096	0	27	8421.2	63668.4	8421.2	/work/miyayu/aria_experiment/results/ycsb_aria_matrix/full_20260312_002912/current_ariaer_p12_t2_k40000_rw50_ops10_bs4096_zipf_0.9.log
current	ariaer	2	0.9	50	100	1024	0	27	15.3	14730.3	15.3	/work/miyayu/aria_experiment/results/ycsb_aria_matrix/full_20260312_002912/current_ariaer_p12_t2_k40000_rw50_ops100_bs1024_zipf_0.9.log
current	ariaer	2	0.9	50	100	2048	0	26	7.8	14737.8	7.8	/work/miyayu/aria_experiment/results/ycsb_aria_matrix/full_20260312_002912/current_ariaer_p12_t2_k40000_rw50_ops100_bs2048_zipf_0.9.log
current	ariaer	2	0.9	50	100	4096	0	27	4	14741.6	4	/work/miyayu/aria_experiment/results/ycsb_aria_matrix/full_20260312_002912/current_ariaer_p12_t2_k40000_rw50_ops100_bs4096_zipf_0.9.log
current	ariaer	2	0.9	80	10	1024	0	27	50119.6	39787.3	50119.6	/work/miyayu/aria_experiment/results/ycsb_aria_matrix/full_20260312_002912/current_ariaer_p12_t2_k40000_rw80_ops10_bs1024_zipf_0.9.log
current	ariaer	2	0.9	80	10	2048	0	27	44619.9	44672.9	44619.9	/work/miyayu/aria_experiment/results/ycsb_aria_matrix/full_20260312_002912/current_ariaer_p12_t2_k40000_rw80_ops10_bs2048_zipf_0.9.log
current	ariaer	2	0.9	80	10	4096	0	27	39359.2	48704.8	39359.2	/work/miyayu/aria_experiment/results/ycsb_aria_matrix/full_20260312_002912/current_ariaer_p12_t2_k40000_rw80_ops10_bs4096_zipf_0.9.log
current	ariaer	2	0.9	80	100	1024	0	26	94.2	23969.8	94.2	/work/miyayu/aria_experiment/results/ycsb_aria_matrix/full_20260312_002912/current_ariaer_p12_t2_k40000_rw80_ops100_bs1024_zipf_0.9.log
current	ariaer	2	0.9	80	100	2048	0	26	47.6	24118.8	47.6	/work/miyayu/aria_experiment/results/ycsb_aria_matrix/full_20260312_002912/current_ariaer_p12_t2_k40000_rw80_ops100_bs2048_zipf_0.9.log
current	ariaer	2	0.9	80	100	4096	0	27	23.3	24143.1	23.3	/work/miyayu/aria_experiment/results/ycsb_aria_matrix/full_20260312_002912/current_ariaer_p12_t2_k40000_rw80_ops100_bs4096_zipf_0.9.log
current	ariaer	4	0.0	50	10	1024	0	27	185809	5167.2	185809	/work/miyayu/aria_experiment/results/ycsb_aria_matrix/full_20260312_002912/current_ariaer_p12_t4_k40000_rw50_ops10_bs1024_zipf_0.0.log
current	ariaer	4	0.0	50	10	2048	0	26	175742	10011.7	175742	/work/miyayu/aria_experiment/results/ycsb_aria_matrix/full_20260312_002912/current_ariaer_p12_t4_k40000_rw50_ops10_bs2048_zipf_0.0.log
current	ariaer	4	0.0	50	10	4096	0	27	158019	19027.1	158019	/work/miyayu/aria_experiment/results/ycsb_aria_matrix/full_20260312_002912/current_ariaer_p12_t4_k40000_rw50_ops10_bs4096_zipf_0.0.log
current	ariaer	4	0.0	50	100	1024	0	27	4212.8	22616	4212.8	/work/miyayu/aria_experiment/results/ycsb_aria_matrix/full_20260312_002912/current_ariaer_p12_t4_k40000_rw50_ops100_bs1024_zipf_0.0.log
current	ariaer	4	0.0	50	100	2048	0	26	2178.9	25264.3	2178.9	/work/miyayu/aria_experiment/results/ycsb_aria_matrix/full_20260312_002912/current_ariaer_p12_t4_k40000_rw50_ops100_bs2048_zipf_0.0.log
current	ariaer	4	0.0	50	100	4096	0	27	1114.1	27147.1	1114.1	/work/miyayu/aria_experiment/results/ycsb_aria_matrix/full_20260312_002912/current_ariaer_p12_t4_k40000_rw50_ops100_bs4096_zipf_0.0.log
current	ariaer	4	0.0	80	10	1024	0	26	269608	1239.6	269608	/work/miyayu/aria_experiment/results/ycsb_aria_matrix/full_20260312_002912/current_ariaer_p12_t4_k40000_rw80_ops10_bs1024_zipf_0.0.log
current	ariaer	4	0.0	80	10	2048	0	26	259858	2491.3	259858	/work/miyayu/aria_experiment/results/ycsb_aria_matrix/full_20260312_002912/current_ariaer_p12_t4_k40000_rw80_ops10_bs2048_zipf_0.0.log
current	ariaer	4	0.0	80	10	4096	0	27	247833	5299.4	247833	/work/miyayu/aria_experiment/results/ycsb_aria_matrix/full_20260312_002912/current_ariaer_p12_t4_k40000_rw80_ops10_bs4096_zipf_0.0.log
current	ariaer	4	0.0	80	100	1024	0	27	15701.6	24746.4	15701.6	/work/miyayu/aria_experiment/results/ycsb_aria_matrix/full_20260312_002912/current_ariaer_p12_t4_k40000_rw80_ops100_bs1024_zipf_0.0.log
current	ariaer	4	0.0	80	100	2048	0	26	8926.2	32648.2	8926.2	/work/miyayu/aria_experiment/results/ycsb_aria_matrix/full_20260312_002912/current_ariaer_p12_t4_k40000_rw80_ops100_bs2048_zipf_0.0.log
current	ariaer	4	0.0	80	100	4096	0	27	4815.2	38602.4	4815.2	/work/miyayu/aria_experiment/results/ycsb_aria_matrix/full_20260312_002912/current_ariaer_p12_t4_k40000_rw80_ops100_bs4096_zipf_0.0.log
current	ariaer	4	0.2	50	10	1024	0	26	130284	3860.2	130284	/work/miyayu/aria_experiment/results/ycsb_aria_matrix/full_20260312_002912/current_ariaer_p12_t4_k40000_rw50_ops10_bs1024_zipf_0.2.log
current	ariaer	4	0.2	50	10	2048	0	27	123909	7572.3	123909	/work/miyayu/aria_experiment/results/ycsb_aria_matrix/full_20260312_002912/current_ariaer_p12_t4_k40000_rw50_ops10_bs2048_zipf_0.2.log
current	ariaer	4	0.2	50	10	4096	0	26	112100	14466.5	112100	/work/miyayu/aria_experiment/results/ycsb_aria_matrix/full_20260312_002912/current_ariaer_p12_t4_k40000_rw50_ops10_bs4096_zipf_0.2.log
current	ariaer	4	0.2	50	100	1024	0	26	3737.3	21555.5	3737.3	/work/miyayu/aria_experiment/results/ycsb_aria_matrix/full_20260312_002912/current_ariaer_p12_t4_k40000_rw50_ops100_bs1024_zipf_0.2.log
current	ariaer	4	0.2	50	100	2048	0	26	1903.5	23901.3	1903.5	/work/miyayu/aria_experiment/results/ycsb_aria_matrix/full_20260312_002912/current_ariaer_p12_t4_k40000_rw50_ops100_bs2048_zipf_0.2.log
current	ariaer	4	0.2	50	100	4096	0	27	984.4	25230	984.4	/work/miyayu/aria_experiment/results/ycsb_aria_matrix/full_20260312_002912/current_ariaer_p12_t4_k40000_rw50_ops100_bs4096_zipf_0.2.log
current	ariaer	4	0.2	80	10	1024	0	27	168350	815.2	168350	/work/miyayu/aria_experiment/results/ycsb_aria_matrix/full_20260312_002912/current_ariaer_p12_t4_k40000_rw80_ops10_bs1024_zipf_0.2.log
current	ariaer	4	0.2	80	10	2048	0	26	164191	1697.2	164191	/work/miyayu/aria_experiment/results/ycsb_aria_matrix/full_20260312_002912/current_ariaer_p12_t4_k40000_rw80_ops10_bs2048_zipf_0.2.log
current	ariaer	4	0.2	80	10	4096	0	27	158166	3626.2	158166	/work/miyayu/aria_experiment/results/ycsb_aria_matrix/full_20260312_002912/current_ariaer_p12_t4_k40000_rw80_ops10_bs4096_zipf_0.2.log
current	ariaer	4	0.2	80	100	1024	0	27	13677.3	23289.1	13677.3	/work/miyayu/aria_experiment/results/ycsb_aria_matrix/full_20260312_002912/current_ariaer_p12_t4_k40000_rw80_ops100_bs1024_zipf_0.2.log
current	ariaer	4	0.2	80	100	2048	0	26	7747.4	30345.4	7747.4	/work/miyayu/aria_experiment/results/ycsb_aria_matrix/full_20260312_002912/current_ariaer_p12_t4_k40000_rw80_ops100_bs2048_zipf_0.2.log
current	ariaer	4	0.2	80	100	4096	0	27	4132.7	35188.9	4132.7	/work/miyayu/aria_experiment/results/ycsb_aria_matrix/full_20260312_002912/current_ariaer_p12_t4_k40000_rw80_ops100_bs4096_zipf_0.2.log
current	ariaer	4	0.4	50	10	1024	0	26	128376	5972.9	128376	/work/miyayu/aria_experiment/results/ycsb_aria_matrix/full_20260312_002912/current_ariaer_p12_t4_k40000_rw50_ops10_bs1024_zipf_0.4.log
current	ariaer	4	0.4	50	10	2048	0	27	120046	11435.8	120046	/work/miyayu/aria_experiment/results/ycsb_aria_matrix/full_20260312_002912/current_ariaer_p12_t4_k40000_rw50_ops10_bs2048_zipf_0.4.log
current	ariaer	4	0.4	50	10	4096	0	27	106714	21081.3	106714	/work/miyayu/aria_experiment/results/ycsb_aria_matrix/full_20260312_002912/current_ariaer_p12_t4_k40000_rw50_ops10_bs4096_zipf_0.4.log
current	ariaer	4	0.4	50	100	1024	0	26	2582	23120.4	2582	/work/miyayu/aria_experiment/results/ycsb_aria_matrix/full_20260312_002912/current_ariaer_p12_t4_k40000_rw50_ops100_bs1024_zipf_0.4.log
current	ariaer	4	0.4	50	100	2048	0	27	1296.5	24917.9	1296.5	/work/miyayu/aria_experiment/results/ycsb_aria_matrix/full_20260312_002912/current_ariaer_p12_t4_k40000_rw50_ops100_bs2048_zipf_0.4.log
current	ariaer	4	0.4	50	100	4096	0	26	667.8	25956.2	667.8	/work/miyayu/aria_experiment/results/ycsb_aria_matrix/full_20260312_002912/current_ariaer_p12_t4_k40000_rw50_ops100_bs4096_zipf_0.4.log
current	ariaer	4	0.4	80	10	1024	0	27	168669	1315.1	168669	/work/miyayu/aria_experiment/results/ycsb_aria_matrix/full_20260312_002912/current_ariaer_p12_t4_k40000_rw80_ops10_bs1024_zipf_0.4.log
current	ariaer	4	0.4	80	10	2048	0	27	164135	2777.3	164135	/work/miyayu/aria_experiment/results/ycsb_aria_matrix/full_20260312_002912/current_ariaer_p12_t4_k40000_rw80_ops10_bs2048_zipf_0.4.log
current	ariaer	4	0.4	80	10	4096	0	26	155943	5848.9	155943	/work/miyayu/aria_experiment/results/ycsb_aria_matrix/full_20260312_002912/current_ariaer_p12_t4_k40000_rw80_ops10_bs4096_zipf_0.4.log
current	ariaer	4	0.4	80	100	1024	0	26	10446.9	27543.5	10446.9	/work/miyayu/aria_experiment/results/ycsb_aria_matrix/full_20260312_002912/current_ariaer_p12_t4_k40000_rw80_ops100_bs1024_zipf_0.4.log
current	ariaer	4	0.4	80	100	2048	0	26	5724.6	33187.4	5724.6	/work/miyayu/aria_experiment/results/ycsb_aria_matrix/full_20260312_002912/current_ariaer_p12_t4_k40000_rw80_ops100_bs2048_zipf_0.4.log
current	ariaer	4	0.4	80	100	4096	0	26	3035.5	37105.3	3035.5	/work/miyayu/aria_experiment/results/ycsb_aria_matrix/full_20260312_002912/current_ariaer_p12_t4_k40000_rw80_ops100_bs4096_zipf_0.4.log
current	ariaer	4	0.6	50	10	1024	0	27	114081	23339.9	114081	/work/miyayu/aria_experiment/results/ycsb_aria_matrix/full_20260312_002912/current_ariaer_p12_t4_k40000_rw50_ops10_bs1024_zipf_0.6.log
current	ariaer	4	0.6	50	10	2048	0	26	100008	35159.7	100008	/work/miyayu/aria_experiment/results/ycsb_aria_matrix/full_20260312_002912/current_ariaer_p12_t4_k40000_rw50_ops10_bs2048_zipf_0.6.log
current	ariaer	4	0.6	50	10	4096	0	27	82151.6	50149.2	82151.6	/work/miyayu/aria_experiment/results/ycsb_aria_matrix/full_20260312_002912/current_ariaer_p12_t4_k40000_rw50_ops10_bs4096_zipf_0.6.log
current	ariaer	4	0.6	50	100	1024	0	26	646.7	26079.7	646.7	/work/miyayu/aria_experiment/results/ycsb_aria_matrix/full_20260312_002912/current_ariaer_p12_t4_k40000_rw50_ops100_bs1024_zipf_0.6.log
current	ariaer	4	0.6	50	100	2048	0	27	326.2	26707.4	326.2	/work/miyayu/aria_experiment/results/ycsb_aria_matrix/full_20260312_002912/current_ariaer_p12_t4_k40000_rw50_ops100_bs2048_zipf_0.6.log
current	ariaer	4	0.6	50	100	4096	0	27	166.1	27277.1	166.1	/work/miyayu/aria_experiment/results/ycsb_aria_matrix/full_20260312_002912/current_ariaer_p12_t4_k40000_rw50_ops100_bs4096_zipf_0.6.log
current	ariaer	4	0.6	80	10	1024	0	26	164697	7540.2	164697	/work/miyayu/aria_experiment/results/ycsb_aria_matrix/full_20260312_002912/current_ariaer_p12_t4_k40000_rw80_ops10_bs1024_zipf_0.6.log
current	ariaer	4	0.6	80	10	2048	0	27	156375	12994.4	156375	/work/miyayu/aria_experiment/results/ycsb_aria_matrix/full_20260312_002912/current_ariaer_p12_t4_k40000_rw80_ops10_bs2048_zipf_0.6.log
current	ariaer	4	0.6	80	10	4096	0	27	143826	21243.3	143826	/work/miyayu/aria_experiment/results/ycsb_aria_matrix/full_20260312_002912/current_ariaer_p12_t4_k40000_rw80_ops10_bs4096_zipf_0.6.log
current	ariaer	4	0.6	80	100	1024	0	26	4249.5	36812.9	4249.5	/work/miyayu/aria_experiment/results/ycsb_aria_matrix/full_20260312_002912/current_ariaer_p12_t4_k40000_rw80_ops100_bs1024_zipf_0.6.log
current	ariaer	4	0.6	80	100	2048	0	27	2319.3	39459.9	2319.3	/work/miyayu/aria_experiment/results/ycsb_aria_matrix/full_20260312_002912/current_ariaer_p12_t4_k40000_rw80_ops100_bs2048_zipf_0.6.log
current	ariaer	4	0.6	80	100	4096	0	26	1223.8	41374.6	1223.8	/work/miyayu/aria_experiment/results/ycsb_aria_matrix/full_20260312_002912/current_ariaer_p12_t4_k40000_rw80_ops100_bs4096_zipf_0.6.log
current	ariaer	4	0.8	50	10	1024	0	27	60699.5	84298.9	60699.5	/work/miyayu/aria_experiment/results/ycsb_aria_matrix/full_20260312_002912/current_ariaer_p12_t4_k40000_rw50_ops10_bs1024_zipf_0.8.log
current	ariaer	4	0.8	50	10	2048	0	26	47966.4	96212.8	47966.4	/work/miyayu/aria_experiment/results/ycsb_aria_matrix/full_20260312_002912/current_ariaer_p12_t4_k40000_rw50_ops10_bs2048_zipf_0.8.log
current	ariaer	4	0.8	50	10	4096	0	27	35948.9	106182	35948.9	/work/miyayu/aria_experiment/results/ycsb_aria_matrix/full_20260312_002912/current_ariaer_p12_t4_k40000_rw50_ops10_bs4096_zipf_0.8.log
current	ariaer	4	0.8	50	100	1024	0	27	48.4	28418.8	48.4	/work/miyayu/aria_experiment/results/ycsb_aria_matrix/full_20260312_002912/current_ariaer_p12_t4_k40000_rw50_ops100_bs1024_zipf_0.8.log
current	ariaer	4	0.8	50	100	2048	0	26	24.6	28442.6	24.6	/work/miyayu/aria_experiment/results/ycsb_aria_matrix/full_20260312_002912/current_ariaer_p12_t4_k40000_rw50_ops100_bs2048_zipf_0.8.log
current	ariaer	4	0.8	50	100	4096	0	27	12	29069.6	12	/work/miyayu/aria_experiment/results/ycsb_aria_matrix/full_20260312_002912/current_ariaer_p12_t4_k40000_rw50_ops100_bs4096_zipf_0.8.log
current	ariaer	4	0.8	80	10	1024	0	26	131148	47438	131148	/work/miyayu/aria_experiment/results/ycsb_aria_matrix/full_20260312_002912/current_ariaer_p12_t4_k40000_rw80_ops10_bs1024_zipf_0.8.log
current	ariaer	4	0.8	80	10	2048	0	27	118594	59172.7	118594	/work/miyayu/aria_experiment/results/ycsb_aria_matrix/full_20260312_002912/current_ariaer_p12_t4_k40000_rw80_ops10_bs2048_zipf_0.8.log
current	ariaer	4	0.8	80	10	4096	0	27	104075	70414.5	104075	/work/miyayu/aria_experiment/results/ycsb_aria_matrix/full_20260312_002912/current_ariaer_p12_t4_k40000_rw80_ops10_bs4096_zipf_0.8.log
current	ariaer	4	0.8	80	100	1024	0	26	618.9	45051.5	618.9	/work/miyayu/aria_experiment/results/ycsb_aria_matrix/full_20260312_002912/current_ariaer_p12_t4_k40000_rw80_ops100_bs1024_zipf_0.8.log
current	ariaer	4	0.8	80	100	2048	0	27	330.1	45545.1	330.1	/work/miyayu/aria_experiment/results/ycsb_aria_matrix/full_20260312_002912/current_ariaer_p12_t4_k40000_rw80_ops100_bs2048_zipf_0.8.log
current	ariaer	4	0.8	80	100	4096	0	26	166.4	46118.4	166.4	/work/miyayu/aria_experiment/results/ycsb_aria_matrix/full_20260312_002912/current_ariaer_p12_t4_k40000_rw80_ops100_bs4096_zipf_0.8.log
current	ariaer	4	0.9	50	10	1024	0	27	31013.1	116443	31013.1	/work/miyayu/aria_experiment/results/ycsb_aria_matrix/full_20260312_002912/current_ariaer_p12_t4_k40000_rw50_ops10_bs1024_zipf_0.9.log
current	ariaer	4	0.9	50	10	2048	0	26	23370.6	123266	23370.6	/work/miyayu/aria_experiment/results/ycsb_aria_matrix/full_20260312_002912/current_ariaer_p12_t4_k40000_rw50_ops10_bs2048_zipf_0.9.log
current	ariaer	4	0.9	50	10	4096	0	27	17025.9	127563	17025.9	/work/miyayu/aria_experiment/results/ycsb_aria_matrix/full_20260312_002912/current_ariaer_p12_t4_k40000_rw50_ops10_bs4096_zipf_0.9.log
current	ariaer	4	0.9	50	100	1024	0	26	30.6	29563	30.6	/work/miyayu/aria_experiment/results/ycsb_aria_matrix/full_20260312_002912/current_ariaer_p12_t4_k40000_rw50_ops100_bs1024_zipf_0.9.log
current	ariaer	4	0.9	50	100	2048	0	27	15.5	29680.5	15.5	/work/miyayu/aria_experiment/results/ycsb_aria_matrix/full_20260312_002912/current_ariaer_p12_t4_k40000_rw50_ops100_bs2048_zipf_0.9.log
current	ariaer	4	0.9	50	100	4096	0	26	7.7	29893.1	7.7	/work/miyayu/aria_experiment/results/ycsb_aria_matrix/full_20260312_002912/current_ariaer_p12_t4_k40000_rw50_ops100_bs4096_zipf_0.9.log
current	ariaer	4	0.9	80	10	1024	0	27	100198	79616.1	100198	/work/miyayu/aria_experiment/results/ycsb_aria_matrix/full_20260312_002912/current_ariaer_p12_t4_k40000_rw80_ops10_bs1024_zipf_0.9.log
current	ariaer	4	0.9	80	10	2048	0	27	89300.8	89489.6	89300.8	/work/miyayu/aria_experiment/results/ycsb_aria_matrix/full_20260312_002912/current_ariaer_p12_t4_k40000_rw80_ops10_bs2048_zipf_0.9.log
current	ariaer	4	0.9	80	10	4096	0	26	78898.7	97638.9	78898.7	/work/miyayu/aria_experiment/results/ycsb_aria_matrix/full_20260312_002912/current_ariaer_p12_t4_k40000_rw80_ops10_bs4096_zipf_0.9.log
current	ariaer	4	0.9	80	100	1024	0	27	175.3	47850.3	175.3	/work/miyayu/aria_experiment/results/ycsb_aria_matrix/full_20260312_002912/current_ariaer_p12_t4_k40000_rw80_ops100_bs1024_zipf_0.9.log
current	ariaer	4	0.9	80	100	2048	0	26	92.9	47830.3	92.9	/work/miyayu/aria_experiment/results/ycsb_aria_matrix/full_20260312_002912/current_ariaer_p12_t4_k40000_rw80_ops100_bs2048_zipf_0.9.log
current	ariaer	4	0.9	80	100	4096	0	27	46.7	48695.7	46.7	/work/miyayu/aria_experiment/results/ycsb_aria_matrix/full_20260312_002912/current_ariaer_p12_t4_k40000_rw80_ops100_bs4096_zipf_0.9.log
current	ariaer	8	0.0	50	10	1024	0	27	381036	10542	381036	/work/miyayu/aria_experiment/results/ycsb_aria_matrix/full_20260312_002912/current_ariaer_p12_t8_k40000_rw50_ops10_bs1024_zipf_0.0.log
current	ariaer	8	0.0	50	10	2048	0	26	355681	20332	355681	/work/miyayu/aria_experiment/results/ycsb_aria_matrix/full_20260312_002912/current_ariaer_p12_t8_k40000_rw50_ops10_bs2048_zipf_0.0.log
current	ariaer	8	0.0	50	10	4096	0	27	318673	38498.3	318673	/work/miyayu/aria_experiment/results/ycsb_aria_matrix/full_20260312_002912/current_ariaer_p12_t8_k40000_rw50_ops10_bs4096_zipf_0.0.log
current	ariaer	8	0.0	50	100	1024	0	27	8343	44905	8343	/work/miyayu/aria_experiment/results/ycsb_aria_matrix/full_20260312_002912/current_ariaer_p12_t8_k40000_rw50_ops100_bs1024_zipf_0.0.log
current	ariaer	8	0.0	50	100	2048	0	26	4300.3	50381.3	4300.3	/work/miyayu/aria_experiment/results/ycsb_aria_matrix/full_20260312_002912/current_ariaer_p12_t8_k40000_rw50_ops100_bs2048_zipf_0.0.log
current	ariaer	8	0.0	50	100	4096	0	27	2194.2	53511.4	2194.2	/work/miyayu/aria_experiment/results/ycsb_aria_matrix/full_20260312_002912/current_ariaer_p12_t8_k40000_rw50_ops100_bs4096_zipf_0.0.log
current	ariaer	8	0.0	80	10	1024	0	27	540865	2469.5	540865	/work/miyayu/aria_experiment/results/ycsb_aria_matrix/full_20260312_002912/current_ariaer_p12_t8_k40000_rw80_ops10_bs1024_zipf_0.0.log
current	ariaer	8	0.0	80	10	2048	0	27	525571	5065.9	525571	/work/miyayu/aria_experiment/results/ycsb_aria_matrix/full_20260312_002912/current_ariaer_p12_t8_k40000_rw80_ops10_bs2048_zipf_0.0.log
current	ariaer	8	0.0	80	10	4096	0	27	497674	10640	497674	/work/miyayu/aria_experiment/results/ycsb_aria_matrix/full_20260312_002912/current_ariaer_p12_t8_k40000_rw80_ops10_bs4096_zipf_0.0.log
current	ariaer	8	0.0	80	100	1024	0	26	31323.1	49368.1	31323.1	/work/miyayu/aria_experiment/results/ycsb_aria_matrix/full_20260312_002912/current_ariaer_p12_t8_k40000_rw80_ops100_bs1024_zipf_0.0.log
current	ariaer	8	0.0	80	100	2048	0	26	17664.2	64665.4	17664.2	/work/miyayu/aria_experiment/results/ycsb_aria_matrix/full_20260312_002912/current_ariaer_p12_t8_k40000_rw80_ops100_bs2048_zipf_0.0.log
current	ariaer	8	0.0	80	100	4096	0	27	9496.9	76109.5	9496.9	/work/miyayu/aria_experiment/results/ycsb_aria_matrix/full_20260312_002912/current_ariaer_p12_t8_k40000_rw80_ops100_bs4096_zipf_0.0.log
current	ariaer	8	0.2	50	10	1024	0	27	265853	7861.9	265853	/work/miyayu/aria_experiment/results/ycsb_aria_matrix/full_20260312_002912/current_ariaer_p12_t8_k40000_rw50_ops10_bs1024_zipf_0.2.log
current	ariaer	8	0.2	50	10	2048	0	26	249755	15256	249755	/work/miyayu/aria_experiment/results/ycsb_aria_matrix/full_20260312_002912/current_ariaer_p12_t8_k40000_rw50_ops10_bs2048_zipf_0.2.log
current	ariaer	8	0.2	50	10	4096	0	27	226384	29206.3	226384	/work/miyayu/aria_experiment/results/ycsb_aria_matrix/full_20260312_002912/current_ariaer_p12_t8_k40000_rw50_ops10_bs4096_zipf_0.2.log
current	ariaer	8	0.2	50	100	1024	0	27	7417.2	42861.2	7417.2	/work/miyayu/aria_experiment/results/ycsb_aria_matrix/full_20260312_002912/current_ariaer_p12_t8_k40000_rw50_ops100_bs1024_zipf_0.2.log
current	ariaer	8	0.2	50	100	2048	0	26	3802.2	47397.8	3802.2	/work/miyayu/aria_experiment/results/ycsb_aria_matrix/full_20260312_002912/current_ariaer_p12_t8_k40000_rw50_ops100_bs2048_zipf_0.2.log
current	ariaer	8	0.2	50	100	4096	0	26	1927.1	50501.7	1927.1	/work/miyayu/aria_experiment/results/ycsb_aria_matrix/full_20260312_002912/current_ariaer_p12_t8_k40000_rw50_ops100_bs4096_zipf_0.2.log
current	ariaer	8	0.2	80	10	1024	0	26	338627	1648.3	338627	/work/miyayu/aria_experiment/results/ycsb_aria_matrix/full_20260312_002912/current_ariaer_p12_t8_k40000_rw80_ops10_bs1024_zipf_0.2.log
current	ariaer	8	0.2	80	10	2048	0	27	331409	3439.4	331409	/work/miyayu/aria_experiment/results/ycsb_aria_matrix/full_20260312_002912/current_ariaer_p12_t8_k40000_rw80_ops10_bs2048_zipf_0.2.log
current	ariaer	8	0.2	80	10	4096	0	27	317496	7317.1	317496	/work/miyayu/aria_experiment/results/ycsb_aria_matrix/full_20260312_002912/current_ariaer_p12_t8_k40000_rw80_ops10_bs4096_zipf_0.2.log
current	ariaer	8	0.2	80	100	1024	0	26	27428.9	46503.9	27428.9	/work/miyayu/aria_experiment/results/ycsb_aria_matrix/full_20260312_002912/current_ariaer_p12_t8_k40000_rw80_ops100_bs1024_zipf_0.2.log
current	ariaer	8	0.2	80	100	2048	0	27	15290.7	60075.7	15290.7	/work/miyayu/aria_experiment/results/ycsb_aria_matrix/full_20260312_002912/current_ariaer_p12_t8_k40000_rw80_ops100_bs2048_zipf_0.2.log
current	ariaer	8	0.2	80	100	4096	0	26	8150.6	69673.4	8150.6	/work/miyayu/aria_experiment/results/ycsb_aria_matrix/full_20260312_002912/current_ariaer_p12_t8_k40000_rw80_ops100_bs4096_zipf_0.2.log
current	ariaer	8	0.4	50	10	1024	0	27	262861	12287.6	262861	/work/miyayu/aria_experiment/results/ycsb_aria_matrix/full_20260312_002912/current_ariaer_p12_t8_k40000_rw50_ops10_bs1024_zipf_0.4.log
current	ariaer	8	0.4	50	10	2048	0	27	243137	23103.4	243137	/work/miyayu/aria_experiment/results/ycsb_aria_matrix/full_20260312_002912/current_ariaer_p12_t8_k40000_rw50_ops10_bs2048_zipf_0.4.log
current	ariaer	8	0.4	50	10	4096	0	26	215650	42398.4	215650	/work/miyayu/aria_experiment/results/ycsb_aria_matrix/full_20260312_002912/current_ariaer_p12_t8_k40000_rw50_ops10_bs4096_zipf_0.4.log
current	ariaer	8	0.4	50	100	1024	0	26	5119.8	45875.4	5119.8	/work/miyayu/aria_experiment/results/ycsb_aria_matrix/full_20260312_002912/current_ariaer_p12_t8_k40000_rw50_ops100_bs1024_zipf_0.4.log
current	ariaer	8	0.4	50	100	2048	0	26	2613.6	49405.6	2613.6	/work/miyayu/aria_experiment/results/ycsb_aria_matrix/full_20260312_002912/current_ariaer_p12_t8_k40000_rw50_ops100_bs2048_zipf_0.4.log
current	ariaer	8	0.4	50	100	4096	0	27	1341.2	51906.8	1341.2	/work/miyayu/aria_experiment/results/ycsb_aria_matrix/full_20260312_002912/current_ariaer_p12_t8_k40000_rw50_ops100_bs4096_zipf_0.4.log
current	ariaer	8	0.4	80	10	1024	0	27	339010	2698.3	339010	/work/miyayu/aria_experiment/results/ycsb_aria_matrix/full_20260312_002912/current_ariaer_p12_t8_k40000_rw80_ops10_bs1024_zipf_0.4.log
current	ariaer	8	0.4	80	10	2048	0	26	331510	5591.1	331510	/work/miyayu/aria_experiment/results/ycsb_aria_matrix/full_20260312_002912/current_ariaer_p12_t8_k40000_rw80_ops10_bs2048_zipf_0.4.log
current	ariaer	8	0.4	80	10	4096	0	27	313895	11736.9	313895	/work/miyayu/aria_experiment/results/ycsb_aria_matrix/full_20260312_002912/current_ariaer_p12_t8_k40000_rw80_ops10_bs4096_zipf_0.4.log
current	ariaer	8	0.4	80	100	1024	0	27	20757.6	55018.4	20757.6	/work/miyayu/aria_experiment/results/ycsb_aria_matrix/full_20260312_002912/current_ariaer_p12_t8_k40000_rw80_ops100_bs1024_zipf_0.4.log
current	ariaer	8	0.4	80	100	2048	0	26	11435.7	66183.5	11435.7	/work/miyayu/aria_experiment/results/ycsb_aria_matrix/full_20260312_002912/current_ariaer_p12_t8_k40000_rw80_ops100_bs2048_zipf_0.4.log
current	ariaer	8	0.4	80	100	4096	0	27	6029.7	73842.3	6029.7	/work/miyayu/aria_experiment/results/ycsb_aria_matrix/full_20260312_002912/current_ariaer_p12_t8_k40000_rw80_ops100_bs4096_zipf_0.4.log
current	ariaer	8	0.6	50	10	1024	0	26	229699	46781.2	229699	/work/miyayu/aria_experiment/results/ycsb_aria_matrix/full_20260312_002912/current_ariaer_p12_t8_k40000_rw50_ops10_bs1024_zipf_0.6.log
current	ariaer	8	0.6	50	10	2048	0	27	202174	71029.5	202174	/work/miyayu/aria_experiment/results/ycsb_aria_matrix/full_20260312_002912/current_ariaer_p12_t8_k40000_rw50_ops10_bs2048_zipf_0.6.log
current	ariaer	8	0.6	50	10	4096	0	27	165697	100543	165697	/work/miyayu/aria_experiment/results/ycsb_aria_matrix/full_20260312_002912/current_ariaer_p12_t8_k40000_rw50_ops10_bs4096_zipf_0.6.log
current	ariaer	8	0.6	50	100	1024	0	26	1272.3	51975.7	1272.3	/work/miyayu/aria_experiment/results/ycsb_aria_matrix/full_20260312_002912/current_ariaer_p12_t8_k40000_rw50_ops100_bs1024_zipf_0.6.log
current	ariaer	8	0.6	50	100	2048	0	26	646.2	53011.4	646.2	/work/miyayu/aria_experiment/results/ycsb_aria_matrix/full_20260312_002912/current_ariaer_p12_t8_k40000_rw50_ops100_bs2048_zipf_0.6.log
current	ariaer	8	0.6	50	100	4096	0	26	331	54145.8	331	/work/miyayu/aria_experiment/results/ycsb_aria_matrix/full_20260312_002912/current_ariaer_p12_t8_k40000_rw50_ops100_bs4096_zipf_0.6.log
current	ariaer	8	0.6	80	10	1024	0	27	330411	15086.5	330411	/work/miyayu/aria_experiment/results/ycsb_aria_matrix/full_20260312_002912/current_ariaer_p12_t8_k40000_rw80_ops10_bs1024_zipf_0.6.log
current	ariaer	8	0.6	80	10	2048	0	27	314359	26018.8	314359	/work/miyayu/aria_experiment/results/ycsb_aria_matrix/full_20260312_002912/current_ariaer_p12_t8_k40000_rw80_ops10_bs2048_zipf_0.6.log
current	ariaer	8	0.6	80	10	4096	0	26	286430	42478.6	286430	/work/miyayu/aria_experiment/results/ycsb_aria_matrix/full_20260312_002912/current_ariaer_p12_t8_k40000_rw80_ops10_bs4096_zipf_0.6.log
current	ariaer	8	0.6	80	100	1024	0	27	8432.2	73487.8	8432.2	/work/miyayu/aria_experiment/results/ycsb_aria_matrix/full_20260312_002912/current_ariaer_p12_t8_k40000_rw80_ops100_bs1024_zipf_0.6.log
current	ariaer	8	0.6	80	100	2048	0	26	4614.1	78534.7	4614.1	/work/miyayu/aria_experiment/results/ycsb_aria_matrix/full_20260312_002912/current_ariaer_p12_t8_k40000_rw80_ops100_bs2048_zipf_0.6.log
current	ariaer	8	0.6	80	100	4096	0	27	2441.5	82755.3	2441.5	/work/miyayu/aria_experiment/results/ycsb_aria_matrix/full_20260312_002912/current_ariaer_p12_t8_k40000_rw80_ops100_bs4096_zipf_0.6.log
current	ariaer	8	0.8	50	10	1024	0	26	122396	169956	122396	/work/miyayu/aria_experiment/results/ycsb_aria_matrix/full_20260312_002912/current_ariaer_p12_t8_k40000_rw50_ops10_bs1024_zipf_0.8.log
current	ariaer	8	0.8	50	10	2048	0	27	96092.4	193085	96092.4	/work/miyayu/aria_experiment/results/ycsb_aria_matrix/full_20260312_002912/current_ariaer_p12_t8_k40000_rw50_ops10_bs2048_zipf_0.8.log
current	ariaer	8	0.8	50	10	4096	0	26	72066.1	213016	72066.1	/work/miyayu/aria_experiment/results/ycsb_aria_matrix/full_20260312_002912/current_ariaer_p12_t8_k40000_rw50_ops10_bs4096_zipf_0.8.log
current	ariaer	8	0.8	50	100	1024	0	27	98.1	56529.1	98.1	/work/miyayu/aria_experiment/results/ycsb_aria_matrix/full_20260312_002912/current_ariaer_p12_t8_k40000_rw50_ops100_bs1024_zipf_0.8.log
current	ariaer	8	0.8	50	100	2048	0	26	50.3	56679.3	50.3	/work/miyayu/aria_experiment/results/ycsb_aria_matrix/full_20260312_002912/current_ariaer_p12_t8_k40000_rw50_ops100_bs2048_zipf_0.8.log
current	ariaer	8	0.8	50	100	4096	0	27	24.2	58139	24.2	/work/miyayu/aria_experiment/results/ycsb_aria_matrix/full_20260312_002912/current_ariaer_p12_t8_k40000_rw50_ops100_bs4096_zipf_0.8.log
current	ariaer	8	0.8	80	10	1024	0	26	262221	95052.5	262221	/work/miyayu/aria_experiment/results/ycsb_aria_matrix/full_20260312_002912/current_ariaer_p12_t8_k40000_rw80_ops10_bs1024_zipf_0.8.log
current	ariaer	8	0.8	80	10	2048	0	27	235973	117717	235973	/work/miyayu/aria_experiment/results/ycsb_aria_matrix/full_20260312_002912/current_ariaer_p12_t8_k40000_rw80_ops10_bs2048_zipf_0.8.log
current	ariaer	8	0.8	80	10	4096	0	27	208391	140589	208391	/work/miyayu/aria_experiment/results/ycsb_aria_matrix/full_20260312_002912/current_ariaer_p12_t8_k40000_rw80_ops10_bs4096_zipf_0.8.log
current	ariaer	8	0.8	80	100	1024	0	26	1244.4	89686.8	1244.4	/work/miyayu/aria_experiment/results/ycsb_aria_matrix/full_20260312_002912/current_ariaer_p12_t8_k40000_rw80_ops100_bs1024_zipf_0.8.log
current	ariaer	8	0.8	80	100	2048	0	27	649.4	90077	649.4	/work/miyayu/aria_experiment/results/ycsb_aria_matrix/full_20260312_002912/current_ariaer_p12_t8_k40000_rw80_ops100_bs2048_zipf_0.8.log
current	ariaer	8	0.8	80	100	4096	0	26	337.5	92232.1	337.5	/work/miyayu/aria_experiment/results/ycsb_aria_matrix/full_20260312_002912/current_ariaer_p12_t8_k40000_rw80_ops100_bs4096_zipf_0.8.log
current	ariaer	8	0.9	50	10	1024	0	26	62279.7	233656	62279.7	/work/miyayu/aria_experiment/results/ycsb_aria_matrix/full_20260312_002912/current_ariaer_p12_t8_k40000_rw50_ops10_bs1024_zipf_0.9.log
current	ariaer	8	0.9	50	10	2048	0	26	46801.4	246472	46801.4	/work/miyayu/aria_experiment/results/ycsb_aria_matrix/full_20260312_002912/current_ariaer_p12_t8_k40000_rw50_ops10_bs2048_zipf_0.9.log
current	ariaer	8	0.9	50	10	4096	0	27	34111.4	255476	34111.4	/work/miyayu/aria_experiment/results/ycsb_aria_matrix/full_20260312_002912/current_ariaer_p12_t8_k40000_rw50_ops10_bs4096_zipf_0.9.log
current	ariaer	8	0.9	50	100	1024	0	26	59.5	58820.5	59.5	/work/miyayu/aria_experiment/results/ycsb_aria_matrix/full_20260312_002912/current_ariaer_p12_t8_k40000_rw50_ops100_bs1024_zipf_0.9.log
current	ariaer	8	0.9	50	100	2048	0	26	30.5	58747.1	30.5	/work/miyayu/aria_experiment/results/ycsb_aria_matrix/full_20260312_002912/current_ariaer_p12_t8_k40000_rw50_ops100_bs2048_zipf_0.9.log
current	ariaer	8	0.9	50	100	4096	0	27	15.3	59376.7	15.3	/work/miyayu/aria_experiment/results/ycsb_aria_matrix/full_20260312_002912/current_ariaer_p12_t8_k40000_rw50_ops100_bs4096_zipf_0.9.log
current	ariaer	8	0.9	80	10	1024	0	26	200035	159287	200035	/work/miyayu/aria_experiment/results/ycsb_aria_matrix/full_20260312_002912/current_ariaer_p12_t8_k40000_rw80_ops10_bs1024_zipf_0.9.log
current	ariaer	8	0.9	80	10	2048	0	26	178864	178512	178864	/work/miyayu/aria_experiment/results/ycsb_aria_matrix/full_20260312_002912/current_ariaer_p12_t8_k40000_rw80_ops10_bs2048_zipf_0.9.log
current	ariaer	8	0.9	80	10	4096	0	27	157357	195718	157357	/work/miyayu/aria_experiment/results/ycsb_aria_matrix/full_20260312_002912/current_ariaer_p12_t8_k40000_rw80_ops10_bs4096_zipf_0.9.log
current	ariaer	8	0.9	80	100	1024	0	26	352.5	95186.7	352.5	/work/miyayu/aria_experiment/results/ycsb_aria_matrix/full_20260312_002912/current_ariaer_p12_t8_k40000_rw80_ops100_bs1024_zipf_0.9.log
current	ariaer	8	0.9	80	100	2048	0	27	179.9	94642.5	179.9	/work/miyayu/aria_experiment/results/ycsb_aria_matrix/full_20260312_002912/current_ariaer_p12_t8_k40000_rw80_ops100_bs2048_zipf_0.9.log
current	ariaer	8	0.9	80	100	4096	0	26	91.2	96164.8	91.2	/work/miyayu/aria_experiment/results/ycsb_aria_matrix/full_20260312_002912/current_ariaer_p12_t8_k40000_rw80_ops100_bs4096_zipf_0.9.log
current	ariaer	16	0.0	50	10	1024	0	27	685246	18959	685246	/work/miyayu/aria_experiment/results/ycsb_aria_matrix/full_20260312_002912/current_ariaer_p12_t16_k40000_rw50_ops10_bs1024_zipf_0.0.log
current	ariaer	16	0.0	50	10	2048	0	27	657964	37536.5	657964	/work/miyayu/aria_experiment/results/ycsb_aria_matrix/full_20260312_002912/current_ariaer_p12_t16_k40000_rw50_ops10_bs2048_zipf_0.0.log
current	ariaer	16	0.0	50	10	4096	0	27	602568	72453.2	602568	/work/miyayu/aria_experiment/results/ycsb_aria_matrix/full_20260312_002912/current_ariaer_p12_t16_k40000_rw50_ops10_bs4096_zipf_0.0.log
current	ariaer	16	0.0	50	100	1024	0	27	15354.1	82642.7	15354.1	/work/miyayu/aria_experiment/results/ycsb_aria_matrix/full_20260312_002912/current_ariaer_p12_t16_k40000_rw50_ops100_bs1024_zipf_0.0.log
current	ariaer	16	0.0	50	100	2048	0	26	7638.5	89436.7	7638.5	/work/miyayu/aria_experiment/results/ycsb_aria_matrix/full_20260312_002912/current_ariaer_p12_t16_k40000_rw50_ops100_bs2048_zipf_0.0.log
current	ariaer	16	0.0	50	100	4096	0	27	3853.2	93631.6	3853.2	/work/miyayu/aria_experiment/results/ycsb_aria_matrix/full_20260312_002912/current_ariaer_p12_t16_k40000_rw50_ops100_bs4096_zipf_0.0.log
current	ariaer	16	0.0	80	10	1024	0	27	955031	4354.2	955031	/work/miyayu/aria_experiment/results/ycsb_aria_matrix/full_20260312_002912/current_ariaer_p12_t16_k40000_rw80_ops10_bs1024_zipf_0.0.log
current	ariaer	16	0.0	80	10	2048	0	28	928602	8972.6	928602	/work/miyayu/aria_experiment/results/ycsb_aria_matrix/full_20260312_002912/current_ariaer_p12_t16_k40000_rw80_ops10_bs2048_zipf_0.0.log
current	ariaer	16	0.0	80	10	4096	0	27	896730	19135.1	896730	/work/miyayu/aria_experiment/results/ycsb_aria_matrix/full_20260312_002912/current_ariaer_p12_t16_k40000_rw80_ops10_bs4096_zipf_0.0.log
current	ariaer	16	0.0	80	100	1024	0	26	54837.9	86371.7	54837.9	/work/miyayu/aria_experiment/results/ycsb_aria_matrix/full_20260312_002912/current_ariaer_p12_t16_k40000_rw80_ops100_bs1024_zipf_0.0.log
current	ariaer	16	0.0	80	100	2048	0	27	31329.2	114488	31329.2	/work/miyayu/aria_experiment/results/ycsb_aria_matrix/full_20260312_002912/current_ariaer_p12_t16_k40000_rw80_ops100_bs2048_zipf_0.0.log
current	ariaer	16	0.0	80	100	4096	0	26	16339.4	131117	16339.4	/work/miyayu/aria_experiment/results/ycsb_aria_matrix/full_20260312_002912/current_ariaer_p12_t16_k40000_rw80_ops100_bs4096_zipf_0.0.log
current	ariaer	16	0.2	50	10	1024	0	27	487076	14376.6	487076	/work/miyayu/aria_experiment/results/ycsb_aria_matrix/full_20260312_002912/current_ariaer_p12_t16_k40000_rw50_ops10_bs1024_zipf_0.2.log
current	ariaer	16	0.2	50	10	2048	0	27	480005	29332.7	480005	/work/miyayu/aria_experiment/results/ycsb_aria_matrix/full_20260312_002912/current_ariaer_p12_t16_k40000_rw50_ops10_bs2048_zipf_0.2.log
current	ariaer	16	0.2	50	10	4096	0	27	443995	57354.6	443995	/work/miyayu/aria_experiment/results/ycsb_aria_matrix/full_20260312_002912/current_ariaer_p12_t16_k40000_rw50_ops10_bs4096_zipf_0.2.log
current	ariaer	16	0.2	50	100	1024	0	26	14326.6	82441.4	14326.6	/work/miyayu/aria_experiment/results/ycsb_aria_matrix/full_20260312_002912/current_ariaer_p12_t16_k40000_rw50_ops100_bs1024_zipf_0.2.log
current	ariaer	16	0.2	50	100	2048	0	26	7082.1	88559.5	7082.1	/work/miyayu/aria_experiment/results/ycsb_aria_matrix/full_20260312_002912/current_ariaer_p12_t16_k40000_rw50_ops100_bs2048_zipf_0.2.log
current	ariaer	16	0.2	50	100	4096	0	26	3575.4	92680.6	3575.4	/work/miyayu/aria_experiment/results/ycsb_aria_matrix/full_20260312_002912/current_ariaer_p12_t16_k40000_rw50_ops100_bs4096_zipf_0.2.log
current	ariaer	16	0.2	80	10	1024	0	27	634252	3086	634252	/work/miyayu/aria_experiment/results/ycsb_aria_matrix/full_20260312_002912/current_ariaer_p12_t16_k40000_rw80_ops10_bs1024_zipf_0.2.log
current	ariaer	16	0.2	80	10	2048	0	28	627153	6497.9	627153	/work/miyayu/aria_experiment/results/ycsb_aria_matrix/full_20260312_002912/current_ariaer_p12_t16_k40000_rw80_ops10_bs2048_zipf_0.2.log
current	ariaer	16	0.2	80	10	4096	0	27	605377	13938	605377	/work/miyayu/aria_experiment/results/ycsb_aria_matrix/full_20260312_002912/current_ariaer_p12_t16_k40000_rw80_ops10_bs4096_zipf_0.2.log
current	ariaer	16	0.2	80	100	1024	0	26	51035.4	86692.6	51035.4	/work/miyayu/aria_experiment/results/ycsb_aria_matrix/full_20260312_002912/current_ariaer_p12_t16_k40000_rw80_ops100_bs1024_zipf_0.2.log
current	ariaer	16	0.2	80	100	2048	0	27	28206.2	110648	28206.2	/work/miyayu/aria_experiment/results/ycsb_aria_matrix/full_20260312_002912/current_ariaer_p12_t16_k40000_rw80_ops100_bs2048_zipf_0.2.log
current	ariaer	16	0.2	80	100	4096	0	26	14636.3	125447	14636.3	/work/miyayu/aria_experiment/results/ycsb_aria_matrix/full_20260312_002912/current_ariaer_p12_t16_k40000_rw80_ops100_bs4096_zipf_0.2.log
current	ariaer	16	0.4	50	10	1024	0	27	490646	22787.4	490646	/work/miyayu/aria_experiment/results/ycsb_aria_matrix/full_20260312_002912/current_ariaer_p12_t16_k40000_rw50_ops10_bs1024_zipf_0.4.log
current	ariaer	16	0.4	50	10	2048	0	27	466912	44474	466912	/work/miyayu/aria_experiment/results/ycsb_aria_matrix/full_20260312_002912/current_ariaer_p12_t16_k40000_rw50_ops10_bs2048_zipf_0.4.log
current	ariaer	16	0.4	50	10	4096	0	27	420592	82782.8	420592	/work/miyayu/aria_experiment/results/ycsb_aria_matrix/full_20260312_002912/current_ariaer_p12_t16_k40000_rw50_ops10_bs4096_zipf_0.4.log
current	ariaer	16	0.4	50	100	1024	0	26	9833.3	88368.3	9833.3	/work/miyayu/aria_experiment/results/ycsb_aria_matrix/full_20260312_002912/current_ariaer_p12_t16_k40000_rw50_ops100_bs1024_zipf_0.4.log
current	ariaer	16	0.4	50	100	2048	0	27	4899.2	92790.4	4899.2	/work/miyayu/aria_experiment/results/ycsb_aria_matrix/full_20260312_002912/current_ariaer_p12_t16_k40000_rw50_ops100_bs2048_zipf_0.4.log
current	ariaer	16	0.4	50	100	4096	0	26	2417.7	94247.9	2417.7	/work/miyayu/aria_experiment/results/ycsb_aria_matrix/full_20260312_002912/current_ariaer_p12_t16_k40000_rw50_ops100_bs4096_zipf_0.4.log
current	ariaer	16	0.4	80	10	1024	0	27	629404	4964.1	629404	/work/miyayu/aria_experiment/results/ycsb_aria_matrix/full_20260312_002912/current_ariaer_p12_t16_k40000_rw80_ops10_bs1024_zipf_0.4.log
current	ariaer	16	0.4	80	10	2048	0	28	621480	10532.6	621480	/work/miyayu/aria_experiment/results/ycsb_aria_matrix/full_20260312_002912/current_ariaer_p12_t16_k40000_rw80_ops10_bs2048_zipf_0.4.log
current	ariaer	16	0.4	80	10	4096	0	27	600510	22491.2	600510	/work/miyayu/aria_experiment/results/ycsb_aria_matrix/full_20260312_002912/current_ariaer_p12_t16_k40000_rw80_ops10_bs4096_zipf_0.4.log
current	ariaer	16	0.4	80	100	1024	0	26	38622.4	101870	38622.4	/work/miyayu/aria_experiment/results/ycsb_aria_matrix/full_20260312_002912/current_ariaer_p12_t16_k40000_rw80_ops100_bs1024_zipf_0.4.log
current	ariaer	16	0.4	80	100	2048	0	27	21013.2	121528	21013.2	/work/miyayu/aria_experiment/results/ycsb_aria_matrix/full_20260312_002912/current_ariaer_p12_t16_k40000_rw80_ops100_bs2048_zipf_0.4.log
current	ariaer	16	0.4	80	100	4096	0	26	10749	131382	10749	/work/miyayu/aria_experiment/results/ycsb_aria_matrix/full_20260312_002912/current_ariaer_p12_t16_k40000_rw80_ops100_bs4096_zipf_0.4.log
current	ariaer	16	0.6	50	10	1024	0	27	430728	87825.5	430728	/work/miyayu/aria_experiment/results/ycsb_aria_matrix/full_20260312_002912/current_ariaer_p12_t16_k40000_rw50_ops10_bs1024_zipf_0.6.log
current	ariaer	16	0.6	50	10	2048	0	27	383953	134805	383953	/work/miyayu/aria_experiment/results/ycsb_aria_matrix/full_20260312_002912/current_ariaer_p12_t16_k40000_rw50_ops10_bs2048_zipf_0.6.log
current	ariaer	16	0.6	50	10	4096	0	27	321600	195315	321600	/work/miyayu/aria_experiment/results/ycsb_aria_matrix/full_20260312_002912/current_ariaer_p12_t16_k40000_rw50_ops10_bs4096_zipf_0.6.log
current	ariaer	16	0.6	50	100	1024	0	26	2468.2	99522.2	2468.2	/work/miyayu/aria_experiment/results/ycsb_aria_matrix/full_20260312_002912/current_ariaer_p12_t16_k40000_rw50_ops100_bs1024_zipf_0.6.log
current	ariaer	16	0.6	50	100	2048	0	27	1208.6	100167	1208.6	/work/miyayu/aria_experiment/results/ycsb_aria_matrix/full_20260312_002912/current_ariaer_p12_t16_k40000_rw50_ops100_bs2048_zipf_0.6.log
current	ariaer	16	0.6	50	100	4096	0	26	588.6	98944.2	588.6	/work/miyayu/aria_experiment/results/ycsb_aria_matrix/full_20260312_002912/current_ariaer_p12_t16_k40000_rw50_ops100_bs4096_zipf_0.6.log
current	ariaer	16	0.6	80	10	1024	0	27	613582	27851.5	613582	/work/miyayu/aria_experiment/results/ycsb_aria_matrix/full_20260312_002912/current_ariaer_p12_t16_k40000_rw80_ops10_bs1024_zipf_0.6.log
current	ariaer	16	0.6	80	10	2048	0	27	586827	48667.7	586827	/work/miyayu/aria_experiment/results/ycsb_aria_matrix/full_20260312_002912/current_ariaer_p12_t16_k40000_rw80_ops10_bs2048_zipf_0.6.log
current	ariaer	16	0.6	80	10	4096	0	27	548839	81535.3	548839	/work/miyayu/aria_experiment/results/ycsb_aria_matrix/full_20260312_002912/current_ariaer_p12_t16_k40000_rw80_ops10_bs4096_zipf_0.6.log
current	ariaer	16	0.6	80	100	1024	0	26	15580.3	135152	15580.3	/work/miyayu/aria_experiment/results/ycsb_aria_matrix/full_20260312_002912/current_ariaer_p12_t16_k40000_rw80_ops100_bs1024_zipf_0.6.log
current	ariaer	16	0.6	80	100	2048	0	26	8567.3	144418	8567.3	/work/miyayu/aria_experiment/results/ycsb_aria_matrix/full_20260312_002912/current_ariaer_p12_t16_k40000_rw80_ops100_bs2048_zipf_0.6.log
current	ariaer	16	0.6	80	100	4096	0	27	4303.6	146429	4303.6	/work/miyayu/aria_experiment/results/ycsb_aria_matrix/full_20260312_002912/current_ariaer_p12_t16_k40000_rw80_ops100_bs4096_zipf_0.6.log
current	ariaer	16	0.8	50	10	1024	0	26	226902	314691	226902	/work/miyayu/aria_experiment/results/ycsb_aria_matrix/full_20260312_002912/current_ariaer_p12_t16_k40000_rw50_ops10_bs1024_zipf_0.8.log
current	ariaer	16	0.8	50	10	2048	0	27	181340	364657	181340	/work/miyayu/aria_experiment/results/ycsb_aria_matrix/full_20260312_002912/current_ariaer_p12_t16_k40000_rw50_ops10_bs2048_zipf_0.8.log
current	ariaer	16	0.8	50	10	4096	0	27	138609	409026	138609	/work/miyayu/aria_experiment/results/ycsb_aria_matrix/full_20260312_002912/current_ariaer_p12_t16_k40000_rw50_ops10_bs4096_zipf_0.8.log
current	ariaer	16	0.8	50	100	1024	0	26	188.2	107741	188.2	/work/miyayu/aria_experiment/results/ycsb_aria_matrix/full_20260312_002912/current_ariaer_p12_t16_k40000_rw50_ops100_bs1024_zipf_0.8.log
current	ariaer	16	0.8	50	100	2048	0	26	94.5	107630	94.5	/work/miyayu/aria_experiment/results/ycsb_aria_matrix/full_20260312_002912/current_ariaer_p12_t16_k40000_rw50_ops100_bs2048_zipf_0.8.log
current	ariaer	16	0.8	50	100	4096	0	27	45.9	106860	45.9	/work/miyayu/aria_experiment/results/ycsb_aria_matrix/full_20260312_002912/current_ariaer_p12_t16_k40000_rw50_ops100_bs4096_zipf_0.8.log
current	ariaer	16	0.8	80	10	1024	0	27	483595	175144	483595	/work/miyayu/aria_experiment/results/ycsb_aria_matrix/full_20260312_002912/current_ariaer_p12_t16_k40000_rw80_ops10_bs1024_zipf_0.8.log
current	ariaer	16	0.8	80	10	2048	0	27	440385	219275	440385	/work/miyayu/aria_experiment/results/ycsb_aria_matrix/full_20260312_002912/current_ariaer_p12_t16_k40000_rw80_ops10_bs2048_zipf_0.8.log
current	ariaer	16	0.8	80	10	4096	0	27	394281	265994	394281	/work/miyayu/aria_experiment/results/ycsb_aria_matrix/full_20260312_002912/current_ariaer_p12_t16_k40000_rw80_ops10_bs4096_zipf_0.8.log
current	ariaer	16	0.8	80	100	1024	0	26	2333.4	166115	2333.4	/work/miyayu/aria_experiment/results/ycsb_aria_matrix/full_20260312_002912/current_ariaer_p12_t16_k40000_rw80_ops100_bs1024_zipf_0.8.log
current	ariaer	16	0.8	80	100	2048	0	26	1194.4	166742	1194.4	/work/miyayu/aria_experiment/results/ycsb_aria_matrix/full_20260312_002912/current_ariaer_p12_t16_k40000_rw80_ops100_bs2048_zipf_0.8.log
current	ariaer	16	0.8	80	100	4096	0	27	598.1	165290	598.1	/work/miyayu/aria_experiment/results/ycsb_aria_matrix/full_20260312_002912/current_ariaer_p12_t16_k40000_rw80_ops100_bs4096_zipf_0.8.log
current	ariaer	16	0.9	50	10	1024	0	26	116108	434702	116108	/work/miyayu/aria_experiment/results/ycsb_aria_matrix/full_20260312_002912/current_ariaer_p12_t16_k40000_rw50_ops10_bs1024_zipf_0.9.log
current	ariaer	16	0.9	50	10	2048	0	27	88786.3	466836	88786.3	/work/miyayu/aria_experiment/results/ycsb_aria_matrix/full_20260312_002912/current_ariaer_p12_t16_k40000_rw50_ops10_bs2048_zipf_0.9.log
current	ariaer	16	0.9	50	10	4096	0	26	65266.5	490151	65266.5	/work/miyayu/aria_experiment/results/ycsb_aria_matrix/full_20260312_002912/current_ariaer_p12_t16_k40000_rw50_ops10_bs4096_zipf_0.9.log
current	ariaer	16	0.9	50	100	1024	0	27	115	111706	115	/work/miyayu/aria_experiment/results/ycsb_aria_matrix/full_20260312_002912/current_ariaer_p12_t16_k40000_rw50_ops100_bs1024_zipf_0.9.log
current	ariaer	16	0.9	50	100	2048	0	26	56.7	111559	56.7	/work/miyayu/aria_experiment/results/ycsb_aria_matrix/full_20260312_002912/current_ariaer_p12_t16_k40000_rw50_ops100_bs2048_zipf_0.9.log
current	ariaer	16	0.9	50	100	4096	0	26	28.7	110973	28.7	/work/miyayu/aria_experiment/results/ycsb_aria_matrix/full_20260312_002912/current_ariaer_p12_t16_k40000_rw50_ops100_bs4096_zipf_0.9.log
current	ariaer	16	0.9	80	10	1024	0	27	372337	296847	372337	/work/miyayu/aria_experiment/results/ycsb_aria_matrix/full_20260312_002912/current_ariaer_p12_t16_k40000_rw80_ops10_bs1024_zipf_0.9.log
current	ariaer	16	0.9	80	10	2048	0	27	332930	333080	332930	/work/miyayu/aria_experiment/results/ycsb_aria_matrix/full_20260312_002912/current_ariaer_p12_t16_k40000_rw80_ops10_bs2048_zipf_0.9.log
current	ariaer	16	0.9	80	10	4096	0	27	298414	370463	298414	/work/miyayu/aria_experiment/results/ycsb_aria_matrix/full_20260312_002912/current_ariaer_p12_t16_k40000_rw80_ops10_bs4096_zipf_0.9.log
current	ariaer	16	0.9	80	100	1024	0	26	653.3	176294	653.3	/work/miyayu/aria_experiment/results/ycsb_aria_matrix/full_20260312_002912/current_ariaer_p12_t16_k40000_rw80_ops100_bs1024_zipf_0.9.log
current	ariaer	16	0.9	80	100	2048	0	26	333.1	175180	333.1	/work/miyayu/aria_experiment/results/ycsb_aria_matrix/full_20260312_002912/current_ariaer_p12_t16_k40000_rw80_ops100_bs2048_zipf_0.9.log
current	ariaer	16	0.9	80	100	4096	0	26	166.9	174323	166.9	/work/miyayu/aria_experiment/results/ycsb_aria_matrix/full_20260312_002912/current_ariaer_p12_t16_k40000_rw80_ops100_bs4096_zipf_0.9.log
current	ariaer	32	0.0	50	10	1024	0	27	749862	20697.3	749862	/work/miyayu/aria_experiment/results/ycsb_aria_matrix/full_20260312_002912/current_ariaer_p12_t32_k40000_rw50_ops10_bs1024_zipf_0.0.log
current	ariaer	32	0.0	50	10	2048	0	27	726692	41512.9	726692	/work/miyayu/aria_experiment/results/ycsb_aria_matrix/full_20260312_002912/current_ariaer_p12_t32_k40000_rw50_ops10_bs2048_zipf_0.0.log
current	ariaer	32	0.0	50	10	4096	0	27	676371	81388.8	676371	/work/miyayu/aria_experiment/results/ycsb_aria_matrix/full_20260312_002912/current_ariaer_p12_t32_k40000_rw50_ops10_bs4096_zipf_0.0.log
current	ariaer	32	0.0	50	100	1024	0	27	17410	93591.6	17410	/work/miyayu/aria_experiment/results/ycsb_aria_matrix/full_20260312_002912/current_ariaer_p12_t32_k40000_rw50_ops100_bs1024_zipf_0.0.log
current	ariaer	32	0.0	50	100	2048	0	26	8448.9	98456.7	8448.9	/work/miyayu/aria_experiment/results/ycsb_aria_matrix/full_20260312_002912/current_ariaer_p12_t32_k40000_rw50_ops100_bs2048_zipf_0.0.log
current	ariaer	32	0.0	50	100	4096	0	26	4231.3	103494	4231.3	/work/miyayu/aria_experiment/results/ycsb_aria_matrix/full_20260312_002912/current_ariaer_p12_t32_k40000_rw50_ops100_bs4096_zipf_0.0.log
current	ariaer	32	0.0	80	10	1024	0	27	1.07704	NA	1.07704	/work/miyayu/aria_experiment/results/ycsb_aria_matrix/full_20260312_002912/current_ariaer_p12_t32_k40000_rw80_ops10_bs1024_zipf_0.0.log
current	ariaer	32	0.0	80	10	2048	0	27	1.06452	NA	1.06452	/work/miyayu/aria_experiment/results/ycsb_aria_matrix/full_20260312_002912/current_ariaer_p12_t32_k40000_rw80_ops10_bs2048_zipf_0.0.log
current	ariaer	32	0.0	80	10	4096	0	27	1.02854	NA	1.02854	/work/miyayu/aria_experiment/results/ycsb_aria_matrix/full_20260312_002912/current_ariaer_p12_t32_k40000_rw80_ops10_bs4096_zipf_0.0.log
current	ariaer	32	0.0	80	100	1024	0	26	66357.4	104343	66357.4	/work/miyayu/aria_experiment/results/ycsb_aria_matrix/full_20260312_002912/current_ariaer_p12_t32_k40000_rw80_ops100_bs1024_zipf_0.0.log
current	ariaer	32	0.0	80	100	2048	0	27	35877.9	131444	35877.9	/work/miyayu/aria_experiment/results/ycsb_aria_matrix/full_20260312_002912/current_ariaer_p12_t32_k40000_rw80_ops100_bs2048_zipf_0.0.log
current	ariaer	32	0.0	80	100	4096	0	26	18826.5	151567	18826.5	/work/miyayu/aria_experiment/results/ycsb_aria_matrix/full_20260312_002912/current_ariaer_p12_t32_k40000_rw80_ops100_bs4096_zipf_0.0.log
current	ariaer	32	0.2	50	10	1024	0	27	566835	16742.3	566835	/work/miyayu/aria_experiment/results/ycsb_aria_matrix/full_20260312_002912/current_ariaer_p12_t32_k40000_rw50_ops10_bs1024_zipf_0.2.log
current	ariaer	32	0.2	50	10	2048	0	27	550292	33592.8	550292	/work/miyayu/aria_experiment/results/ycsb_aria_matrix/full_20260312_002912/current_ariaer_p12_t32_k40000_rw50_ops10_bs2048_zipf_0.2.log
current	ariaer	32	0.2	50	10	4096	0	27	509965	65932.9	509965	/work/miyayu/aria_experiment/results/ycsb_aria_matrix/full_20260312_002912/current_ariaer_p12_t32_k40000_rw50_ops10_bs4096_zipf_0.2.log
current	ariaer	32	0.2	50	100	1024	0	27	15677.3	90101.9	15677.3	/work/miyayu/aria_experiment/results/ycsb_aria_matrix/full_20260312_002912/current_ariaer_p12_t32_k40000_rw50_ops100_bs1024_zipf_0.2.log
current	ariaer	32	0.2	50	100	2048	0	26	7586.8	94608.4	7586.8	/work/miyayu/aria_experiment/results/ycsb_aria_matrix/full_20260312_002912/current_ariaer_p12_t32_k40000_rw50_ops100_bs2048_zipf_0.2.log
current	ariaer	32	0.2	50	100	4096	0	26	3835.4	99793.4	3835.4	/work/miyayu/aria_experiment/results/ycsb_aria_matrix/full_20260312_002912/current_ariaer_p12_t32_k40000_rw50_ops100_bs4096_zipf_0.2.log
current	ariaer	32	0.2	80	10	1024	0	27	740196	3637.4	740196	/work/miyayu/aria_experiment/results/ycsb_aria_matrix/full_20260312_002912/current_ariaer_p12_t32_k40000_rw80_ops10_bs1024_zipf_0.2.log
current	ariaer	32	0.2	80	10	2048	0	27	738224	7657.7	738224	/work/miyayu/aria_experiment/results/ycsb_aria_matrix/full_20260312_002912/current_ariaer_p12_t32_k40000_rw80_ops10_bs2048_zipf_0.2.log
current	ariaer	32	0.2	80	10	4096	0	27	720265	16605.7	720265	/work/miyayu/aria_experiment/results/ycsb_aria_matrix/full_20260312_002912/current_ariaer_p12_t32_k40000_rw80_ops10_bs4096_zipf_0.2.log
current	ariaer	32	0.2	80	100	1024	0	27	59185.2	100354	59185.2	/work/miyayu/aria_experiment/results/ycsb_aria_matrix/full_20260312_002912/current_ariaer_p12_t32_k40000_rw80_ops100_bs1024_zipf_0.2.log
current	ariaer	32	0.2	80	100	2048	0	26	31840.1	124627	31840.1	/work/miyayu/aria_experiment/results/ycsb_aria_matrix/full_20260312_002912/current_ariaer_p12_t32_k40000_rw80_ops100_bs2048_zipf_0.2.log
current	ariaer	32	0.2	80	100	4096	0	27	16753.9	142990	16753.9	/work/miyayu/aria_experiment/results/ycsb_aria_matrix/full_20260312_002912/current_ariaer_p12_t32_k40000_rw80_ops100_bs4096_zipf_0.2.log
current	ariaer	32	0.4	50	10	1024	0	27	561942	26141.3	561942	/work/miyayu/aria_experiment/results/ycsb_aria_matrix/full_20260312_002912/current_ariaer_p12_t32_k40000_rw50_ops10_bs1024_zipf_0.4.log
current	ariaer	32	0.4	50	10	2048	0	27	534469	50849.7	534469	/work/miyayu/aria_experiment/results/ycsb_aria_matrix/full_20260312_002912/current_ariaer_p12_t32_k40000_rw50_ops10_bs2048_zipf_0.4.log
current	ariaer	32	0.4	50	10	4096	0	27	482768	95177.1	482768	/work/miyayu/aria_experiment/results/ycsb_aria_matrix/full_20260312_002912/current_ariaer_p12_t32_k40000_rw50_ops10_bs4096_zipf_0.4.log
current	ariaer	32	0.4	50	100	1024	0	26	10682.4	95813.6	10682.4	/work/miyayu/aria_experiment/results/ycsb_aria_matrix/full_20260312_002912/current_ariaer_p12_t32_k40000_rw50_ops100_bs1024_zipf_0.4.log
current	ariaer	32	0.4	50	100	2048	0	26	5138.6	97466.2	5138.6	/work/miyayu/aria_experiment/results/ycsb_aria_matrix/full_20260312_002912/current_ariaer_p12_t32_k40000_rw50_ops100_bs2048_zipf_0.4.log
current	ariaer	32	0.4	50	100	4096	0	27	2602.4	101436	2602.4	/work/miyayu/aria_experiment/results/ycsb_aria_matrix/full_20260312_002912/current_ariaer_p12_t32_k40000_rw50_ops100_bs4096_zipf_0.4.log
current	ariaer	32	0.4	80	10	1024	0	27	741640	5867.3	741640	/work/miyayu/aria_experiment/results/ycsb_aria_matrix/full_20260312_002912/current_ariaer_p12_t32_k40000_rw80_ops10_bs1024_zipf_0.4.log
current	ariaer	32	0.4	80	10	2048	0	27	735777	12562.6	735777	/work/miyayu/aria_experiment/results/ycsb_aria_matrix/full_20260312_002912/current_ariaer_p12_t32_k40000_rw80_ops10_bs2048_zipf_0.4.log
current	ariaer	32	0.4	80	10	4096	0	27	708327	26495.6	708327	/work/miyayu/aria_experiment/results/ycsb_aria_matrix/full_20260312_002912/current_ariaer_p12_t32_k40000_rw80_ops10_bs4096_zipf_0.4.log
current	ariaer	32	0.4	80	100	1024	0	27	44652.9	117856	44652.9	/work/miyayu/aria_experiment/results/ycsb_aria_matrix/full_20260312_002912/current_ariaer_p12_t32_k40000_rw80_ops100_bs1024_zipf_0.4.log
current	ariaer	32	0.4	80	100	2048	0	26	23531.4	136008	23531.4	/work/miyayu/aria_experiment/results/ycsb_aria_matrix/full_20260312_002912/current_ariaer_p12_t32_k40000_rw80_ops100_bs2048_zipf_0.4.log
current	ariaer	32	0.4	80	100	4096	0	27	12339.1	151091	12339.1	/work/miyayu/aria_experiment/results/ycsb_aria_matrix/full_20260312_002912/current_ariaer_p12_t32_k40000_rw80_ops100_bs4096_zipf_0.4.log
current	ariaer	32	0.6	50	10	1024	0	27	490733	100115	490733	/work/miyayu/aria_experiment/results/ycsb_aria_matrix/full_20260312_002912/current_ariaer_p12_t32_k40000_rw50_ops10_bs1024_zipf_0.6.log
current	ariaer	32	0.6	50	10	2048	0	26	440431	154308	440431	/work/miyayu/aria_experiment/results/ycsb_aria_matrix/full_20260312_002912/current_ariaer_p12_t32_k40000_rw50_ops10_bs2048_zipf_0.6.log
current	ariaer	32	0.6	50	10	4096	0	27	367402	223241	367402	/work/miyayu/aria_experiment/results/ycsb_aria_matrix/full_20260312_002912/current_ariaer_p12_t32_k40000_rw50_ops10_bs4096_zipf_0.6.log
current	ariaer	32	0.6	50	100	1024	0	27	2637.1	107443	2637.1	/work/miyayu/aria_experiment/results/ycsb_aria_matrix/full_20260312_002912/current_ariaer_p12_t32_k40000_rw50_ops100_bs1024_zipf_0.6.log
current	ariaer	32	0.6	50	100	2048	0	26	1277.2	104400	1277.2	/work/miyayu/aria_experiment/results/ycsb_aria_matrix/full_20260312_002912/current_ariaer_p12_t32_k40000_rw50_ops100_bs2048_zipf_0.6.log
current	ariaer	32	0.6	50	100	4096	0	26	638.1	104629	638.1	/work/miyayu/aria_experiment/results/ycsb_aria_matrix/full_20260312_002912/current_ariaer_p12_t32_k40000_rw50_ops100_bs4096_zipf_0.6.log
current	ariaer	32	0.6	80	10	1024	0	27	716783	32579.9	716783	/work/miyayu/aria_experiment/results/ycsb_aria_matrix/full_20260312_002912/current_ariaer_p12_t32_k40000_rw80_ops10_bs1024_zipf_0.6.log
current	ariaer	32	0.6	80	10	2048	0	27	697012	57675.5	697012	/work/miyayu/aria_experiment/results/ycsb_aria_matrix/full_20260312_002912/current_ariaer_p12_t32_k40000_rw80_ops10_bs2048_zipf_0.6.log
current	ariaer	32	0.6	80	10	4096	0	27	641074	95386.8	641074	/work/miyayu/aria_experiment/results/ycsb_aria_matrix/full_20260312_002912/current_ariaer_p12_t32_k40000_rw80_ops10_bs4096_zipf_0.6.log
current	ariaer	32	0.6	80	100	1024	0	26	17939.2	156346	17939.2	/work/miyayu/aria_experiment/results/ycsb_aria_matrix/full_20260312_002912/current_ariaer_p12_t32_k40000_rw80_ops100_bs1024_zipf_0.6.log
current	ariaer	32	0.6	80	100	2048	0	26	9382.9	159577	9382.9	/work/miyayu/aria_experiment/results/ycsb_aria_matrix/full_20260312_002912/current_ariaer_p12_t32_k40000_rw80_ops100_bs2048_zipf_0.6.log
current	ariaer	32	0.6	80	100	4096	0	26	4916.8	166296	4916.8	/work/miyayu/aria_experiment/results/ycsb_aria_matrix/full_20260312_002912/current_ariaer_p12_t32_k40000_rw80_ops100_bs4096_zipf_0.6.log
current	ariaer	32	0.8	50	10	1024	0	27	255818	355817	255818	/work/miyayu/aria_experiment/results/ycsb_aria_matrix/full_20260312_002912/current_ariaer_p12_t32_k40000_rw50_ops10_bs1024_zipf_0.8.log
current	ariaer	32	0.8	50	10	2048	0	27	205332	413164	205332	/work/miyayu/aria_experiment/results/ycsb_aria_matrix/full_20260312_002912/current_ariaer_p12_t32_k40000_rw50_ops10_bs2048_zipf_0.8.log
current	ariaer	32	0.8	50	10	4096	0	26	157056	463898	157056	/work/miyayu/aria_experiment/results/ycsb_aria_matrix/full_20260312_002912/current_ariaer_p12_t32_k40000_rw50_ops10_bs4096_zipf_0.8.log
current	ariaer	32	0.8	50	100	1024	0	27	202.2	115817	202.2	/work/miyayu/aria_experiment/results/ycsb_aria_matrix/full_20260312_002912/current_ariaer_p12_t32_k40000_rw50_ops100_bs1024_zipf_0.8.log
current	ariaer	32	0.8	50	100	2048	0	26	96.8	111314	96.8	/work/miyayu/aria_experiment/results/ycsb_aria_matrix/full_20260312_002912/current_ariaer_p12_t32_k40000_rw50_ops100_bs2048_zipf_0.8.log
current	ariaer	32	0.8	50	100	4096	0	26	48.8	111772	48.8	/work/miyayu/aria_experiment/results/ycsb_aria_matrix/full_20260312_002912/current_ariaer_p12_t32_k40000_rw50_ops100_bs4096_zipf_0.8.log
current	ariaer	32	0.8	80	10	1024	0	26	560690	203111	560690	/work/miyayu/aria_experiment/results/ycsb_aria_matrix/full_20260312_002912/current_ariaer_p12_t32_k40000_rw80_ops10_bs1024_zipf_0.8.log
current	ariaer	32	0.8	80	10	2048	0	26	515939	256575	515939	/work/miyayu/aria_experiment/results/ycsb_aria_matrix/full_20260312_002912/current_ariaer_p12_t32_k40000_rw80_ops10_bs2048_zipf_0.8.log
current	ariaer	32	0.8	80	10	4096	0	26	457923	308848	457923	/work/miyayu/aria_experiment/results/ycsb_aria_matrix/full_20260312_002912/current_ariaer_p12_t32_k40000_rw80_ops10_bs4096_zipf_0.8.log
current	ariaer	32	0.8	80	100	1024	0	26	2608.6	186831	2608.6	/work/miyayu/aria_experiment/results/ycsb_aria_matrix/full_20260312_002912/current_ariaer_p12_t32_k40000_rw80_ops100_bs1024_zipf_0.8.log
current	ariaer	32	0.8	80	100	2048	0	26	1318.3	183206	1318.3	/work/miyayu/aria_experiment/results/ycsb_aria_matrix/full_20260312_002912/current_ariaer_p12_t32_k40000_rw80_ops100_bs2048_zipf_0.8.log
current	ariaer	32	0.8	80	100	4096	0	27	671.5	182010	671.5	/work/miyayu/aria_experiment/results/ycsb_aria_matrix/full_20260312_002912/current_ariaer_p12_t32_k40000_rw80_ops100_bs4096_zipf_0.8.log
current	ariaer	32	0.9	50	10	1024	0	26	131001	491079	131001	/work/miyayu/aria_experiment/results/ycsb_aria_matrix/full_20260312_002912/current_ariaer_p12_t32_k40000_rw50_ops10_bs1024_zipf_0.9.log
current	ariaer	32	0.9	50	10	2048	0	27	100174	527333	100174	/work/miyayu/aria_experiment/results/ycsb_aria_matrix/full_20260312_002912/current_ariaer_p12_t32_k40000_rw50_ops10_bs2048_zipf_0.9.log
current	ariaer	32	0.9	50	10	4096	0	26	73883.2	554034	73883.2	/work/miyayu/aria_experiment/results/ycsb_aria_matrix/full_20260312_002912/current_ariaer_p12_t32_k40000_rw50_ops10_bs4096_zipf_0.9.log
current	ariaer	32	0.9	50	100	1024	0	27	123	118456	123	/work/miyayu/aria_experiment/results/ycsb_aria_matrix/full_20260312_002912/current_ariaer_p12_t32_k40000_rw50_ops100_bs1024_zipf_0.9.log
current	ariaer	32	0.9	50	100	2048	0	26	58.8	115039	58.8	/work/miyayu/aria_experiment/results/ycsb_aria_matrix/full_20260312_002912/current_ariaer_p12_t32_k40000_rw50_ops100_bs2048_zipf_0.9.log
current	ariaer	32	0.9	50	100	4096	0	26	28.8	113840	28.8	/work/miyayu/aria_experiment/results/ycsb_aria_matrix/full_20260312_002912/current_ariaer_p12_t32_k40000_rw50_ops100_bs4096_zipf_0.9.log
current	ariaer	32	0.9	80	10	1024	0	27	428252	341530	428252	/work/miyayu/aria_experiment/results/ycsb_aria_matrix/full_20260312_002912/current_ariaer_p12_t32_k40000_rw80_ops10_bs1024_zipf_0.9.log
current	ariaer	32	0.9	80	10	2048	0	27	389202	389243	389202	/work/miyayu/aria_experiment/results/ycsb_aria_matrix/full_20260312_002912/current_ariaer_p12_t32_k40000_rw80_ops10_bs2048_zipf_0.9.log
current	ariaer	32	0.9	80	10	4096	0	27	347988	431481	347988	/work/miyayu/aria_experiment/results/ycsb_aria_matrix/full_20260312_002912/current_ariaer_p12_t32_k40000_rw80_ops10_bs4096_zipf_0.9.log
current	ariaer	32	0.9	80	100	1024	0	26	740.4	195458	740.4	/work/miyayu/aria_experiment/results/ycsb_aria_matrix/full_20260312_002912/current_ariaer_p12_t32_k40000_rw80_ops100_bs1024_zipf_0.9.log
current	ariaer	32	0.9	80	100	2048	0	27	375.5	191932	375.5	/work/miyayu/aria_experiment/results/ycsb_aria_matrix/full_20260312_002912/current_ariaer_p12_t32_k40000_rw80_ops100_bs2048_zipf_0.9.log
current	ariaer	32	0.9	80	100	4096	0	26	185.8	190278	185.8	/work/miyayu/aria_experiment/results/ycsb_aria_matrix/full_20260312_002912/current_ariaer_p12_t32_k40000_rw80_ops100_bs4096_zipf_0.9.log
current	ariaer	48	0.0	50	10	1024	0	28	1.12127	NA	1.12127	/work/miyayu/aria_experiment/results/ycsb_aria_matrix/full_20260312_002912/current_ariaer_p12_t48_k40000_rw50_ops10_bs1024_zipf_0.0.log
current	ariaer	48	0.0	50	10	2048	0	27	1.06093	NA	1.06093	/work/miyayu/aria_experiment/results/ycsb_aria_matrix/full_20260312_002912/current_ariaer_p12_t48_k40000_rw50_ops10_bs2048_zipf_0.0.log
current	ariaer	48	0.0	50	10	4096	0	28	1.00424	NA	1.00424	/work/miyayu/aria_experiment/results/ycsb_aria_matrix/full_20260312_002912/current_ariaer_p12_t48_k40000_rw50_ops10_bs4096_zipf_0.0.log
current	ariaer	48	0.0	50	100	1024	0	26	26265.9	141056	26265.9	/work/miyayu/aria_experiment/results/ycsb_aria_matrix/full_20260312_002912/current_ariaer_p12_t48_k40000_rw50_ops100_bs1024_zipf_0.0.log
current	ariaer	48	0.0	50	100	2048	0	26	12599.6	146940	12599.6	/work/miyayu/aria_experiment/results/ycsb_aria_matrix/full_20260312_002912/current_ariaer_p12_t48_k40000_rw50_ops100_bs2048_zipf_0.0.log
current	ariaer	48	0.0	50	100	4096	0	26	6339.6	154633	6339.6	/work/miyayu/aria_experiment/results/ycsb_aria_matrix/full_20260312_002912/current_ariaer_p12_t48_k40000_rw50_ops100_bs4096_zipf_0.0.log
current	ariaer	48	0.0	80	10	1024	0	28	1.55186	NA	1.55186	/work/miyayu/aria_experiment/results/ycsb_aria_matrix/full_20260312_002912/current_ariaer_p12_t48_k40000_rw80_ops10_bs1024_zipf_0.0.log
current	ariaer	48	0.0	80	10	2048	0	28	1.55189	NA	1.55189	/work/miyayu/aria_experiment/results/ycsb_aria_matrix/full_20260312_002912/current_ariaer_p12_t48_k40000_rw80_ops10_bs2048_zipf_0.0.log
current	ariaer	48	0.0	80	10	4096	0	28	1.52741	NA	1.52741	/work/miyayu/aria_experiment/results/ycsb_aria_matrix/full_20260312_002912/current_ariaer_p12_t48_k40000_rw80_ops10_bs4096_zipf_0.0.log
current	ariaer	48	0.0	80	100	1024	0	26	100140	157191	100140	/work/miyayu/aria_experiment/results/ycsb_aria_matrix/full_20260312_002912/current_ariaer_p12_t48_k40000_rw80_ops100_bs1024_zipf_0.0.log
current	ariaer	48	0.0	80	100	2048	0	26	53319.2	195103	53319.2	/work/miyayu/aria_experiment/results/ycsb_aria_matrix/full_20260312_002912/current_ariaer_p12_t48_k40000_rw80_ops100_bs2048_zipf_0.0.log
current	ariaer	48	0.0	80	100	4096	0	27	28196.5	226165	28196.5	/work/miyayu/aria_experiment/results/ycsb_aria_matrix/full_20260312_002912/current_ariaer_p12_t48_k40000_rw80_ops100_bs4096_zipf_0.0.log
current	ariaer	48	0.2	50	10	1024	0	27	846135	24981.6	846135	/work/miyayu/aria_experiment/results/ycsb_aria_matrix/full_20260312_002912/current_ariaer_p12_t48_k40000_rw50_ops10_bs1024_zipf_0.2.log
current	ariaer	48	0.2	50	10	2048	0	28	803376	49001.4	803376	/work/miyayu/aria_experiment/results/ycsb_aria_matrix/full_20260312_002912/current_ariaer_p12_t48_k40000_rw50_ops10_bs2048_zipf_0.2.log
current	ariaer	48	0.2	50	10	4096	0	27	761446	98302.8	761446	/work/miyayu/aria_experiment/results/ycsb_aria_matrix/full_20260312_002912/current_ariaer_p12_t48_k40000_rw50_ops10_bs4096_zipf_0.2.log
current	ariaer	48	0.2	50	100	1024	0	26	23814.8	137260	23814.8	/work/miyayu/aria_experiment/results/ycsb_aria_matrix/full_20260312_002912/current_ariaer_p12_t48_k40000_rw50_ops100_bs1024_zipf_0.2.log
current	ariaer	48	0.2	50	100	2048	0	26	11415.7	142799	11415.7	/work/miyayu/aria_experiment/results/ycsb_aria_matrix/full_20260312_002912/current_ariaer_p12_t48_k40000_rw50_ops100_bs2048_zipf_0.2.log
current	ariaer	48	0.2	50	100	4096	0	26	5712.5	148707	5712.5	/work/miyayu/aria_experiment/results/ycsb_aria_matrix/full_20260312_002912/current_ariaer_p12_t48_k40000_rw50_ops100_bs4096_zipf_0.2.log
current	ariaer	48	0.2	80	10	1024	0	28	1.09331	NA	1.09331	/work/miyayu/aria_experiment/results/ycsb_aria_matrix/full_20260312_002912/current_ariaer_p12_t48_k40000_rw80_ops10_bs1024_zipf_0.2.log
current	ariaer	48	0.2	80	10	2048	0	28	1.08214	NA	1.08214	/work/miyayu/aria_experiment/results/ycsb_aria_matrix/full_20260312_002912/current_ariaer_p12_t48_k40000_rw80_ops10_bs2048_zipf_0.2.log
current	ariaer	48	0.2	80	10	4096	0	27	1.07222	NA	1.07222	/work/miyayu/aria_experiment/results/ycsb_aria_matrix/full_20260312_002912/current_ariaer_p12_t48_k40000_rw80_ops10_bs4096_zipf_0.2.log
current	ariaer	48	0.2	80	100	1024	0	27	88927.7	150996	88927.7	/work/miyayu/aria_experiment/results/ycsb_aria_matrix/full_20260312_002912/current_ariaer_p12_t48_k40000_rw80_ops100_bs1024_zipf_0.2.log
current	ariaer	48	0.2	80	100	2048	0	26	47347.9	185305	47347.9	/work/miyayu/aria_experiment/results/ycsb_aria_matrix/full_20260312_002912/current_ariaer_p12_t48_k40000_rw80_ops100_bs2048_zipf_0.2.log
current	ariaer	48	0.2	80	100	4096	0	27	24806.9	212761	24806.9	/work/miyayu/aria_experiment/results/ycsb_aria_matrix/full_20260312_002912/current_ariaer_p12_t48_k40000_rw80_ops100_bs4096_zipf_0.2.log
current	ariaer	48	0.4	50	10	1024	0	27	837637	38906.8	837637	/work/miyayu/aria_experiment/results/ycsb_aria_matrix/full_20260312_002912/current_ariaer_p12_t48_k40000_rw50_ops10_bs1024_zipf_0.4.log
current	ariaer	48	0.4	50	10	2048	0	27	781896	74372.9	781896	/work/miyayu/aria_experiment/results/ycsb_aria_matrix/full_20260312_002912/current_ariaer_p12_t48_k40000_rw50_ops10_bs2048_zipf_0.4.log
current	ariaer	48	0.4	50	10	4096	0	28	717380	141554	717380	/work/miyayu/aria_experiment/results/ycsb_aria_matrix/full_20260312_002912/current_ariaer_p12_t48_k40000_rw50_ops10_bs4096_zipf_0.4.log
current	ariaer	48	0.4	50	100	1024	0	26	16317.5	146601	16317.5	/work/miyayu/aria_experiment/results/ycsb_aria_matrix/full_20260312_002912/current_ariaer_p12_t48_k40000_rw50_ops100_bs1024_zipf_0.4.log
current	ariaer	48	0.4	50	100	2048	0	27	7784.2	147864	7784.2	/work/miyayu/aria_experiment/results/ycsb_aria_matrix/full_20260312_002912/current_ariaer_p12_t48_k40000_rw50_ops100_bs2048_zipf_0.4.log
current	ariaer	48	0.4	50	100	4096	0	26	3878.9	150540	3878.9	/work/miyayu/aria_experiment/results/ycsb_aria_matrix/full_20260312_002912/current_ariaer_p12_t48_k40000_rw50_ops100_bs4096_zipf_0.4.log
current	ariaer	48	0.4	80	10	1024	0	28	1.09433	NA	1.09433	/work/miyayu/aria_experiment/results/ycsb_aria_matrix/full_20260312_002912/current_ariaer_p12_t48_k40000_rw80_ops10_bs1024_zipf_0.4.log
current	ariaer	48	0.4	80	10	2048	0	27	1.06588	NA	1.06588	/work/miyayu/aria_experiment/results/ycsb_aria_matrix/full_20260312_002912/current_ariaer_p12_t48_k40000_rw80_ops10_bs2048_zipf_0.4.log
current	ariaer	48	0.4	80	10	4096	0	28	1.04655	NA	1.04655	/work/miyayu/aria_experiment/results/ycsb_aria_matrix/full_20260312_002912/current_ariaer_p12_t48_k40000_rw80_ops10_bs4096_zipf_0.4.log
current	ariaer	48	0.4	80	100	1024	0	26	67070	177154	67070	/work/miyayu/aria_experiment/results/ycsb_aria_matrix/full_20260312_002912/current_ariaer_p12_t48_k40000_rw80_ops100_bs1024_zipf_0.4.log
current	ariaer	48	0.4	80	100	2048	0	27	35013.3	202555	35013.3	/work/miyayu/aria_experiment/results/ycsb_aria_matrix/full_20260312_002912/current_ariaer_p12_t48_k40000_rw80_ops100_bs2048_zipf_0.4.log
current	ariaer	48	0.4	80	100	4096	0	26	18322.4	224570	18322.4	/work/miyayu/aria_experiment/results/ycsb_aria_matrix/full_20260312_002912/current_ariaer_p12_t48_k40000_rw80_ops100_bs4096_zipf_0.4.log
current	ariaer	48	0.6	50	10	1024	0	27	727511	148316	727511	/work/miyayu/aria_experiment/results/ycsb_aria_matrix/full_20260312_002912/current_ariaer_p12_t48_k40000_rw50_ops10_bs1024_zipf_0.6.log
current	ariaer	48	0.6	50	10	2048	0	28	640438	224842	640438	/work/miyayu/aria_experiment/results/ycsb_aria_matrix/full_20260312_002912/current_ariaer_p12_t48_k40000_rw50_ops10_bs2048_zipf_0.6.log
current	ariaer	48	0.6	50	10	4096	0	27	547568	332662	547568	/work/miyayu/aria_experiment/results/ycsb_aria_matrix/full_20260312_002912/current_ariaer_p12_t48_k40000_rw50_ops10_bs4096_zipf_0.6.log
current	ariaer	48	0.6	50	100	1024	0	26	4063.1	164590	4063.1	/work/miyayu/aria_experiment/results/ycsb_aria_matrix/full_20260312_002912/current_ariaer_p12_t48_k40000_rw50_ops100_bs1024_zipf_0.6.log
current	ariaer	48	0.6	50	100	2048	0	26	1913.7	157830	1913.7	/work/miyayu/aria_experiment/results/ycsb_aria_matrix/full_20260312_002912/current_ariaer_p12_t48_k40000_rw50_ops100_bs2048_zipf_0.6.log
current	ariaer	48	0.6	50	100	4096	0	27	955.8	157969	955.8	/work/miyayu/aria_experiment/results/ycsb_aria_matrix/full_20260312_002912/current_ariaer_p12_t48_k40000_rw50_ops100_bs4096_zipf_0.6.log
current	ariaer	48	0.6	80	10	1024	0	27	1.06401	NA	1.06401	/work/miyayu/aria_experiment/results/ycsb_aria_matrix/full_20260312_002912/current_ariaer_p12_t48_k40000_rw80_ops10_bs1024_zipf_0.6.log
current	ariaer	48	0.6	80	10	2048	0	28	1.00081	NA	1.00081	/work/miyayu/aria_experiment/results/ycsb_aria_matrix/full_20260312_002912/current_ariaer_p12_t48_k40000_rw80_ops10_bs2048_zipf_0.6.log
current	ariaer	48	0.6	80	10	4096	0	28	955928	141800	955928	/work/miyayu/aria_experiment/results/ycsb_aria_matrix/full_20260312_002912/current_ariaer_p12_t48_k40000_rw80_ops10_bs4096_zipf_0.6.log
current	ariaer	48	0.6	80	100	1024	0	26	26886.6	233312	26886.6	/work/miyayu/aria_experiment/results/ycsb_aria_matrix/full_20260312_002912/current_ariaer_p12_t48_k40000_rw80_ops100_bs1024_zipf_0.6.log
current	ariaer	48	0.6	80	100	2048	0	27	13981	236899	13981	/work/miyayu/aria_experiment/results/ycsb_aria_matrix/full_20260312_002912/current_ariaer_p12_t48_k40000_rw80_ops100_bs2048_zipf_0.6.log
current	ariaer	48	0.6	80	100	4096	0	26	7246.2	246706	7246.2	/work/miyayu/aria_experiment/results/ycsb_aria_matrix/full_20260312_002912/current_ariaer_p12_t48_k40000_rw80_ops100_bs4096_zipf_0.6.log
current	ariaer	48	0.8	50	10	1024	0	27	379086	526437	379086	/work/miyayu/aria_experiment/results/ycsb_aria_matrix/full_20260312_002912/current_ariaer_p12_t48_k40000_rw50_ops10_bs1024_zipf_0.8.log
current	ariaer	48	0.8	50	10	2048	0	27	297342	597838	297342	/work/miyayu/aria_experiment/results/ycsb_aria_matrix/full_20260312_002912/current_ariaer_p12_t48_k40000_rw50_ops10_bs2048_zipf_0.8.log
current	ariaer	48	0.8	50	10	4096	0	26	230587	679954	230587	/work/miyayu/aria_experiment/results/ycsb_aria_matrix/full_20260312_002912/current_ariaer_p12_t48_k40000_rw50_ops10_bs4096_zipf_0.8.log
current	ariaer	48	0.8	50	100	1024	0	27	307.4	175718	307.4	/work/miyayu/aria_experiment/results/ycsb_aria_matrix/full_20260312_002912/current_ariaer_p12_t48_k40000_rw50_ops100_bs1024_zipf_0.8.log
current	ariaer	48	0.8	50	100	2048	0	26	150.1	167786	150.1	/work/miyayu/aria_experiment/results/ycsb_aria_matrix/full_20260312_002912/current_ariaer_p12_t48_k40000_rw50_ops100_bs2048_zipf_0.8.log
current	ariaer	48	0.8	50	100	4096	0	26	72.4	166225	72.4	/work/miyayu/aria_experiment/results/ycsb_aria_matrix/full_20260312_002912/current_ariaer_p12_t48_k40000_rw50_ops100_bs4096_zipf_0.8.log
current	ariaer	48	0.8	80	10	1024	0	27	826816	299379	826816	/work/miyayu/aria_experiment/results/ycsb_aria_matrix/full_20260312_002912/current_ariaer_p12_t48_k40000_rw80_ops10_bs1024_zipf_0.8.log
current	ariaer	48	0.8	80	10	2048	0	27	743026	370062	743026	/work/miyayu/aria_experiment/results/ycsb_aria_matrix/full_20260312_002912/current_ariaer_p12_t48_k40000_rw80_ops10_bs2048_zipf_0.8.log
current	ariaer	48	0.8	80	10	4096	0	27	676779	456584	676779	/work/miyayu/aria_experiment/results/ycsb_aria_matrix/full_20260312_002912/current_ariaer_p12_t48_k40000_rw80_ops10_bs4096_zipf_0.8.log
current	ariaer	48	0.8	80	100	1024	0	26	3953.9	282561	3953.9	/work/miyayu/aria_experiment/results/ycsb_aria_matrix/full_20260312_002912/current_ariaer_p12_t48_k40000_rw80_ops100_bs1024_zipf_0.8.log
current	ariaer	48	0.8	80	100	2048	0	26	1977.8	273478	1977.8	/work/miyayu/aria_experiment/results/ycsb_aria_matrix/full_20260312_002912/current_ariaer_p12_t48_k40000_rw80_ops100_bs2048_zipf_0.8.log
current	ariaer	48	0.8	80	100	4096	0	27	986.4	272217	986.4	/work/miyayu/aria_experiment/results/ycsb_aria_matrix/full_20260312_002912/current_ariaer_p12_t48_k40000_rw80_ops100_bs4096_zipf_0.8.log
current	ariaer	48	0.9	50	10	1024	0	26	192200	719263	192200	/work/miyayu/aria_experiment/results/ycsb_aria_matrix/full_20260312_002912/current_ariaer_p12_t48_k40000_rw50_ops10_bs1024_zipf_0.9.log
current	ariaer	48	0.9	50	10	2048	0	27	145020	763473	145020	/work/miyayu/aria_experiment/results/ycsb_aria_matrix/full_20260312_002912/current_ariaer_p12_t48_k40000_rw50_ops10_bs2048_zipf_0.9.log
current	ariaer	48	0.9	50	10	4096	0	26	108690	815368	108690	/work/miyayu/aria_experiment/results/ycsb_aria_matrix/full_20260312_002912/current_ariaer_p12_t48_k40000_rw50_ops10_bs4096_zipf_0.9.log
current	ariaer	48	0.9	50	100	1024	0	27	185.9	180345	185.9	/work/miyayu/aria_experiment/results/ycsb_aria_matrix/full_20260312_002912/current_ariaer_p12_t48_k40000_rw50_ops100_bs1024_zipf_0.9.log
current	ariaer	48	0.9	50	100	2048	0	26	88.6	172148	88.6	/work/miyayu/aria_experiment/results/ycsb_aria_matrix/full_20260312_002912/current_ariaer_p12_t48_k40000_rw50_ops100_bs2048_zipf_0.9.log
current	ariaer	48	0.9	50	100	4096	0	27	44.2	171578	44.2	/work/miyayu/aria_experiment/results/ycsb_aria_matrix/full_20260312_002912/current_ariaer_p12_t48_k40000_rw50_ops100_bs4096_zipf_0.9.log
current	ariaer	48	0.9	80	10	1024	0	27	628638	501039	628638	/work/miyayu/aria_experiment/results/ycsb_aria_matrix/full_20260312_002912/current_ariaer_p12_t48_k40000_rw80_ops10_bs1024_zipf_0.9.log
current	ariaer	48	0.9	80	10	2048	0	27	566323	565606	566323	/work/miyayu/aria_experiment/results/ycsb_aria_matrix/full_20260312_002912/current_ariaer_p12_t48_k40000_rw80_ops10_bs2048_zipf_0.9.log
current	ariaer	48	0.9	80	10	4096	0	27	515206	639116	515206	/work/miyayu/aria_experiment/results/ycsb_aria_matrix/full_20260312_002912/current_ariaer_p12_t48_k40000_rw80_ops10_bs4096_zipf_0.9.log
current	ariaer	48	0.9	80	100	1024	0	26	1110.6	295030	1110.6	/work/miyayu/aria_experiment/results/ycsb_aria_matrix/full_20260312_002912/current_ariaer_p12_t48_k40000_rw80_ops100_bs1024_zipf_0.9.log
current	ariaer	48	0.9	80	100	2048	0	26	532.6	285778	532.6	/work/miyayu/aria_experiment/results/ycsb_aria_matrix/full_20260312_002912/current_ariaer_p12_t48_k40000_rw80_ops100_bs2048_zipf_0.9.log
current	ariaer	48	0.9	80	100	4096	0	26	273.9	283579	273.9	/work/miyayu/aria_experiment/results/ycsb_aria_matrix/full_20260312_002912/current_ariaer_p12_t48_k40000_rw80_ops100_bs4096_zipf_0.9.log
current	ariaer	62	0.0	50	10	1024	134	0	NA	NA	NA	/work/miyayu/aria_experiment/results/ycsb_aria_matrix/full_20260312_002912/current_ariaer_p12_t62_k40000_rw50_ops10_bs1024_zipf_0.0.log
current	ariaer	62	0.0	50	10	2048	134	1	NA	NA	NA	/work/miyayu/aria_experiment/results/ycsb_aria_matrix/full_20260312_002912/current_ariaer_p12_t62_k40000_rw50_ops10_bs2048_zipf_0.0.log
current	ariaer	62	0.0	50	10	4096	134	0	NA	NA	NA	/work/miyayu/aria_experiment/results/ycsb_aria_matrix/full_20260312_002912/current_ariaer_p12_t62_k40000_rw50_ops10_bs4096_zipf_0.0.log
current	ariaer	62	0.0	50	100	1024	134	0	NA	NA	NA	/work/miyayu/aria_experiment/results/ycsb_aria_matrix/full_20260312_002912/current_ariaer_p12_t62_k40000_rw50_ops100_bs1024_zipf_0.0.log
current	ariaer	62	0.0	50	100	2048	134	0	NA	NA	NA	/work/miyayu/aria_experiment/results/ycsb_aria_matrix/full_20260312_002912/current_ariaer_p12_t62_k40000_rw50_ops100_bs2048_zipf_0.0.log
current	ariaer	62	0.0	50	100	4096	134	0	NA	NA	NA	/work/miyayu/aria_experiment/results/ycsb_aria_matrix/full_20260312_002912/current_ariaer_p12_t62_k40000_rw50_ops100_bs4096_zipf_0.0.log
current	ariaer	62	0.0	80	10	1024	134	0	NA	NA	NA	/work/miyayu/aria_experiment/results/ycsb_aria_matrix/full_20260312_002912/current_ariaer_p12_t62_k40000_rw80_ops10_bs1024_zipf_0.0.log
current	ariaer	62	0.0	80	10	2048	134	0	NA	NA	NA	/work/miyayu/aria_experiment/results/ycsb_aria_matrix/full_20260312_002912/current_ariaer_p12_t62_k40000_rw80_ops10_bs2048_zipf_0.0.log
current	ariaer	62	0.0	80	10	4096	134	0	NA	NA	NA	/work/miyayu/aria_experiment/results/ycsb_aria_matrix/full_20260312_002912/current_ariaer_p12_t62_k40000_rw80_ops10_bs4096_zipf_0.0.log
current	ariaer	62	0.0	80	100	1024	134	0	NA	NA	NA	/work/miyayu/aria_experiment/results/ycsb_aria_matrix/full_20260312_002912/current_ariaer_p12_t62_k40000_rw80_ops100_bs1024_zipf_0.0.log
current	ariaer	62	0.0	80	100	2048	134	0	NA	NA	NA	/work/miyayu/aria_experiment/results/ycsb_aria_matrix/full_20260312_002912/current_ariaer_p12_t62_k40000_rw80_ops100_bs2048_zipf_0.0.log
current	ariaer	62	0.0	80	100	4096	134	1	NA	NA	NA	/work/miyayu/aria_experiment/results/ycsb_aria_matrix/full_20260312_002912/current_ariaer_p12_t62_k40000_rw80_ops100_bs4096_zipf_0.0.log
current	ariaer	62	0.2	50	10	1024	134	0	NA	NA	NA	/work/miyayu/aria_experiment/results/ycsb_aria_matrix/full_20260312_002912/current_ariaer_p12_t62_k40000_rw50_ops10_bs1024_zipf_0.2.log
current	ariaer	62	0.2	50	10	2048	134	0	NA	NA	NA	/work/miyayu/aria_experiment/results/ycsb_aria_matrix/full_20260312_002912/current_ariaer_p12_t62_k40000_rw50_ops10_bs2048_zipf_0.2.log
current	ariaer	62	0.2	50	10	4096	134	1	NA	NA	NA	/work/miyayu/aria_experiment/results/ycsb_aria_matrix/full_20260312_002912/current_ariaer_p12_t62_k40000_rw50_ops10_bs4096_zipf_0.2.log
current	ariaer	62	0.2	50	100	1024	134	0	NA	NA	NA	/work/miyayu/aria_experiment/results/ycsb_aria_matrix/full_20260312_002912/current_ariaer_p12_t62_k40000_rw50_ops100_bs1024_zipf_0.2.log
current	ariaer	62	0.2	50	100	2048	134	0	NA	NA	NA	/work/miyayu/aria_experiment/results/ycsb_aria_matrix/full_20260312_002912/current_ariaer_p12_t62_k40000_rw50_ops100_bs2048_zipf_0.2.log
current	ariaer	62	0.2	50	100	4096	134	0	NA	NA	NA	/work/miyayu/aria_experiment/results/ycsb_aria_matrix/full_20260312_002912/current_ariaer_p12_t62_k40000_rw50_ops100_bs4096_zipf_0.2.log
current	ariaer	62	0.2	80	10	1024	134	0	NA	NA	NA	/work/miyayu/aria_experiment/results/ycsb_aria_matrix/full_20260312_002912/current_ariaer_p12_t62_k40000_rw80_ops10_bs1024_zipf_0.2.log
current	ariaer	62	0.2	80	10	2048	134	0	NA	NA	NA	/work/miyayu/aria_experiment/results/ycsb_aria_matrix/full_20260312_002912/current_ariaer_p12_t62_k40000_rw80_ops10_bs2048_zipf_0.2.log
current	ariaer	62	0.2	80	10	4096	134	0	NA	NA	NA	/work/miyayu/aria_experiment/results/ycsb_aria_matrix/full_20260312_002912/current_ariaer_p12_t62_k40000_rw80_ops10_bs4096_zipf_0.2.log
current	ariaer	62	0.2	80	100	1024	134	0	NA	NA	NA	/work/miyayu/aria_experiment/results/ycsb_aria_matrix/full_20260312_002912/current_ariaer_p12_t62_k40000_rw80_ops100_bs1024_zipf_0.2.log
current	ariaer	62	0.2	80	100	2048	134	0	NA	NA	NA	/work/miyayu/aria_experiment/results/ycsb_aria_matrix/full_20260312_002912/current_ariaer_p12_t62_k40000_rw80_ops100_bs2048_zipf_0.2.log
current	ariaer	62	0.2	80	100	4096	134	0	NA	NA	NA	/work/miyayu/aria_experiment/results/ycsb_aria_matrix/full_20260312_002912/current_ariaer_p12_t62_k40000_rw80_ops100_bs4096_zipf_0.2.log
current	ariaer	62	0.4	50	10	1024	134	0	NA	NA	NA	/work/miyayu/aria_experiment/results/ycsb_aria_matrix/full_20260312_002912/current_ariaer_p12_t62_k40000_rw50_ops10_bs1024_zipf_0.4.log
current	ariaer	62	0.4	50	10	2048	134	0	NA	NA	NA	/work/miyayu/aria_experiment/results/ycsb_aria_matrix/full_20260312_002912/current_ariaer_p12_t62_k40000_rw50_ops10_bs2048_zipf_0.4.log
current	ariaer	62	0.4	50	10	4096	134	0	NA	NA	NA	/work/miyayu/aria_experiment/results/ycsb_aria_matrix/full_20260312_002912/current_ariaer_p12_t62_k40000_rw50_ops10_bs4096_zipf_0.4.log
current	ariaer	62	0.4	50	100	1024	134	0	NA	NA	NA	/work/miyayu/aria_experiment/results/ycsb_aria_matrix/full_20260312_002912/current_ariaer_p12_t62_k40000_rw50_ops100_bs1024_zipf_0.4.log
current	ariaer	62	0.4	50	100	2048	134	0	NA	NA	NA	/work/miyayu/aria_experiment/results/ycsb_aria_matrix/full_20260312_002912/current_ariaer_p12_t62_k40000_rw50_ops100_bs2048_zipf_0.4.log
current	ariaer	62	0.4	50	100	4096	134	0	NA	NA	NA	/work/miyayu/aria_experiment/results/ycsb_aria_matrix/full_20260312_002912/current_ariaer_p12_t62_k40000_rw50_ops100_bs4096_zipf_0.4.log
current	ariaer	62	0.4	80	10	1024	134	0	NA	NA	NA	/work/miyayu/aria_experiment/results/ycsb_aria_matrix/full_20260312_002912/current_ariaer_p12_t62_k40000_rw80_ops10_bs1024_zipf_0.4.log
current	ariaer	62	0.4	80	10	2048	134	0	NA	NA	NA	/work/miyayu/aria_experiment/results/ycsb_aria_matrix/full_20260312_002912/current_ariaer_p12_t62_k40000_rw80_ops10_bs2048_zipf_0.4.log
current	ariaer	62	0.4	80	10	4096	134	0	NA	NA	NA	/work/miyayu/aria_experiment/results/ycsb_aria_matrix/full_20260312_002912/current_ariaer_p12_t62_k40000_rw80_ops10_bs4096_zipf_0.4.log
current	ariaer	62	0.4	80	100	1024	134	0	NA	NA	NA	/work/miyayu/aria_experiment/results/ycsb_aria_matrix/full_20260312_002912/current_ariaer_p12_t62_k40000_rw80_ops100_bs1024_zipf_0.4.log
current	ariaer	62	0.4	80	100	2048	134	0	NA	NA	NA	/work/miyayu/aria_experiment/results/ycsb_aria_matrix/full_20260312_002912/current_ariaer_p12_t62_k40000_rw80_ops100_bs2048_zipf_0.4.log
current	ariaer	62	0.4	80	100	4096	134	0	NA	NA	NA	/work/miyayu/aria_experiment/results/ycsb_aria_matrix/full_20260312_002912/current_ariaer_p12_t62_k40000_rw80_ops100_bs4096_zipf_0.4.log
current	ariaer	62	0.6	50	10	1024	134	0	NA	NA	NA	/work/miyayu/aria_experiment/results/ycsb_aria_matrix/full_20260312_002912/current_ariaer_p12_t62_k40000_rw50_ops10_bs1024_zipf_0.6.log
current	ariaer	62	0.6	50	10	2048	134	0	NA	NA	NA	/work/miyayu/aria_experiment/results/ycsb_aria_matrix/full_20260312_002912/current_ariaer_p12_t62_k40000_rw50_ops10_bs2048_zipf_0.6.log
current	ariaer	62	0.6	50	10	4096	134	0	NA	NA	NA	/work/miyayu/aria_experiment/results/ycsb_aria_matrix/full_20260312_002912/current_ariaer_p12_t62_k40000_rw50_ops10_bs4096_zipf_0.6.log
current	ariaer	62	0.6	50	100	1024	134	0	NA	NA	NA	/work/miyayu/aria_experiment/results/ycsb_aria_matrix/full_20260312_002912/current_ariaer_p12_t62_k40000_rw50_ops100_bs1024_zipf_0.6.log
current	ariaer	62	0.6	50	100	2048	134	0	NA	NA	NA	/work/miyayu/aria_experiment/results/ycsb_aria_matrix/full_20260312_002912/current_ariaer_p12_t62_k40000_rw50_ops100_bs2048_zipf_0.6.log
current	ariaer	62	0.6	50	100	4096	134	0	NA	NA	NA	/work/miyayu/aria_experiment/results/ycsb_aria_matrix/full_20260312_002912/current_ariaer_p12_t62_k40000_rw50_ops100_bs4096_zipf_0.6.log
current	ariaer	62	0.6	80	10	1024	134	0	NA	NA	NA	/work/miyayu/aria_experiment/results/ycsb_aria_matrix/full_20260312_002912/current_ariaer_p12_t62_k40000_rw80_ops10_bs1024_zipf_0.6.log
current	ariaer	62	0.6	80	10	2048	134	0	NA	NA	NA	/work/miyayu/aria_experiment/results/ycsb_aria_matrix/full_20260312_002912/current_ariaer_p12_t62_k40000_rw80_ops10_bs2048_zipf_0.6.log
current	ariaer	62	0.6	80	10	4096	134	0	NA	NA	NA	/work/miyayu/aria_experiment/results/ycsb_aria_matrix/full_20260312_002912/current_ariaer_p12_t62_k40000_rw80_ops10_bs4096_zipf_0.6.log
current	ariaer	62	0.6	80	100	1024	134	0	NA	NA	NA	/work/miyayu/aria_experiment/results/ycsb_aria_matrix/full_20260312_002912/current_ariaer_p12_t62_k40000_rw80_ops100_bs1024_zipf_0.6.log
current	ariaer	62	0.6	80	100	2048	134	0	NA	NA	NA	/work/miyayu/aria_experiment/results/ycsb_aria_matrix/full_20260312_002912/current_ariaer_p12_t62_k40000_rw80_ops100_bs2048_zipf_0.6.log
current	ariaer	62	0.6	80	100	4096	134	0	NA	NA	NA	/work/miyayu/aria_experiment/results/ycsb_aria_matrix/full_20260312_002912/current_ariaer_p12_t62_k40000_rw80_ops100_bs4096_zipf_0.6.log
current	ariaer	62	0.8	50	10	1024	134	0	NA	NA	NA	/work/miyayu/aria_experiment/results/ycsb_aria_matrix/full_20260312_002912/current_ariaer_p12_t62_k40000_rw50_ops10_bs1024_zipf_0.8.log
current	ariaer	62	0.8	50	10	2048	134	0	NA	NA	NA	/work/miyayu/aria_experiment/results/ycsb_aria_matrix/full_20260312_002912/current_ariaer_p12_t62_k40000_rw50_ops10_bs2048_zipf_0.8.log
current	ariaer	62	0.8	50	10	4096	134	0	NA	NA	NA	/work/miyayu/aria_experiment/results/ycsb_aria_matrix/full_20260312_002912/current_ariaer_p12_t62_k40000_rw50_ops10_bs4096_zipf_0.8.log
current	ariaer	62	0.8	50	100	1024	134	0	NA	NA	NA	/work/miyayu/aria_experiment/results/ycsb_aria_matrix/full_20260312_002912/current_ariaer_p12_t62_k40000_rw50_ops100_bs1024_zipf_0.8.log
current	ariaer	62	0.8	50	100	2048	134	0	NA	NA	NA	/work/miyayu/aria_experiment/results/ycsb_aria_matrix/full_20260312_002912/current_ariaer_p12_t62_k40000_rw50_ops100_bs2048_zipf_0.8.log
current	ariaer	62	0.8	50	100	4096	134	0	NA	NA	NA	/work/miyayu/aria_experiment/results/ycsb_aria_matrix/full_20260312_002912/current_ariaer_p12_t62_k40000_rw50_ops100_bs4096_zipf_0.8.log
current	ariaer	62	0.8	80	10	1024	134	0	NA	NA	NA	/work/miyayu/aria_experiment/results/ycsb_aria_matrix/full_20260312_002912/current_ariaer_p12_t62_k40000_rw80_ops10_bs1024_zipf_0.8.log
current	ariaer	62	0.8	80	10	2048	134	1	NA	NA	NA	/work/miyayu/aria_experiment/results/ycsb_aria_matrix/full_20260312_002912/current_ariaer_p12_t62_k40000_rw80_ops10_bs2048_zipf_0.8.log
current	ariaer	62	0.8	80	10	4096	134	0	NA	NA	NA	/work/miyayu/aria_experiment/results/ycsb_aria_matrix/full_20260312_002912/current_ariaer_p12_t62_k40000_rw80_ops10_bs4096_zipf_0.8.log
current	ariaer	62	0.8	80	100	1024	134	0	NA	NA	NA	/work/miyayu/aria_experiment/results/ycsb_aria_matrix/full_20260312_002912/current_ariaer_p12_t62_k40000_rw80_ops100_bs1024_zipf_0.8.log
current	ariaer	62	0.8	80	100	2048	134	1	NA	NA	NA	/work/miyayu/aria_experiment/results/ycsb_aria_matrix/full_20260312_002912/current_ariaer_p12_t62_k40000_rw80_ops100_bs2048_zipf_0.8.log
current	ariaer	62	0.8	80	100	4096	134	0	NA	NA	NA	/work/miyayu/aria_experiment/results/ycsb_aria_matrix/full_20260312_002912/current_ariaer_p12_t62_k40000_rw80_ops100_bs4096_zipf_0.8.log
current	ariaer	62	0.9	50	10	1024	134	0	NA	NA	NA	/work/miyayu/aria_experiment/results/ycsb_aria_matrix/full_20260312_002912/current_ariaer_p12_t62_k40000_rw50_ops10_bs1024_zipf_0.9.log
current	ariaer	62	0.9	50	10	2048	134	1	NA	NA	NA	/work/miyayu/aria_experiment/results/ycsb_aria_matrix/full_20260312_002912/current_ariaer_p12_t62_k40000_rw50_ops10_bs2048_zipf_0.9.log
current	ariaer	62	0.9	50	10	4096	134	0	NA	NA	NA	/work/miyayu/aria_experiment/results/ycsb_aria_matrix/full_20260312_002912/current_ariaer_p12_t62_k40000_rw50_ops10_bs4096_zipf_0.9.log
current	ariaer	62	0.9	50	100	1024	134	0	NA	NA	NA	/work/miyayu/aria_experiment/results/ycsb_aria_matrix/full_20260312_002912/current_ariaer_p12_t62_k40000_rw50_ops100_bs1024_zipf_0.9.log
current	ariaer	62	0.9	50	100	2048	134	1	NA	NA	NA	/work/miyayu/aria_experiment/results/ycsb_aria_matrix/full_20260312_002912/current_ariaer_p12_t62_k40000_rw50_ops100_bs2048_zipf_0.9.log
current	ariaer	62	0.9	50	100	4096	134	0	NA	NA	NA	/work/miyayu/aria_experiment/results/ycsb_aria_matrix/full_20260312_002912/current_ariaer_p12_t62_k40000_rw50_ops100_bs4096_zipf_0.9.log
current	ariaer	62	0.9	80	10	1024	134	0	NA	NA	NA	/work/miyayu/aria_experiment/results/ycsb_aria_matrix/full_20260312_002912/current_ariaer_p12_t62_k40000_rw80_ops10_bs1024_zipf_0.9.log
current	ariaer	62	0.9	80	10	2048	134	1	NA	NA	NA	/work/miyayu/aria_experiment/results/ycsb_aria_matrix/full_20260312_002912/current_ariaer_p12_t62_k40000_rw80_ops10_bs2048_zipf_0.9.log
current	ariaer	62	0.9	80	10	4096	134	0	NA	NA	NA	/work/miyayu/aria_experiment/results/ycsb_aria_matrix/full_20260312_002912/current_ariaer_p12_t62_k40000_rw80_ops10_bs4096_zipf_0.9.log
current	ariaer	62	0.9	80	100	1024	134	0	NA	NA	NA	/work/miyayu/aria_experiment/results/ycsb_aria_matrix/full_20260312_002912/current_ariaer_p12_t62_k40000_rw80_ops100_bs1024_zipf_0.9.log
current	ariaer	62	0.9	80	100	2048	134	1	NA	NA	NA	/work/miyayu/aria_experiment/results/ycsb_aria_matrix/full_20260312_002912/current_ariaer_p12_t62_k40000_rw80_ops100_bs2048_zipf_0.9.log
current	ariaer	62	0.9	80	100	4096	134	0	NA	NA	NA	/work/miyayu/aria_experiment/results/ycsb_aria_matrix/full_20260312_002912/current_ariaer_p12_t62_k40000_rw80_ops100_bs4096_zipf_0.9.log
retry-fixed	aria	1	0.0	50	10	1024	0	27	44825.4	1253.1	44825.4	/work/miyayu/aria_experiment/results/ycsb_aria_matrix/full_20260312_002912/retry-fixed_aria_p12_t1_k40000_rw50_ops10_bs1024_zipf_0.0.log
retry-fixed	aria	1	0.0	50	10	2048	0	28	42304.1	2547.1	42304.1	/work/miyayu/aria_experiment/results/ycsb_aria_matrix/full_20260312_002912/retry-fixed_aria_p12_t1_k40000_rw50_ops10_bs2048_zipf_0.0.log
retry-fixed	aria	1	0.0	50	10	4096	0	27	37819	5189	37819	/work/miyayu/aria_experiment/results/ycsb_aria_matrix/full_20260312_002912/retry-fixed_aria_p12_t1_k40000_rw50_ops10_bs4096_zipf_0.0.log
retry-fixed	aria	1	0.0	50	100	1024	0	27	505.1	6560.5	505.1	/work/miyayu/aria_experiment/results/ycsb_aria_matrix/full_20260312_002912/retry-fixed_aria_p12_t1_k40000_rw50_ops100_bs1024_zipf_0.0.log
retry-fixed	aria	1	0.0	50	100	2048	0	28	255.3	6503.1	255.3	/work/miyayu/aria_experiment/results/ycsb_aria_matrix/full_20260312_002912/retry-fixed_aria_p12_t1_k40000_rw50_ops100_bs2048_zipf_0.0.log
retry-fixed	aria	1	0.0	50	100	4096	0	27	126.6	6836.6	126.6	/work/miyayu/aria_experiment/results/ycsb_aria_matrix/full_20260312_002912/retry-fixed_aria_p12_t1_k40000_rw50_ops100_bs4096_zipf_0.0.log
retry-fixed	aria	1	0.0	80	10	1024	0	27	65440.6	300.2	65440.6	/work/miyayu/aria_experiment/results/ycsb_aria_matrix/full_20260312_002912/retry-fixed_aria_p12_t1_k40000_rw80_ops10_bs1024_zipf_0.0.log
retry-fixed	aria	1	0.0	80	10	2048	0	27	63873	639	63873	/work/miyayu/aria_experiment/results/ycsb_aria_matrix/full_20260312_002912/retry-fixed_aria_p12_t1_k40000_rw80_ops10_bs2048_zipf_0.0.log
retry-fixed	aria	1	0.0	80	10	4096	0	27	60903.1	1356.1	60903.1	/work/miyayu/aria_experiment/results/ycsb_aria_matrix/full_20260312_002912/retry-fixed_aria_p12_t1_k40000_rw80_ops10_bs4096_zipf_0.0.log
retry-fixed	aria	1	0.0	80	100	1024	0	27	2540.8	7392	2540.8	/work/miyayu/aria_experiment/results/ycsb_aria_matrix/full_20260312_002912/retry-fixed_aria_p12_t1_k40000_rw80_ops100_bs1024_zipf_0.0.log
retry-fixed	aria	1	0.0	80	100	2048	0	28	1315.8	8924.2	1315.8	/work/miyayu/aria_experiment/results/ycsb_aria_matrix/full_20260312_002912/retry-fixed_aria_p12_t1_k40000_rw80_ops100_bs2048_zipf_0.0.log
retry-fixed	aria	1	0.0	80	100	4096	0	27	688.3	9961.3	688.3	/work/miyayu/aria_experiment/results/ycsb_aria_matrix/full_20260312_002912/retry-fixed_aria_p12_t1_k40000_rw80_ops100_bs4096_zipf_0.0.log
retry-fixed	aria	1	0.2	50	10	1024	0	27	31800.3	967.7	31800.3	/work/miyayu/aria_experiment/results/ycsb_aria_matrix/full_20260312_002912/retry-fixed_aria_p12_t1_k40000_rw50_ops10_bs1024_zipf_0.2.log
retry-fixed	aria	1	0.2	50	10	2048	0	28	30759.6	1995.7	30759.6	/work/miyayu/aria_experiment/results/ycsb_aria_matrix/full_20260312_002912/retry-fixed_aria_p12_t1_k40000_rw50_ops10_bs2048_zipf_0.2.log
retry-fixed	aria	1	0.2	50	10	4096	0	27	27760.8	4188	27760.8	/work/miyayu/aria_experiment/results/ycsb_aria_matrix/full_20260312_002912/retry-fixed_aria_p12_t1_k40000_rw50_ops10_bs4096_zipf_0.2.log
retry-fixed	aria	1	0.2	50	100	1024	0	28	453.8	6509.4	453.8	/work/miyayu/aria_experiment/results/ycsb_aria_matrix/full_20260312_002912/retry-fixed_aria_p12_t1_k40000_rw50_ops100_bs1024_zipf_0.2.log
retry-fixed	aria	1	0.2	50	100	2048	0	27	236.2	6727	236.2	/work/miyayu/aria_experiment/results/ycsb_aria_matrix/full_20260312_002912/retry-fixed_aria_p12_t1_k40000_rw50_ops100_bs2048_zipf_0.2.log
retry-fixed	aria	1	0.2	50	100	4096	0	28	124.7	6838.5	124.7	/work/miyayu/aria_experiment/results/ycsb_aria_matrix/full_20260312_002912/retry-fixed_aria_p12_t1_k40000_rw50_ops100_bs4096_zipf_0.2.log
retry-fixed	aria	1	0.2	80	10	1024	0	27	41066	201.2	41066	/work/miyayu/aria_experiment/results/ycsb_aria_matrix/full_20260312_002912/retry-fixed_aria_p12_t1_k40000_rw80_ops10_bs1024_zipf_0.2.log
retry-fixed	aria	1	0.2	80	10	2048	0	27	40532.7	427.3	40532.7	/work/miyayu/aria_experiment/results/ycsb_aria_matrix/full_20260312_002912/retry-fixed_aria_p12_t1_k40000_rw80_ops10_bs2048_zipf_0.2.log
retry-fixed	aria	1	0.2	80	10	4096	0	27	39590.3	960.1	39590.3	/work/miyayu/aria_experiment/results/ycsb_aria_matrix/full_20260312_002912/retry-fixed_aria_p12_t1_k40000_rw80_ops10_bs4096_zipf_0.2.log
retry-fixed	aria	1	0.2	80	100	1024	0	28	2354.1	7476.3	2354.1	/work/miyayu/aria_experiment/results/ycsb_aria_matrix/full_20260312_002912/retry-fixed_aria_p12_t1_k40000_rw80_ops100_bs1024_zipf_0.2.log
retry-fixed	aria	1	0.2	80	100	2048	0	27	1241.6	8998.4	1241.6	/work/miyayu/aria_experiment/results/ycsb_aria_matrix/full_20260312_002912/retry-fixed_aria_p12_t1_k40000_rw80_ops100_bs2048_zipf_0.2.log
retry-fixed	aria	1	0.2	80	100	4096	0	28	640.1	10009.5	640.1	/work/miyayu/aria_experiment/results/ycsb_aria_matrix/full_20260312_002912/retry-fixed_aria_p12_t1_k40000_rw80_ops100_bs4096_zipf_0.2.log
retry-fixed	aria	1	0.4	50	10	1024	0	27	29426.4	6823.2	29426.4	/work/miyayu/aria_experiment/results/ycsb_aria_matrix/full_20260312_002912/retry-fixed_aria_p12_t1_k40000_rw50_ops10_bs1024_zipf_0.4.log
retry-fixed	aria	1	0.4	50	10	2048	0	27	20011.1	29140.9	20011.1	/work/miyayu/aria_experiment/results/ycsb_aria_matrix/full_20260312_002912/retry-fixed_aria_p12_t1_k40000_rw50_ops10_bs2048_zipf_0.4.log
retry-fixed	aria	1	0.4	50	10	4096	0	28	12017.6	45326.4	12017.6	/work/miyayu/aria_experiment/results/ycsb_aria_matrix/full_20260312_002912/retry-fixed_aria_p12_t1_k40000_rw50_ops10_bs4096_zipf_0.4.log
retry-fixed	aria	1	0.4	50	100	1024	0	27	333.9	7038.9	333.9	/work/miyayu/aria_experiment/results/ycsb_aria_matrix/full_20260312_002912/retry-fixed_aria_p12_t1_k40000_rw50_ops100_bs1024_zipf_0.4.log
retry-fixed	aria	1	0.4	50	100	2048	0	27	167.1	7000.9	167.1	/work/miyayu/aria_experiment/results/ycsb_aria_matrix/full_20260312_002912/retry-fixed_aria_p12_t1_k40000_rw50_ops100_bs2048_zipf_0.4.log
retry-fixed	aria	1	0.4	50	100	4096	0	28	78.6	6884.6	78.6	/work/miyayu/aria_experiment/results/ycsb_aria_matrix/full_20260312_002912/retry-fixed_aria_p12_t1_k40000_rw50_ops100_bs4096_zipf_0.4.log
retry-fixed	aria	1	0.4	80	10	1024	0	27	41218.1	356.3	41218.1	/work/miyayu/aria_experiment/results/ycsb_aria_matrix/full_20260312_002912/retry-fixed_aria_p12_t1_k40000_rw80_ops10_bs1024_zipf_0.4.log
retry-fixed	aria	1	0.4	80	10	2048	0	27	40333	831.7	40333	/work/miyayu/aria_experiment/results/ycsb_aria_matrix/full_20260312_002912/retry-fixed_aria_p12_t1_k40000_rw80_ops10_bs2048_zipf_0.4.log
retry-fixed	aria	1	0.4	80	10	4096	0	28	30819.9	15055.2	30819.9	/work/miyayu/aria_experiment/results/ycsb_aria_matrix/full_20260312_002912/retry-fixed_aria_p12_t1_k40000_rw80_ops10_bs4096_zipf_0.4.log
retry-fixed	aria	1	0.4	80	100	1024	0	27	1302.2	8016.2	1302.2	/work/miyayu/aria_experiment/results/ycsb_aria_matrix/full_20260312_002912/retry-fixed_aria_p12_t1_k40000_rw80_ops100_bs1024_zipf_0.4.log
retry-fixed	aria	1	0.4	80	100	2048	0	27	790	10064.4	790	/work/miyayu/aria_experiment/results/ycsb_aria_matrix/full_20260312_002912/retry-fixed_aria_p12_t1_k40000_rw80_ops100_bs2048_zipf_0.4.log
retry-fixed	aria	1	0.4	80	100	4096	0	28	396	10663.2	396	/work/miyayu/aria_experiment/results/ycsb_aria_matrix/full_20260312_002912/retry-fixed_aria_p12_t1_k40000_rw80_ops100_bs4096_zipf_0.4.log
retry-fixed	aria	1	0.6	50	10	1024	0	27	6631.8	66277	6631.8	/work/miyayu/aria_experiment/results/ycsb_aria_matrix/full_20260312_002912/retry-fixed_aria_p12_t1_k40000_rw50_ops10_bs1024_zipf_0.6.log
retry-fixed	aria	1	0.6	50	10	2048	0	27	3488.7	74335.3	3488.7	/work/miyayu/aria_experiment/results/ycsb_aria_matrix/full_20260312_002912/retry-fixed_aria_p12_t1_k40000_rw50_ops10_bs2048_zipf_0.6.log
retry-fixed	aria	1	0.6	50	10	4096	0	27	1677.3	76556.3	1677.3	/work/miyayu/aria_experiment/results/ycsb_aria_matrix/full_20260312_002912/retry-fixed_aria_p12_t1_k40000_rw50_ops10_bs4096_zipf_0.6.log
retry-fixed	aria	1	0.6	50	100	1024	0	27	54	7933.2	54	/work/miyayu/aria_experiment/results/ycsb_aria_matrix/full_20260312_002912/retry-fixed_aria_p12_t1_k40000_rw50_ops100_bs1024_zipf_0.6.log
retry-fixed	aria	1	0.6	50	100	2048	0	27	28.3	7344.5	28.3	/work/miyayu/aria_experiment/results/ycsb_aria_matrix/full_20260312_002912/retry-fixed_aria_p12_t1_k40000_rw50_ops100_bs2048_zipf_0.6.log
retry-fixed	aria	1	0.6	50	100	4096	0	28	16.1	7356.7	16.1	/work/miyayu/aria_experiment/results/ycsb_aria_matrix/full_20260312_002912/retry-fixed_aria_p12_t1_k40000_rw50_ops100_bs4096_zipf_0.6.log
retry-fixed	aria	1	0.6	80	10	1024	0	27	21089.5	66462.5	21089.5	/work/miyayu/aria_experiment/results/ycsb_aria_matrix/full_20260312_002912/retry-fixed_aria_p12_t1_k40000_rw80_ops10_bs1024_zipf_0.6.log
retry-fixed	aria	1	0.6	80	10	2048	0	27	12535.9	92731.3	12535.9	/work/miyayu/aria_experiment/results/ycsb_aria_matrix/full_20260312_002912/retry-fixed_aria_p12_t1_k40000_rw80_ops10_bs2048_zipf_0.6.log
retry-fixed	aria	1	0.6	80	10	4096	0	27	6373.6	100942	6373.6	/work/miyayu/aria_experiment/results/ycsb_aria_matrix/full_20260312_002912/retry-fixed_aria_p12_t1_k40000_rw80_ops10_bs4096_zipf_0.6.log
retry-fixed	aria	1	0.6	80	100	1024	0	27	252.2	13367	252.2	/work/miyayu/aria_experiment/results/ycsb_aria_matrix/full_20260312_002912/retry-fixed_aria_p12_t1_k40000_rw80_ops100_bs1024_zipf_0.6.log
retry-fixed	aria	1	0.6	80	100	2048	0	27	118.9	12373.9	118.9	/work/miyayu/aria_experiment/results/ycsb_aria_matrix/full_20260312_002912/retry-fixed_aria_p12_t1_k40000_rw80_ops100_bs2048_zipf_0.6.log
retry-fixed	aria	1	0.6	80	100	4096	0	27	58.9	11819.5	58.9	/work/miyayu/aria_experiment/results/ycsb_aria_matrix/full_20260312_002912/retry-fixed_aria_p12_t1_k40000_rw80_ops100_bs4096_zipf_0.6.log
retry-fixed	aria	1	0.8	50	10	1024	0	27	1118.2	84283.4	1118.2	/work/miyayu/aria_experiment/results/ycsb_aria_matrix/full_20260312_002912/retry-fixed_aria_p12_t1_k40000_rw50_ops10_bs1024_zipf_0.8.log
retry-fixed	aria	1	0.8	50	10	2048	0	27	596.5	86033.9	596.5	/work/miyayu/aria_experiment/results/ycsb_aria_matrix/full_20260312_002912/retry-fixed_aria_p12_t1_k40000_rw50_ops10_bs2048_zipf_0.8.log
retry-fixed	aria	1	0.8	50	10	4096	0	27	270.8	82878	270.8	/work/miyayu/aria_experiment/results/ycsb_aria_matrix/full_20260312_002912/retry-fixed_aria_p12_t1_k40000_rw50_ops10_bs4096_zipf_0.8.log
retry-fixed	aria	1	0.8	50	100	1024	0	27	9.3	7056.3	9.3	/work/miyayu/aria_experiment/results/ycsb_aria_matrix/full_20260312_002912/retry-fixed_aria_p12_t1_k40000_rw50_ops100_bs1024_zipf_0.8.log
retry-fixed	aria	1	0.8	50	100	2048	0	28	6.1	7571.5	6.1	/work/miyayu/aria_experiment/results/ycsb_aria_matrix/full_20260312_002912/retry-fixed_aria_p12_t1_k40000_rw50_ops100_bs2048_zipf_0.8.log
retry-fixed	aria	1	0.8	50	100	4096	0	27	2.7	7779.7	2.7	/work/miyayu/aria_experiment/results/ycsb_aria_matrix/full_20260312_002912/retry-fixed_aria_p12_t1_k40000_rw50_ops100_bs4096_zipf_0.8.log
retry-fixed	aria	1	0.8	80	10	1024	0	27	4359.4	126201	4359.4	/work/miyayu/aria_experiment/results/ycsb_aria_matrix/full_20260312_002912/retry-fixed_aria_p12_t1_k40000_rw80_ops10_bs1024_zipf_0.8.log
retry-fixed	aria	1	0.8	80	10	2048	0	28	2213.8	133569	2213.8	/work/miyayu/aria_experiment/results/ycsb_aria_matrix/full_20260312_002912/retry-fixed_aria_p12_t1_k40000_rw80_ops10_bs2048_zipf_0.8.log
retry-fixed	aria	1	0.8	80	10	4096	0	27	1012.8	135794	1012.8	/work/miyayu/aria_experiment/results/ycsb_aria_matrix/full_20260312_002912/retry-fixed_aria_p12_t1_k40000_rw80_ops10_bs4096_zipf_0.8.log
retry-fixed	aria	1	0.8	80	100	1024	0	27	35	14710.6	35	/work/miyayu/aria_experiment/results/ycsb_aria_matrix/full_20260312_002912/retry-fixed_aria_p12_t1_k40000_rw80_ops100_bs1024_zipf_0.8.log
retry-fixed	aria	1	0.8	80	100	2048	0	27	16.6	13500.2	16.6	/work/miyayu/aria_experiment/results/ycsb_aria_matrix/full_20260312_002912/retry-fixed_aria_p12_t1_k40000_rw80_ops100_bs2048_zipf_0.8.log
retry-fixed	aria	1	0.8	80	100	4096	0	28	6.9	13100.3	6.9	/work/miyayu/aria_experiment/results/ycsb_aria_matrix/full_20260312_002912/retry-fixed_aria_p12_t1_k40000_rw80_ops100_bs4096_zipf_0.8.log
retry-fixed	aria	1	0.9	50	10	1024	0	27	522.9	88360.3	522.9	/work/miyayu/aria_experiment/results/ycsb_aria_matrix/full_20260312_002912/retry-fixed_aria_p12_t1_k40000_rw50_ops10_bs1024_zipf_0.9.log
retry-fixed	aria	1	0.9	50	10	2048	0	27	263	89439.4	263	/work/miyayu/aria_experiment/results/ycsb_aria_matrix/full_20260312_002912/retry-fixed_aria_p12_t1_k40000_rw50_ops10_bs2048_zipf_0.9.log
retry-fixed	aria	1	0.9	50	10	4096	0	27	120.2	87534.2	120.2	/work/miyayu/aria_experiment/results/ycsb_aria_matrix/full_20260312_002912/retry-fixed_aria_p12_t1_k40000_rw50_ops10_bs4096_zipf_0.9.log
retry-fixed	aria	1	0.9	50	100	1024	0	28	8.6	8593	8.6	/work/miyayu/aria_experiment/results/ycsb_aria_matrix/full_20260312_002912/retry-fixed_aria_p12_t1_k40000_rw50_ops100_bs1024_zipf_0.9.log
retry-fixed	aria	1	0.9	50	100	2048	0	27	4.1	8187.9	4.1	/work/miyayu/aria_experiment/results/ycsb_aria_matrix/full_20260312_002912/retry-fixed_aria_p12_t1_k40000_rw50_ops100_bs2048_zipf_0.9.log
retry-fixed	aria	1	0.9	50	100	4096	0	27	1.9	7780.5	1.9	/work/miyayu/aria_experiment/results/ycsb_aria_matrix/full_20260312_002912/retry-fixed_aria_p12_t1_k40000_rw50_ops100_bs4096_zipf_0.9.log
retry-fixed	aria	1	0.9	80	10	1024	0	28	2108.7	138691	2108.7	/work/miyayu/aria_experiment/results/ycsb_aria_matrix/full_20260312_002912/retry-fixed_aria_p12_t1_k40000_rw80_ops10_bs1024_zipf_0.9.log
retry-fixed	aria	1	0.9	80	10	2048	0	27	1114.3	143065	1114.3	/work/miyayu/aria_experiment/results/ycsb_aria_matrix/full_20260312_002912/retry-fixed_aria_p12_t1_k40000_rw80_ops10_bs2048_zipf_0.9.log
retry-fixed	aria	1	0.9	80	10	4096	0	27	505	144084	505	/work/miyayu/aria_experiment/results/ycsb_aria_matrix/full_20260312_002912/retry-fixed_aria_p12_t1_k40000_rw80_ops10_bs4096_zipf_0.9.log
retry-fixed	aria	1	0.9	80	100	1024	0	27	23.1	15541.7	23.1	/work/miyayu/aria_experiment/results/ycsb_aria_matrix/full_20260312_002912/retry-fixed_aria_p12_t1_k40000_rw80_ops100_bs1024_zipf_0.9.log
retry-fixed	aria	1	0.9	80	100	2048	0	27	9.8	14326.2	9.8	/work/miyayu/aria_experiment/results/ycsb_aria_matrix/full_20260312_002912/retry-fixed_aria_p12_t1_k40000_rw80_ops100_bs2048_zipf_0.9.log
retry-fixed	aria	1	0.9	80	100	4096	0	28	4.7	13921.7	4.7	/work/miyayu/aria_experiment/results/ycsb_aria_matrix/full_20260312_002912/retry-fixed_aria_p12_t1_k40000_rw80_ops100_bs4096_zipf_0.9.log
retry-fixed	aria	2	0.0	50	10	1024	0	27	88991.9	2502.8	88991.9	/work/miyayu/aria_experiment/results/ycsb_aria_matrix/full_20260312_002912/retry-fixed_aria_p12_t2_k40000_rw50_ops10_bs1024_zipf_0.0.log
retry-fixed	aria	2	0.0	50	10	2048	0	27	83039.2	5024.8	83039.2	/work/miyayu/aria_experiment/results/ycsb_aria_matrix/full_20260312_002912/retry-fixed_aria_p12_t2_k40000_rw50_ops10_bs2048_zipf_0.0.log
retry-fixed	aria	2	0.0	50	10	4096	0	27	73924.1	10043.9	73924.1	/work/miyayu/aria_experiment/results/ycsb_aria_matrix/full_20260312_002912/retry-fixed_aria_p12_t2_k40000_rw50_ops10_bs4096_zipf_0.0.log
retry-fixed	aria	2	0.0	50	100	1024	0	27	1002.4	12309.6	1002.4	/work/miyayu/aria_experiment/results/ycsb_aria_matrix/full_20260312_002912/retry-fixed_aria_p12_t2_k40000_rw50_ops100_bs1024_zipf_0.0.log
retry-fixed	aria	2	0.0	50	100	2048	0	26	507.2	12804.8	507.2	/work/miyayu/aria_experiment/results/ycsb_aria_matrix/full_20260312_002912/retry-fixed_aria_p12_t2_k40000_rw50_ops100_bs2048_zipf_0.0.log
retry-fixed	aria	2	0.0	50	100	4096	0	27	253.2	13263.6	253.2	/work/miyayu/aria_experiment/results/ycsb_aria_matrix/full_20260312_002912/retry-fixed_aria_p12_t2_k40000_rw50_ops100_bs4096_zipf_0.0.log
retry-fixed	aria	2	0.0	80	10	1024	0	26	131087	599.4	131087	/work/miyayu/aria_experiment/results/ycsb_aria_matrix/full_20260312_002912/retry-fixed_aria_p12_t2_k40000_rw80_ops10_bs1024_zipf_0.0.log
retry-fixed	aria	2	0.0	80	10	2048	0	27	126764	1235.9	126764	/work/miyayu/aria_experiment/results/ycsb_aria_matrix/full_20260312_002912/retry-fixed_aria_p12_t2_k40000_rw80_ops10_bs2048_zipf_0.0.log
retry-fixed	aria	2	0.0	80	10	4096	0	27	120632	2657.4	120632	/work/miyayu/aria_experiment/results/ycsb_aria_matrix/full_20260312_002912/retry-fixed_aria_p12_t2_k40000_rw80_ops10_bs4096_zipf_0.0.log
retry-fixed	aria	2	0.0	80	100	1024	0	27	4887.1	14568.9	4887.1	/work/miyayu/aria_experiment/results/ycsb_aria_matrix/full_20260312_002912/retry-fixed_aria_p12_t2_k40000_rw80_ops100_bs1024_zipf_0.0.log
retry-fixed	aria	2	0.0	80	100	2048	0	27	2518	17347.6	2518	/work/miyayu/aria_experiment/results/ycsb_aria_matrix/full_20260312_002912/retry-fixed_aria_p12_t2_k40000_rw80_ops100_bs2048_zipf_0.0.log
retry-fixed	aria	2	0.0	80	100	4096	0	27	1304.2	19175.8	1304.2	/work/miyayu/aria_experiment/results/ycsb_aria_matrix/full_20260312_002912/retry-fixed_aria_p12_t2_k40000_rw80_ops100_bs4096_zipf_0.0.log
retry-fixed	aria	2	0.2	50	10	1024	0	27	63902.3	1969.1	63902.3	/work/miyayu/aria_experiment/results/ycsb_aria_matrix/full_20260312_002912/retry-fixed_aria_p12_t2_k40000_rw50_ops10_bs1024_zipf_0.2.log
retry-fixed	aria	2	0.2	50	10	2048	0	27	60559.8	3952.2	60559.8	/work/miyayu/aria_experiment/results/ycsb_aria_matrix/full_20260312_002912/retry-fixed_aria_p12_t2_k40000_rw50_ops10_bs2048_zipf_0.2.log
retry-fixed	aria	2	0.2	50	10	4096	0	27	55286.2	8201.8	55286.2	/work/miyayu/aria_experiment/results/ycsb_aria_matrix/full_20260312_002912/retry-fixed_aria_p12_t2_k40000_rw50_ops10_bs4096_zipf_0.2.log
retry-fixed	aria	2	0.2	50	100	1024	0	27	956.8	12483.3	956.8	/work/miyayu/aria_experiment/results/ycsb_aria_matrix/full_20260312_002912/retry-fixed_aria_p12_t2_k40000_rw50_ops100_bs1024_zipf_0.2.log
retry-fixed	aria	2	0.2	50	100	2048	0	27	483.8	13033	483.8	/work/miyayu/aria_experiment/results/ycsb_aria_matrix/full_20260312_002912/retry-fixed_aria_p12_t2_k40000_rw50_ops100_bs2048_zipf_0.2.log
retry-fixed	aria	2	0.2	50	100	4096	0	27	247.8	13269	247.8	/work/miyayu/aria_experiment/results/ycsb_aria_matrix/full_20260312_002912/retry-fixed_aria_p12_t2_k40000_rw50_ops100_bs4096_zipf_0.2.log
retry-fixed	aria	2	0.2	80	10	1024	0	27	82424	417.6	82424	/work/miyayu/aria_experiment/results/ycsb_aria_matrix/full_20260312_002912/retry-fixed_aria_p12_t2_k40000_rw80_ops10_bs1024_zipf_0.2.log
retry-fixed	aria	2	0.2	80	10	2048	0	26	80645.8	864.6	80645.8	/work/miyayu/aria_experiment/results/ycsb_aria_matrix/full_20260312_002912/retry-fixed_aria_p12_t2_k40000_rw80_ops10_bs2048_zipf_0.2.log
retry-fixed	aria	2	0.2	80	10	4096	0	27	78435	1846.6	78435	/work/miyayu/aria_experiment/results/ycsb_aria_matrix/full_20260312_002912/retry-fixed_aria_p12_t2_k40000_rw80_ops10_bs4096_zipf_0.2.log
retry-fixed	aria	2	0.2	80	100	1024	0	27	4601.3	14445.1	4601.3	/work/miyayu/aria_experiment/results/ycsb_aria_matrix/full_20260312_002912/retry-fixed_aria_p12_t2_k40000_rw80_ops100_bs1024_zipf_0.2.log
retry-fixed	aria	2	0.2	80	100	2048	0	27	2360.7	17300.1	2360.7	/work/miyayu/aria_experiment/results/ycsb_aria_matrix/full_20260312_002912/retry-fixed_aria_p12_t2_k40000_rw80_ops100_bs2048_zipf_0.2.log
retry-fixed	aria	2	0.2	80	100	4096	0	27	1212.8	19676.8	1212.8	/work/miyayu/aria_experiment/results/ycsb_aria_matrix/full_20260312_002912/retry-fixed_aria_p12_t2_k40000_rw80_ops100_bs4096_zipf_0.2.log
retry-fixed	aria	2	0.4	50	10	1024	0	27	60280.7	8941.6	60280.7	/work/miyayu/aria_experiment/results/ycsb_aria_matrix/full_20260312_002912/retry-fixed_aria_p12_t2_k40000_rw50_ops10_bs1024_zipf_0.4.log
retry-fixed	aria	2	0.4	50	10	2048	0	27	42723	49641.8	42723	/work/miyayu/aria_experiment/results/ycsb_aria_matrix/full_20260312_002912/retry-fixed_aria_p12_t2_k40000_rw50_ops10_bs2048_zipf_0.4.log
retry-fixed	aria	2	0.4	50	10	4096	0	27	24406.7	86185.3	24406.7	/work/miyayu/aria_experiment/results/ycsb_aria_matrix/full_20260312_002912/retry-fixed_aria_p12_t2_k40000_rw50_ops10_bs4096_zipf_0.4.log
retry-fixed	aria	2	0.4	50	100	1024	0	27	619.5	13614.1	619.5	/work/miyayu/aria_experiment/results/ycsb_aria_matrix/full_20260312_002912/retry-fixed_aria_p12_t2_k40000_rw50_ops100_bs1024_zipf_0.4.log
retry-fixed	aria	2	0.4	50	100	2048	0	27	299.7	13421.9	299.7	/work/miyayu/aria_experiment/results/ycsb_aria_matrix/full_20260312_002912/retry-fixed_aria_p12_t2_k40000_rw50_ops100_bs2048_zipf_0.4.log
retry-fixed	aria	2	0.4	50	100	4096	0	27	158.8	13358	158.8	/work/miyayu/aria_experiment/results/ycsb_aria_matrix/full_20260312_002912/retry-fixed_aria_p12_t2_k40000_rw50_ops100_bs4096_zipf_0.4.log
retry-fixed	aria	2	0.4	80	10	1024	0	27	82569.2	682	82569.2	/work/miyayu/aria_experiment/results/ycsb_aria_matrix/full_20260312_002912/retry-fixed_aria_p12_t2_k40000_rw80_ops10_bs1024_zipf_0.4.log
retry-fixed	aria	2	0.4	80	10	2048	0	27	80386	1738.8	80386	/work/miyayu/aria_experiment/results/ycsb_aria_matrix/full_20260312_002912/retry-fixed_aria_p12_t2_k40000_rw80_ops10_bs2048_zipf_0.4.log
retry-fixed	aria	2	0.4	80	10	4096	0	27	61493.9	51555.7	61493.9	/work/miyayu/aria_experiment/results/ycsb_aria_matrix/full_20260312_002912/retry-fixed_aria_p12_t2_k40000_rw80_ops10_bs4096_zipf_0.4.log
retry-fixed	aria	2	0.4	80	100	1024	0	27	2980.8	17908.8	2980.8	/work/miyayu/aria_experiment/results/ycsb_aria_matrix/full_20260312_002912/retry-fixed_aria_p12_t2_k40000_rw80_ops100_bs1024_zipf_0.4.log
retry-fixed	aria	2	0.4	80	100	2048	0	26	1544.4	19550	1544.4	/work/miyayu/aria_experiment/results/ycsb_aria_matrix/full_20260312_002912/retry-fixed_aria_p12_t2_k40000_rw80_ops100_bs2048_zipf_0.4.log
retry-fixed	aria	2	0.4	80	100	4096	0	27	821.6	20887.2	821.6	/work/miyayu/aria_experiment/results/ycsb_aria_matrix/full_20260312_002912/retry-fixed_aria_p12_t2_k40000_rw80_ops100_bs4096_zipf_0.4.log
retry-fixed	aria	2	0.6	50	10	1024	0	27	15784.8	123684	15784.8	/work/miyayu/aria_experiment/results/ycsb_aria_matrix/full_20260312_002912/retry-fixed_aria_p12_t2_k40000_rw50_ops10_bs1024_zipf_0.6.log
retry-fixed	aria	2	0.6	50	10	2048	0	27	9116.2	139569	9116.2	/work/miyayu/aria_experiment/results/ycsb_aria_matrix/full_20260312_002912/retry-fixed_aria_p12_t2_k40000_rw50_ops10_bs2048_zipf_0.6.log
retry-fixed	aria	2	0.6	50	10	4096	0	27	5373	144950	5373	/work/miyayu/aria_experiment/results/ycsb_aria_matrix/full_20260312_002912/retry-fixed_aria_p12_t2_k40000_rw50_ops10_bs4096_zipf_0.6.log
retry-fixed	aria	2	0.6	50	100	1024	0	27	213.7	14941.5	213.7	/work/miyayu/aria_experiment/results/ycsb_aria_matrix/full_20260312_002912/retry-fixed_aria_p12_t2_k40000_rw50_ops100_bs1024_zipf_0.6.log
retry-fixed	aria	2	0.6	50	100	2048	0	27	72	14468.8	72	/work/miyayu/aria_experiment/results/ycsb_aria_matrix/full_20260312_002912/retry-fixed_aria_p12_t2_k40000_rw50_ops100_bs2048_zipf_0.6.log
retry-fixed	aria	2	0.6	50	100	4096	0	27	30.3	14305.7	30.3	/work/miyayu/aria_experiment/results/ycsb_aria_matrix/full_20260312_002912/retry-fixed_aria_p12_t2_k40000_rw50_ops100_bs4096_zipf_0.6.log
retry-fixed	aria	2	0.6	80	10	1024	0	26	44634.2	118796	44634.2	/work/miyayu/aria_experiment/results/ycsb_aria_matrix/full_20260312_002912/retry-fixed_aria_p12_t2_k40000_rw80_ops10_bs1024_zipf_0.6.log
retry-fixed	aria	2	0.6	80	10	2048	0	27	28124	174833	28124	/work/miyayu/aria_experiment/results/ycsb_aria_matrix/full_20260312_002912/retry-fixed_aria_p12_t2_k40000_rw80_ops10_bs2048_zipf_0.6.log
retry-fixed	aria	2	0.6	80	10	4096	0	27	16246.3	199203	16246.3	/work/miyayu/aria_experiment/results/ycsb_aria_matrix/full_20260312_002912/retry-fixed_aria_p12_t2_k40000_rw80_ops10_bs4096_zipf_0.6.log
retry-fixed	aria	2	0.6	80	100	1024	0	27	750.6	24132.6	750.6	/work/miyayu/aria_experiment/results/ycsb_aria_matrix/full_20260312_002912/retry-fixed_aria_p12_t2_k40000_rw80_ops100_bs1024_zipf_0.6.log
retry-fixed	aria	2	0.6	80	100	2048	0	27	385.1	22757.3	385.1	/work/miyayu/aria_experiment/results/ycsb_aria_matrix/full_20260312_002912/retry-fixed_aria_p12_t2_k40000_rw80_ops100_bs2048_zipf_0.6.log
retry-fixed	aria	2	0.6	80	100	4096	0	27	179.7	23167.5	179.7	/work/miyayu/aria_experiment/results/ycsb_aria_matrix/full_20260312_002912/retry-fixed_aria_p12_t2_k40000_rw80_ops100_bs4096_zipf_0.6.log
retry-fixed	aria	2	0.8	50	10	1024	0	27	4659.3	157133	4659.3	/work/miyayu/aria_experiment/results/ycsb_aria_matrix/full_20260312_002912/retry-fixed_aria_p12_t2_k40000_rw50_ops10_bs1024_zipf_0.8.log
