== build aria (current) ==
-- The C compiler identification is GNU 11.4.0
-- The CXX compiler identification is GNU 11.4.0
-- Detecting C compiler ABI info
-- Detecting C compiler ABI info - done
-- Check for working C compiler: /usr/bin/cc - skipped
-- Detecting C compile features
-- Detecting C compile features - done
-- Detecting CXX compiler ABI info
-- Detecting CXX compiler ABI info - done
-- Check for working CXX compiler: /usr/bin/c++ - skipped
-- Detecting CXX compile features
-- Detecting CXX compile features - done
-- Configuring done
-- Generating done
-- Build files have been written to: /work/miyayu/aria_experiment/.experiment_builds/ycsb_aria_matrix/current/aria
[ 25%] Building CXX object CMakeFiles/common.dir/common/Time.cpp.o
[ 50%] Linking CXX static library libcommon.a
[ 50%] Built target common
[ 75%] Building CXX object CMakeFiles/bench_ycsb.dir/bench_ycsb.cpp.o
[100%] Linking CXX executable bench_ycsb
[100%] Built target bench_ycsb
== build ariaer (current) ==
-- The C compiler identification is GNU 11.4.0
-- The CXX compiler identification is GNU 11.4.0
-- Detecting C compiler ABI info
-- Detecting C compiler ABI info - done
-- Check for working C compiler: /usr/bin/cc - skipped
-- Detecting C compile features
-- Detecting C compile features - done
-- Detecting CXX compiler ABI info
-- Detecting CXX compiler ABI info - done
-- Check for working CXX compiler: /usr/bin/c++ - skipped
-- Detecting CXX compile features
-- Detecting CXX compile features - done
-- Configuring done
-- Generating done
-- Build files have been written to: /work/miyayu/aria_experiment/.experiment_builds/ycsb_aria_matrix/current/ariaer
[ 25%] Building CXX object CMakeFiles/common.dir/common/Time.cpp.o
[ 50%] Linking CXX static library libcommon.a
[ 50%] Built target common
[ 75%] Building CXX object CMakeFiles/bench_ycsb.dir/bench_ycsb.cpp.o
In file included from /work/miyayu/aria_experiment/.experiment_builds/ycsb_aria_matrix/current/ariaer/core/factory/WorkerFactory.h:28,
                 from /work/miyayu/aria_experiment/.experiment_builds/ycsb_aria_matrix/current/ariaer/core/Coordinator.h:14,
                 from /work/miyayu/aria_experiment/.experiment_builds/ycsb_aria_matrix/current/ariaer/bench_ycsb.cpp:2:
/work/miyayu/aria_experiment/.experiment_builds/ycsb_aria_matrix/current/ariaer/protocol/Aria/AriaExecutor.h:743:5: warning: inline variables are only available with ‘-std=c++17’ or ‘-std=gnu++17’
  743 |     inline static std::vector<uint8_t> abort_list;
      |     ^~~~~~
/work/miyayu/aria_experiment/.experiment_builds/ycsb_aria_matrix/current/ariaer/protocol/Aria/AriaExecutor.h:744:5: warning: inline variables are only available with ‘-std=c++17’ or ‘-std=gnu++17’
  744 |     inline static std::atomic<uint32_t> barrier_count{0};
      |     ^~~~~~
/work/miyayu/aria_experiment/.experiment_builds/ycsb_aria_matrix/current/ariaer/protocol/Aria/AriaExecutor.h:745:5: warning: inline variables are only available with ‘-std=c++17’ or ‘-std=gnu++17’
  745 |     inline static std::atomic<uint32_t> barrier_gen{0};
      |     ^~~~~~
[100%] Linking CXX executable bench_ycsb
[100%] Built target bench_ycsb
== build aria (retry-fixed) ==
-- The C compiler identification is GNU 11.4.0
-- The CXX compiler identification is GNU 11.4.0
-- Detecting C compiler ABI info
-- Detecting C compiler ABI info - done
-- Check for working C compiler: /usr/bin/cc - skipped
-- Detecting C compile features
-- Detecting C compile features - done
-- Detecting CXX compiler ABI info
-- Detecting CXX compiler ABI info - done
-- Check for working CXX compiler: /usr/bin/c++ - skipped
-- Detecting CXX compile features
-- Detecting CXX compile features - done
-- Configuring done
-- Generating done
-- Build files have been written to: /work/miyayu/aria_experiment/.experiment_builds/ycsb_aria_matrix/retry-fixed/aria
[ 25%] Building CXX object CMakeFiles/common.dir/common/Time.cpp.o
[ 50%] Linking CXX static library libcommon.a
[ 50%] Built target common
[ 75%] Building CXX object CMakeFiles/bench_ycsb.dir/bench_ycsb.cpp.o
[100%] Linking CXX executable bench_ycsb
[100%] Built target bench_ycsb
== build ariaer (retry-fixed) ==
-- The C compiler identification is GNU 11.4.0
-- The CXX compiler identification is GNU 11.4.0
-- Detecting C compiler ABI info
-- Detecting C compiler ABI info - done
-- Check for working C compiler: /usr/bin/cc - skipped
-- Detecting C compile features
-- Detecting C compile features - done
-- Detecting CXX compiler ABI info
-- Detecting CXX compiler ABI info - done
-- Check for working CXX compiler: /usr/bin/c++ - skipped
-- Detecting CXX compile features
-- Detecting CXX compile features - done
-- Configuring done
-- Generating done
-- Build files have been written to: /work/miyayu/aria_experiment/.experiment_builds/ycsb_aria_matrix/retry-fixed/ariaer
[ 25%] Building CXX object CMakeFiles/common.dir/common/Time.cpp.o
[ 50%] Linking CXX static library libcommon.a
[ 50%] Built target common
[ 75%] Building CXX object CMakeFiles/bench_ycsb.dir/bench_ycsb.cpp.o
In file included from /work/miyayu/aria_experiment/.experiment_builds/ycsb_aria_matrix/retry-fixed/ariaer/core/factory/WorkerFactory.h:28,
                 from /work/miyayu/aria_experiment/.experiment_builds/ycsb_aria_matrix/retry-fixed/ariaer/core/Coordinator.h:14,
                 from /work/miyayu/aria_experiment/.experiment_builds/ycsb_aria_matrix/retry-fixed/ariaer/bench_ycsb.cpp:2:
/work/miyayu/aria_experiment/.experiment_builds/ycsb_aria_matrix/retry-fixed/ariaer/protocol/Aria/AriaExecutor.h:743:5: warning: inline variables are only available with ‘-std=c++17’ or ‘-std=gnu++17’
  743 |     inline static std::vector<uint8_t> abort_list;
      |     ^~~~~~
/work/miyayu/aria_experiment/.experiment_builds/ycsb_aria_matrix/retry-fixed/ariaer/protocol/Aria/AriaExecutor.h:744:5: warning: inline variables are only available with ‘-std=c++17’ or ‘-std=gnu++17’
  744 |     inline static std::atomic<uint32_t> barrier_count{0};
      |     ^~~~~~
/work/miyayu/aria_experiment/.experiment_builds/ycsb_aria_matrix/retry-fixed/ariaer/protocol/Aria/AriaExecutor.h:745:5: warning: inline variables are only available with ‘-std=c++17’ or ‘-std=gnu++17’
  745 |     inline static std::atomic<uint32_t> barrier_gen{0};
      |     ^~~~~~
[100%] Linking CXX executable bench_ycsb
[100%] Built target bench_ycsb
run directory: /work/miyayu/aria_experiment/results/ycsb_aria_matrix/full_20260312_085636
total runs: 288
=== current_aria_p12_t12_k40000_rw50_ops10_bs1024_zipf_0.0 ===
I0312 08:56:36.285554 297565 Database.h:65] ycsb initialization finished in 99 milliseconds.
I0312 08:56:36.285770 297565 Coordinator.h:30] Coordinator initializes 12 workers.
I0312 08:56:36.322305 297565 Coordinator.h:77] Coordinator starts to run 13 workers.
I0312 08:56:36.322407 297587 AriaExecutor.h:82] AriaExecutor 0 started. 
I0312 08:56:36.322463 297588 AriaExecutor.h:82] AriaExecutor 1 started. 
I0312 08:56:36.322561 297589 AriaExecutor.h:82] AriaExecutor 2 started. 
I0312 08:56:36.322649 297590 AriaExecutor.h:82] AriaExecutor 3 started. 
I0312 08:56:36.322755 297591 AriaExecutor.h:82] AriaExecutor 4 started. 
I0312 08:56:36.322861 297592 AriaExecutor.h:82] AriaExecutor 5 started. 
I0312 08:56:36.322971 297593 AriaExecutor.h:82] AriaExecutor 6 started. 
I0312 08:56:36.323076 297594 AriaExecutor.h:82] AriaExecutor 7 started. 
I0312 08:56:36.323180 297595 AriaExecutor.h:82] AriaExecutor 8 started. 
I0312 08:56:36.323287 297596 AriaExecutor.h:82] AriaExecutor 9 started. 
I0312 08:56:36.323397 297597 AriaExecutor.h:82] AriaExecutor 10 started. 
I0312 08:56:36.323499 297598 AriaExecutor.h:82] AriaExecutor 11 started. 
I0312 08:56:36.323627 297599 Manager.h:224] Manager(worker id = 12) on the coordinator node started.
I0312 08:56:37.323653 297565 Coordinator.h:126] commit: 540937 abort: 15095 (0/15095/0), network size: 0, avg network size: 0, si_in_serializable: 0 0 %, local: 0 %
I0312 08:56:38.323825 297565 Coordinator.h:126] commit: 560889 abort: 15623 (0/15623/0), network size: 0, avg network size: 0, si_in_serializable: 0 0 %, local: 0 %
I0312 08:56:39.324018 297565 Coordinator.h:126] commit: 576139 abort: 15733 (0/15733/0), network size: 0, avg network size: 0, si_in_serializable: 0 0 %, local: 0 %
I0312 08:56:40.324175 297565 Coordinator.h:126] commit: 581962 abort: 16054 (0/16054/0), network size: 0, avg network size: 0, si_in_serializable: 0 0 %, local: 0 %
I0312 08:56:41.324306 297565 Coordinator.h:126] commit: 582989 abort: 16051 (0/16051/0), network size: 0, avg network size: 0, si_in_serializable: 0 0 %, local: 0 %
I0312 08:56:42.324434 297565 Coordinator.h:126] commit: 570884 abort: 15865 (0/15865/0), network size: 0, avg network size: 0, si_in_serializable: 0 0 %, local: 0 %
I0312 08:56:43.324559 297565 Coordinator.h:126] commit: 581040 abort: 15955 (0/15955/0), network size: 0, avg network size: 0, si_in_serializable: 0 0 %, local: 0 %
I0312 08:56:44.324743 297565 Coordinator.h:126] commit: 583858 abort: 16206 (0/16206/0), network size: 0, avg network size: 0, si_in_serializable: 0 0 %, local: 0 %
I0312 08:56:45.324884 297565 Coordinator.h:126] commit: 583113 abort: 15927 (0/15927/0), network size: 0, avg network size: 0, si_in_serializable: 0 0 %, local: 0 %
I0312 08:56:46.325007 297565 Coordinator.h:126] commit: 582999 abort: 16041 (0/16041/0), network size: 0, avg network size: 0, si_in_serializable: 0 0 %, local: 0 %
I0312 08:56:47.325141 297565 Coordinator.h:126] commit: 570574 abort: 16103 (0/16103/0), network size: 0, avg network size: 0, si_in_serializable: 0 0 %, local: 0 %
I0312 08:56:48.325289 297565 Coordinator.h:126] commit: 570770 abort: 16057 (0/16057/0), network size: 0, avg network size: 0, si_in_serializable: 0 0 %, local: 0 %
I0312 08:56:49.325423 297565 Coordinator.h:126] commit: 584882 abort: 16206 (0/16206/0), network size: 0, avg network size: 0, si_in_serializable: 0 0 %, local: 0 %
I0312 08:56:50.325548 297565 Coordinator.h:126] commit: 584991 abort: 16097 (0/16097/0), network size: 0, avg network size: 0, si_in_serializable: 0 0 %, local: 0 %
I0312 08:56:51.325666 297565 Coordinator.h:126] commit: 584988 abort: 16100 (0/16100/0), network size: 0, avg network size: 0, si_in_serializable: 0 0 %, local: 0 %
I0312 08:56:52.325793 297565 Coordinator.h:126] commit: 583687 abort: 16377 (0/16377/0), network size: 0, avg network size: 0, si_in_serializable: 0 0 %, local: 0 %
I0312 08:56:53.325914 297565 Coordinator.h:126] commit: 583929 abort: 16135 (0/16135/0), network size: 0, avg network size: 0, si_in_serializable: 0 0 %, local: 0 %
I0312 08:56:54.326035 297565 Coordinator.h:126] commit: 580866 abort: 16126 (0/16126/0), network size: 0, avg network size: 0, si_in_serializable: 0 0 %, local: 0 %
I0312 08:56:55.326155 297565 Coordinator.h:126] commit: 583903 abort: 16161 (0/16161/0), network size: 0, avg network size: 0, si_in_serializable: 0 0 %, local: 0 %
I0312 08:56:56.326277 297565 Coordinator.h:126] commit: 584149 abort: 15915 (0/15915/0), network size: 0, avg network size: 0, si_in_serializable: 0 0 %, local: 0 %
I0312 08:56:57.326462 297565 Coordinator.h:126] commit: 583048 abort: 15992 (0/15992/0), network size: 0, avg network size: 0, si_in_serializable: 0 0 %, local: 0 %
I0312 08:56:58.326629 297565 Coordinator.h:126] commit: 521022 abort: 14530 (0/14530/0), network size: 0, avg network size: 0, si_in_serializable: 0 0 %, local: 0 %
I0312 08:56:59.326759 297565 Coordinator.h:126] commit: 582778 abort: 16262 (0/16262/0), network size: 0, avg network size: 0, si_in_serializable: 0 0 %, local: 0 %
I0312 08:57:00.326885 297565 Coordinator.h:126] commit: 581878 abort: 16138 (0/16138/0), network size: 0, avg network size: 0, si_in_serializable: 0 0 %, local: 0 %
I0312 08:57:01.327054 297565 Coordinator.h:126] commit: 582993 abort: 16047 (0/16047/0), network size: 0, avg network size: 0, si_in_serializable: 0 0 %, local: 0 %
I0312 08:57:01.327124 297565 Coordinator.h:152] average commit: 581274 abort: 16127.7 (0/16127.7/0), network size: 0, avg network size: 0, si_in_serializable: 0 0 %, local: 0 %
I0312 08:57:01.328907 297587 AriaExecutor.h:94] AriaExecutor 0 exits. 
I0312 08:57:01.328926 297589 AriaExecutor.h:94] AriaExecutor 2 exits. 
I0312 08:57:01.328907 297593 AriaExecutor.h:94] AriaExecutor 6 exits. 
I0312 08:57:01.328923 297595 AriaExecutor.h:94] AriaExecutor 8 exits. 
I0312 08:57:01.328929 297599 Manager.h:227] Manager(worker id = 12) on the coordinator node exits.
I0312 08:57:01.328922 297591 AriaExecutor.h:94] AriaExecutor 4 exits. 
I0312 08:57:01.328907 297594 AriaExecutor.h:94] AriaExecutor 7 exits. 
I0312 08:57:01.328919 297597 AriaExecutor.h:94] AriaExecutor 10 exits. 
I0312 08:57:01.328907 297596 AriaExecutor.h:94] AriaExecutor 9 exits. 
I0312 08:57:01.328924 297588 AriaExecutor.h:94] AriaExecutor 1 exits. 
I0312 08:57:01.328907 297598 AriaExecutor.h:94] AriaExecutor 11 exits. 
I0312 08:57:01.328907 297590 AriaExecutor.h:94] AriaExecutor 3 exits. 
I0312 08:57:01.328907 297592 AriaExecutor.h:94] AriaExecutor 5 exits. 
I0312 08:57:01.327175 297565 AriaExecutor.h:535] Worker 0 latency: 1263 us (50%) 1462 us (75%) 1621 us (95%) 1679 us (99%).
I0312 08:57:01.385325 297565 AriaExecutor.h:535] Worker 1 latency: 1266 us (50%) 1464 us (75%) 1621 us (95%) 1679 us (99%).
I0312 08:57:01.436594 297565 AriaExecutor.h:535] Worker 2 latency: 1266 us (50%) 1464 us (75%) 1621 us (95%) 1679 us (99%).
I0312 08:57:01.486452 297565 AriaExecutor.h:535] Worker 3 latency: 1265 us (50%) 1463 us (75%) 1621 us (95%) 1679 us (99%).
I0312 08:57:01.537631 297565 AriaExecutor.h:535] Worker 4 latency: 1268 us (50%) 1464 us (75%) 1621 us (95%) 1679 us (99%).
I0312 08:57:01.586915 297565 AriaExecutor.h:535] Worker 5 latency: 1266 us (50%) 1463 us (75%) 1620 us (95%) 1678 us (99%).
I0312 08:57:01.636961 297565 AriaExecutor.h:535] Worker 6 latency: 1268 us (50%) 1465 us (75%) 1621 us (95%) 1679 us (99%).
I0312 08:57:01.686239 297565 AriaExecutor.h:535] Worker 7 latency: 1267 us (50%) 1464 us (75%) 1621 us (95%) 1679 us (99%).
I0312 08:57:01.737659 297565 AriaExecutor.h:535] Worker 8 latency: 1270 us (50%) 1465 us (75%) 1621 us (95%) 1679 us (99%).
I0312 08:57:01.788594 297565 AriaExecutor.h:535] Worker 9 latency: 1268 us (50%) 1464 us (75%) 1621 us (95%) 1679 us (99%).
I0312 08:57:01.838052 297565 AriaExecutor.h:535] Worker 10 latency: 1271 us (50%) 1466 us (75%) 1621 us (95%) 1679 us (99%).
I0312 08:57:01.887627 297565 AriaExecutor.h:535] Worker 11 latency: 1268 us (50%) 1464 us (75%) 1621 us (95%) 1679 us (99%).
I0312 08:57:01.937745 297565 Coordinator.h:177] total commit: 581274
I0312 08:57:02.937974 297565 Coordinator.h:192] Coordinator exits.
=== current_aria_p12_t12_k40000_rw50_ops10_bs2048_zipf_0.0 ===
I0312 08:57:03.202385 298696 Database.h:65] ycsb initialization finished in 98 milliseconds.
I0312 08:57:03.202535 298696 Coordinator.h:30] Coordinator initializes 12 workers.
I0312 08:57:03.258088 298696 Coordinator.h:77] Coordinator starts to run 13 workers.
I0312 08:57:03.258186 298718 AriaExecutor.h:82] AriaExecutor 0 started. 
I0312 08:57:03.258237 298719 AriaExecutor.h:82] AriaExecutor 1 started. 
I0312 08:57:03.258351 298720 AriaExecutor.h:82] AriaExecutor 2 started. 
I0312 08:57:03.258390 298721 AriaExecutor.h:82] AriaExecutor 3 started. 
I0312 08:57:03.258490 298722 AriaExecutor.h:82] AriaExecutor 4 started. 
I0312 08:57:03.258592 298723 AriaExecutor.h:82] AriaExecutor 5 started. 
I0312 08:57:03.258694 298724 AriaExecutor.h:82] AriaExecutor 6 started. 
I0312 08:57:03.258796 298725 AriaExecutor.h:82] AriaExecutor 7 started. 
I0312 08:57:03.258903 298726 AriaExecutor.h:82] AriaExecutor 8 started. 
I0312 08:57:03.259009 298727 AriaExecutor.h:82] AriaExecutor 9 started. 
I0312 08:57:03.259068 298728 AriaExecutor.h:82] AriaExecutor 10 started. 
I0312 08:57:03.259162 298729 AriaExecutor.h:82] AriaExecutor 11 started. 
I0312 08:57:03.259261 298730 Manager.h:224] Manager(worker id = 12) on the coordinator node started.
I0312 08:57:04.259327 298696 Coordinator.h:126] commit: 495732 abort: 28556 (0/28556/0), network size: 0, avg network size: 0, si_in_serializable: 0 0 %, local: 0 %
I0312 08:57:05.259505 298696 Coordinator.h:126] commit: 528848 abort: 30256 (0/30256/0), network size: 0, avg network size: 0, si_in_serializable: 0 0 %, local: 0 %
I0312 08:57:06.259689 298696 Coordinator.h:126] commit: 548375 abort: 31209 (0/31209/0), network size: 0, avg network size: 0, si_in_serializable: 0 0 %, local: 0 %
I0312 08:57:07.259845 298696 Coordinator.h:126] commit: 551770 abort: 31910 (0/31910/0), network size: 0, avg network size: 0, si_in_serializable: 0 0 %, local: 0 %
I0312 08:57:08.259990 298696 Coordinator.h:126] commit: 554144 abort: 31584 (0/31584/0), network size: 0, avg network size: 0, si_in_serializable: 0 0 %, local: 0 %
I0312 08:57:09.260136 298696 Coordinator.h:126] commit: 540360 abort: 31032 (0/31032/0), network size: 0, avg network size: 0, si_in_serializable: 0 0 %, local: 0 %
I0312 08:57:10.260279 298696 Coordinator.h:126] commit: 550049 abort: 31583 (0/31583/0), network size: 0, avg network size: 0, si_in_serializable: 0 0 %, local: 0 %
I0312 08:57:11.260481 298696 Coordinator.h:126] commit: 550078 abort: 31554 (0/31554/0), network size: 0, avg network size: 0, si_in_serializable: 0 0 %, local: 0 %
I0312 08:57:12.260634 298696 Coordinator.h:126] commit: 554118 abort: 31610 (0/31610/0), network size: 0, avg network size: 0, si_in_serializable: 0 0 %, local: 0 %
I0312 08:57:13.260784 298696 Coordinator.h:126] commit: 552289 abort: 31391 (0/31391/0), network size: 0, avg network size: 0, si_in_serializable: 0 0 %, local: 0 %
I0312 08:57:14.260917 298696 Coordinator.h:126] commit: 554086 abort: 31642 (0/31642/0), network size: 0, avg network size: 0, si_in_serializable: 0 0 %, local: 0 %
I0312 08:57:15.261065 298696 Coordinator.h:126] commit: 538426 abort: 30918 (0/30918/0), network size: 0, avg network size: 0, si_in_serializable: 0 0 %, local: 0 %
I0312 08:57:16.261210 298696 Coordinator.h:126] commit: 552039 abort: 31641 (0/31641/0), network size: 0, avg network size: 0, si_in_serializable: 0 0 %, local: 0 %
I0312 08:57:17.261344 298696 Coordinator.h:126] commit: 554120 abort: 31608 (0/31608/0), network size: 0, avg network size: 0, si_in_serializable: 0 0 %, local: 0 %
I0312 08:57:18.261479 298696 Coordinator.h:126] commit: 554090 abort: 31638 (0/31638/0), network size: 0, avg network size: 0, si_in_serializable: 0 0 %, local: 0 %
I0312 08:57:19.261608 298696 Coordinator.h:126] commit: 552307 abort: 31373 (0/31373/0), network size: 0, avg network size: 0, si_in_serializable: 0 0 %, local: 0 %
I0312 08:57:20.261734 298696 Coordinator.h:126] commit: 554185 abort: 31543 (0/31543/0), network size: 0, avg network size: 0, si_in_serializable: 0 0 %, local: 0 %
I0312 08:57:21.261861 298696 Coordinator.h:126] commit: 550342 abort: 31290 (0/31290/0), network size: 0, avg network size: 0, si_in_serializable: 0 0 %, local: 0 %
I0312 08:57:22.261986 298696 Coordinator.h:126] commit: 554033 abort: 31695 (0/31695/0), network size: 0, avg network size: 0, si_in_serializable: 0 0 %, local: 0 %
I0312 08:57:23.262120 298696 Coordinator.h:126] commit: 553810 abort: 31918 (0/31918/0), network size: 0, avg network size: 0, si_in_serializable: 0 0 %, local: 0 %
I0312 08:57:24.262259 298696 Coordinator.h:126] commit: 553833 abort: 31895 (0/31895/0), network size: 0, avg network size: 0, si_in_serializable: 0 0 %, local: 0 %
I0312 08:57:25.262390 298696 Coordinator.h:126] commit: 551711 abort: 31969 (0/31969/0), network size: 0, avg network size: 0, si_in_serializable: 0 0 %, local: 0 %
I0312 08:57:26.262583 298696 Coordinator.h:126] commit: 521121 abort: 29791 (0/29791/0), network size: 0, avg network size: 0, si_in_serializable: 0 0 %, local: 0 %
I0312 08:57:27.262758 298696 Coordinator.h:126] commit: 534647 abort: 30601 (0/30601/0), network size: 0, avg network size: 0, si_in_serializable: 0 0 %, local: 0 %
I0312 08:57:28.262899 298696 Coordinator.h:126] commit: 553906 abort: 31822 (0/31822/0), network size: 0, avg network size: 0, si_in_serializable: 0 0 %, local: 0 %
I0312 08:57:28.262952 298696 Coordinator.h:152] average commit: 551744 abort: 31526.6 (0/31526.6/0), network size: 0, avg network size: 0, si_in_serializable: 0 0 %, local: 0 %
I0312 08:57:28.263399 298718 AriaExecutor.h:94] AriaExecutor 0 exits. 
I0312 08:57:28.263419 298719 AriaExecutor.h:94] AriaExecutor 1 exits. 
I0312 08:57:28.263399 298722 AriaExecutor.h:94] AriaExecutor 4 exits. 
I0312 08:57:28.263399 298724 AriaExecutor.h:94] AriaExecutor 6 exits. 
I0312 08:57:28.263399 298721 AriaExecutor.h:94] AriaExecutor 3 exits. 
I0312 08:57:28.263418 298729 AriaExecutor.h:94] AriaExecutor 11 exits. 
I0312 08:57:28.263419 298723 AriaExecutor.h:94] AriaExecutor 5 exits. 
I0312 08:57:28.263422 298726 AriaExecutor.h:94] AriaExecutor 8 exits. 
I0312 08:57:28.263427 298727 AriaExecutor.h:94] AriaExecutor 9 exits. 
I0312 08:57:28.263399 298725 AriaExecutor.h:94] AriaExecutor 7 exits. 
I0312 08:57:28.263424 298730 Manager.h:227] Manager(worker id = 12) on the coordinator node exits.
I0312 08:57:28.263417 298728 AriaExecutor.h:94] AriaExecutor 10 exits. 
I0312 08:57:28.263399 298720 AriaExecutor.h:94] AriaExecutor 2 exits. 
I0312 08:57:28.262997 298696 AriaExecutor.h:535] Worker 0 latency: 2597 us (50%) 2993 us (75%) 3301 us (95%) 3428 us (99%).
I0312 08:57:28.325369 298696 AriaExecutor.h:535] Worker 1 latency: 2604 us (50%) 2996 us (75%) 3301 us (95%) 3427 us (99%).
I0312 08:57:28.375082 298696 AriaExecutor.h:535] Worker 2 latency: 2602 us (50%) 2995 us (75%) 3301 us (95%) 3427 us (99%).
I0312 08:57:28.424162 298696 AriaExecutor.h:535] Worker 3 latency: 2603 us (50%) 2996 us (75%) 3301 us (95%) 3427 us (99%).
I0312 08:57:28.473273 298696 AriaExecutor.h:535] Worker 4 latency: 2600 us (50%) 2994 us (75%) 3300 us (95%) 3427 us (99%).
I0312 08:57:28.523793 298696 AriaExecutor.h:535] Worker 5 latency: 2598 us (50%) 2993 us (75%) 3300 us (95%) 3426 us (99%).
I0312 08:57:28.573041 298696 AriaExecutor.h:535] Worker 6 latency: 2599 us (50%) 2994 us (75%) 3300 us (95%) 3428 us (99%).
I0312 08:57:28.621747 298696 AriaExecutor.h:535] Worker 7 latency: 2604 us (50%) 2996 us (75%) 3301 us (95%) 3428 us (99%).
I0312 08:57:28.670332 298696 AriaExecutor.h:535] Worker 8 latency: 2606 us (50%) 2997 us (75%) 3301 us (95%) 3428 us (99%).
I0312 08:57:28.719151 298696 AriaExecutor.h:535] Worker 9 latency: 2604 us (50%) 2996 us (75%) 3301 us (95%) 3426 us (99%).
I0312 08:57:28.767867 298696 AriaExecutor.h:535] Worker 10 latency: 2609 us (50%) 2998 us (75%) 3301 us (95%) 3428 us (99%).
I0312 08:57:28.816206 298696 AriaExecutor.h:535] Worker 11 latency: 2604 us (50%) 2996 us (75%) 3301 us (95%) 3428 us (99%).
I0312 08:57:28.864413 298696 Coordinator.h:177] total commit: 551744
I0312 08:57:29.864614 298696 Coordinator.h:192] Coordinator exits.
=== current_aria_p12_t12_k40000_rw50_ops10_bs4096_zipf_0.0 ===
I0312 08:57:30.150108 299841 Database.h:65] ycsb initialization finished in 100 milliseconds.
I0312 08:57:30.150324 299841 Coordinator.h:30] Coordinator initializes 12 workers.
I0312 08:57:30.259105 299841 Coordinator.h:77] Coordinator starts to run 13 workers.
I0312 08:57:30.259218 299865 AriaExecutor.h:82] AriaExecutor 0 started. 
I0312 08:57:30.259260 299866 AriaExecutor.h:82] AriaExecutor 1 started. 
I0312 08:57:30.259382 299867 AriaExecutor.h:82] AriaExecutor 2 started. 
I0312 08:57:30.259413 299868 AriaExecutor.h:82] AriaExecutor 3 started. 
I0312 08:57:30.259536 299869 AriaExecutor.h:82] AriaExecutor 4 started. 
I0312 08:57:30.259639 299870 AriaExecutor.h:82] AriaExecutor 5 started. 
I0312 08:57:30.259696 299871 AriaExecutor.h:82] AriaExecutor 6 started. 
I0312 08:57:30.259796 299872 AriaExecutor.h:82] AriaExecutor 7 started. 
I0312 08:57:30.259899 299873 AriaExecutor.h:82] AriaExecutor 8 started. 
I0312 08:57:30.259999 299874 AriaExecutor.h:82] AriaExecutor 9 started. 
I0312 08:57:30.260098 299875 AriaExecutor.h:82] AriaExecutor 10 started. 
I0312 08:57:30.260197 299876 AriaExecutor.h:82] AriaExecutor 11 started. 
I0312 08:57:30.260316 299877 Manager.h:224] Manager(worker id = 12) on the coordinator node started.
I0312 08:57:31.260353 299841 Coordinator.h:126] commit: 445314 abort: 54398 (0/54398/0), network size: 0, avg network size: 0, si_in_serializable: 0 0 %, local: 0 %
I0312 08:57:32.260530 299841 Coordinator.h:126] commit: 463705 abort: 56487 (0/56487/0), network size: 0, avg network size: 0, si_in_serializable: 0 0 %, local: 0 %
I0312 08:57:33.260727 299841 Coordinator.h:126] commit: 487428 abort: 59414 (0/59414/0), network size: 0, avg network size: 0, si_in_serializable: 0 0 %, local: 0 %
I0312 08:57:34.260892 299841 Coordinator.h:126] commit: 490985 abort: 59901 (0/59901/0), network size: 0, avg network size: 0, si_in_serializable: 0 0 %, local: 0 %
I0312 08:57:35.261029 299841 Coordinator.h:126] commit: 488743 abort: 60121 (0/60121/0), network size: 0, avg network size: 0, si_in_serializable: 0 0 %, local: 0 %
I0312 08:57:36.261161 299841 Coordinator.h:126] commit: 489407 abort: 59457 (0/59457/0), network size: 0, avg network size: 0, si_in_serializable: 0 0 %, local: 0 %
I0312 08:57:37.261304 299841 Coordinator.h:126] commit: 481736 abort: 58936 (0/58936/0), network size: 0, avg network size: 0, si_in_serializable: 0 0 %, local: 0 %
I0312 08:57:38.261513 299841 Coordinator.h:126] commit: 493044 abort: 59916 (0/59916/0), network size: 0, avg network size: 0, si_in_serializable: 0 0 %, local: 0 %
I0312 08:57:39.261657 299841 Coordinator.h:126] commit: 489055 abort: 59809 (0/59809/0), network size: 0, avg network size: 0, si_in_serializable: 0 0 %, local: 0 %
I0312 08:57:40.261775 299841 Coordinator.h:126] commit: 489270 abort: 59594 (0/59594/0), network size: 0, avg network size: 0, si_in_serializable: 0 0 %, local: 0 %
I0312 08:57:41.261893 299841 Coordinator.h:126] commit: 492570 abort: 60390 (0/60390/0), network size: 0, avg network size: 0, si_in_serializable: 0 0 %, local: 0 %
I0312 08:57:42.262020 299841 Coordinator.h:126] commit: 488983 abort: 59881 (0/59881/0), network size: 0, avg network size: 0, si_in_serializable: 0 0 %, local: 0 %
I0312 08:57:43.262146 299841 Coordinator.h:126] commit: 484938 abort: 59540 (0/59540/0), network size: 0, avg network size: 0, si_in_serializable: 0 0 %, local: 0 %
I0312 08:57:44.262280 299841 Coordinator.h:126] commit: 474960 abort: 57810 (0/57810/0), network size: 0, avg network size: 0, si_in_serializable: 0 0 %, local: 0 %
I0312 08:57:45.262418 299841 Coordinator.h:126] commit: 492856 abort: 60104 (0/60104/0), network size: 0, avg network size: 0, si_in_serializable: 0 0 %, local: 0 %
I0312 08:57:46.262604 299841 Coordinator.h:126] commit: 485360 abort: 59408 (0/59408/0), network size: 0, avg network size: 0, si_in_serializable: 0 0 %, local: 0 %
I0312 08:57:47.262763 299841 Coordinator.h:126] commit: 492843 abort: 60117 (0/60117/0), network size: 0, avg network size: 0, si_in_serializable: 0 0 %, local: 0 %
I0312 08:57:48.262887 299841 Coordinator.h:126] commit: 489134 abort: 59730 (0/59730/0), network size: 0, avg network size: 0, si_in_serializable: 0 0 %, local: 0 %
I0312 08:57:49.263015 299841 Coordinator.h:126] commit: 493010 abort: 59950 (0/59950/0), network size: 0, avg network size: 0, si_in_serializable: 0 0 %, local: 0 %
I0312 08:57:50.263136 299841 Coordinator.h:126] commit: 489409 abort: 59455 (0/59455/0), network size: 0, avg network size: 0, si_in_serializable: 0 0 %, local: 0 %
I0312 08:57:51.263267 299841 Coordinator.h:126] commit: 489518 abort: 59900 (0/59900/0), network size: 0, avg network size: 0, si_in_serializable: 0 0 %, local: 0 %
I0312 08:57:52.263391 299841 Coordinator.h:126] commit: 492122 abort: 60284 (0/60284/0), network size: 0, avg network size: 0, si_in_serializable: 0 0 %, local: 0 %
I0312 08:57:53.263535 299841 Coordinator.h:126] commit: 489314 abort: 59550 (0/59550/0), network size: 0, avg network size: 0, si_in_serializable: 0 0 %, local: 0 %
I0312 08:57:54.263674 299841 Coordinator.h:126] commit: 493023 abort: 59937 (0/59937/0), network size: 0, avg network size: 0, si_in_serializable: 0 0 %, local: 0 %
I0312 08:57:55.263820 299841 Coordinator.h:126] commit: 489122 abort: 59742 (0/59742/0), network size: 0, avg network size: 0, si_in_serializable: 0 0 %, local: 0 %
I0312 08:57:55.263871 299841 Coordinator.h:152] average commit: 488406 abort: 59638.5 (0/59638.5/0), network size: 0, avg network size: 0, si_in_serializable: 0 0 %, local: 0 %
I0312 08:57:55.267578 299871 AriaExecutor.h:94] AriaExecutor 6 exits. 
I0312 08:57:55.267591 299866 AriaExecutor.h:94] AriaExecutor 1 exits. 
I0312 08:57:55.267583 299877 Manager.h:227] Manager(worker id = 12) on the coordinator node exits.
I0312 08:57:55.267593 299874 AriaExecutor.h:94] AriaExecutor 9 exits. 
I0312 08:57:55.267593 299875 AriaExecutor.h:94] AriaExecutor 10 exits. 
I0312 08:57:55.267593 299872 AriaExecutor.h:94] AriaExecutor 7 exits. 
I0312 08:57:55.267593 299870 AriaExecutor.h:94] AriaExecutor 5 exits. 
I0312 08:57:55.267578 299876 AriaExecutor.h:94] AriaExecutor 11 exits. 
I0312 08:57:55.267593 299868 AriaExecutor.h:94] AriaExecutor 3 exits. 
I0312 08:57:55.267599 299867 AriaExecutor.h:94] AriaExecutor 2 exits. 
I0312 08:57:55.267596 299873 AriaExecutor.h:94] AriaExecutor 8 exits. 
I0312 08:57:55.267603 299865 AriaExecutor.h:94] AriaExecutor 0 exits. 
I0312 08:57:55.267594 299869 AriaExecutor.h:94] AriaExecutor 4 exits. 
I0312 08:57:55.263916 299841 AriaExecutor.h:535] Worker 0 latency: 5600 us (50%) 6361 us (75%) 6938 us (95%) 7200 us (99%).
I0312 08:57:55.329975 299841 AriaExecutor.h:535] Worker 1 latency: 5605 us (50%) 6363 us (75%) 6937 us (95%) 7195 us (99%).
I0312 08:57:55.382055 299841 AriaExecutor.h:535] Worker 2 latency: 5605 us (50%) 6363 us (75%) 6937 us (95%) 7196 us (99%).
I0312 08:57:55.434765 299841 AriaExecutor.h:535] Worker 3 latency: 5605 us (50%) 6363 us (75%) 6938 us (95%) 7197 us (99%).
I0312 08:57:55.487326 299841 AriaExecutor.h:535] Worker 4 latency: 5604 us (50%) 6361 us (75%) 6936 us (95%) 7191 us (99%).
I0312 08:57:55.540980 299841 AriaExecutor.h:535] Worker 5 latency: 5602 us (50%) 6362 us (75%) 6937 us (95%) 7198 us (99%).
I0312 08:57:55.594801 299841 AriaExecutor.h:535] Worker 6 latency: 5604 us (50%) 6362 us (75%) 6937 us (95%) 7197 us (99%).
I0312 08:57:55.646952 299841 AriaExecutor.h:535] Worker 7 latency: 5603 us (50%) 6361 us (75%) 6937 us (95%) 7194 us (99%).
I0312 08:57:55.699810 299841 AriaExecutor.h:535] Worker 8 latency: 5602 us (50%) 6361 us (75%) 6936 us (95%) 7196 us (99%).
I0312 08:57:55.753995 299841 AriaExecutor.h:535] Worker 9 latency: 5601 us (50%) 6361 us (75%) 6937 us (95%) 7197 us (99%).
I0312 08:57:55.805822 299841 AriaExecutor.h:535] Worker 10 latency: 5612 us (50%) 6366 us (75%) 6938 us (95%) 7199 us (99%).
I0312 08:57:55.859220 299841 AriaExecutor.h:535] Worker 11 latency: 5604 us (50%) 6362 us (75%) 6937 us (95%) 7196 us (99%).
I0312 08:57:55.914130 299841 Coordinator.h:177] total commit: 488406
I0312 08:57:56.914341 299841 Coordinator.h:192] Coordinator exits.
=== current_aria_p12_t12_k40000_rw50_ops100_bs1024_zipf_0.0 ===
I0312 08:57:57.181303 300921 Database.h:65] ycsb initialization finished in 98 milliseconds.
I0312 08:57:57.181540 300921 Coordinator.h:30] Coordinator initializes 12 workers.
I0312 08:57:57.219003 300921 Coordinator.h:77] Coordinator starts to run 13 workers.
I0312 08:57:57.219102 300941 AriaExecutor.h:82] AriaExecutor 0 started. 
I0312 08:57:57.219157 300942 AriaExecutor.h:82] AriaExecutor 1 started. 
I0312 08:57:57.219261 300943 AriaExecutor.h:82] AriaExecutor 2 started. 
I0312 08:57:57.219381 300944 AriaExecutor.h:82] AriaExecutor 3 started. 
I0312 08:57:57.219494 300945 AriaExecutor.h:82] AriaExecutor 4 started. 
I0312 08:57:57.219610 300946 AriaExecutor.h:82] AriaExecutor 5 started. 
I0312 08:57:57.219661 300947 AriaExecutor.h:82] AriaExecutor 6 started. 
I0312 08:57:57.219753 300948 AriaExecutor.h:82] AriaExecutor 7 started. 
I0312 08:57:57.219870 300949 AriaExecutor.h:82] AriaExecutor 8 started. 
I0312 08:57:57.219992 300950 AriaExecutor.h:82] AriaExecutor 9 started. 
I0312 08:57:57.220111 300951 AriaExecutor.h:82] AriaExecutor 10 started. 
I0312 08:57:57.220229 300952 AriaExecutor.h:82] AriaExecutor 11 started. 
I0312 08:57:57.220368 300953 Manager.h:224] Manager(worker id = 12) on the coordinator node started.
I0312 08:57:58.220389 300921 Coordinator.h:126] commit: 8210 abort: 56302 (0/56302/0), network size: 0, avg network size: 0, si_in_serializable: 0 0 %, local: 0 %
I0312 08:57:59.220556 300921 Coordinator.h:126] commit: 9042 abort: 62638 (0/62638/0), network size: 0, avg network size: 0, si_in_serializable: 0 0 %, local: 0 %
I0312 08:58:00.220764 300921 Coordinator.h:126] commit: 9715 abort: 67085 (0/67085/0), network size: 0, avg network size: 0, si_in_serializable: 0 0 %, local: 0 %
I0312 08:58:01.220935 300921 Coordinator.h:126] commit: 9682 abort: 66094 (0/66094/0), network size: 0, avg network size: 0, si_in_serializable: 0 0 %, local: 0 %
I0312 08:58:02.221081 300921 Coordinator.h:126] commit: 9800 abort: 67000 (0/67000/0), network size: 0, avg network size: 0, si_in_serializable: 0 0 %, local: 0 %
I0312 08:58:03.221220 300921 Coordinator.h:126] commit: 9459 abort: 66317 (0/66317/0), network size: 0, avg network size: 0, si_in_serializable: 0 0 %, local: 0 %
I0312 08:58:04.221360 300921 Coordinator.h:126] commit: 9622 abort: 67178 (0/67178/0), network size: 0, avg network size: 0, si_in_serializable: 0 0 %, local: 0 %
I0312 08:58:05.221585 300921 Coordinator.h:126] commit: 9618 abort: 66158 (0/66158/0), network size: 0, avg network size: 0, si_in_serializable: 0 0 %, local: 0 %
I0312 08:58:06.221756 300921 Coordinator.h:126] commit: 9657 abort: 67143 (0/67143/0), network size: 0, avg network size: 0, si_in_serializable: 0 0 %, local: 0 %
I0312 08:58:07.221910 300921 Coordinator.h:126] commit: 9766 abort: 67034 (0/67034/0), network size: 0, avg network size: 0, si_in_serializable: 0 0 %, local: 0 %
I0312 08:58:08.222057 300921 Coordinator.h:126] commit: 9702 abort: 67098 (0/67098/0), network size: 0, avg network size: 0, si_in_serializable: 0 0 %, local: 0 %
I0312 08:58:09.222201 300921 Coordinator.h:126] commit: 9708 abort: 66558 (0/66558/0), network size: 0, avg network size: 0, si_in_serializable: 0 0 %, local: 0 %
I0312 08:58:10.222345 300921 Coordinator.h:126] commit: 9639 abort: 66671 (0/66671/0), network size: 0, avg network size: 0, si_in_serializable: 0 0 %, local: 0 %
I0312 08:58:11.222484 300921 Coordinator.h:126] commit: 9625 abort: 67175 (0/67175/0), network size: 0, avg network size: 0, si_in_serializable: 0 0 %, local: 0 %
I0312 08:58:12.222620 300921 Coordinator.h:126] commit: 9761 abort: 67039 (0/67039/0), network size: 0, avg network size: 0, si_in_serializable: 0 0 %, local: 0 %
I0312 08:58:13.222755 300921 Coordinator.h:126] commit: 9755 abort: 66021 (0/66021/0), network size: 0, avg network size: 0, si_in_serializable: 0 0 %, local: 0 %
I0312 08:58:14.222889 300921 Coordinator.h:126] commit: 9720 abort: 67080 (0/67080/0), network size: 0, avg network size: 0, si_in_serializable: 0 0 %, local: 0 %
I0312 08:58:15.223129 300921 Coordinator.h:126] commit: 9785 abort: 67015 (0/67015/0), network size: 0, avg network size: 0, si_in_serializable: 0 0 %, local: 0 %
I0312 08:58:16.223312 300921 Coordinator.h:126] commit: 9722 abort: 66054 (0/66054/0), network size: 0, avg network size: 0, si_in_serializable: 0 0 %, local: 0 %
I0312 08:58:17.223443 300921 Coordinator.h:126] commit: 9741 abort: 67059 (0/67059/0), network size: 0, avg network size: 0, si_in_serializable: 0 0 %, local: 0 %
I0312 08:58:18.223573 300921 Coordinator.h:126] commit: 9745 abort: 67055 (0/67055/0), network size: 0, avg network size: 0, si_in_serializable: 0 0 %, local: 0 %
I0312 08:58:19.223703 300921 Coordinator.h:126] commit: 9695 abort: 67105 (0/67105/0), network size: 0, avg network size: 0, si_in_serializable: 0 0 %, local: 0 %
I0312 08:58:20.223829 300921 Coordinator.h:126] commit: 9688 abort: 66883 (0/66883/0), network size: 0, avg network size: 0, si_in_serializable: 0 0 %, local: 0 %
I0312 08:58:21.223945 300921 Coordinator.h:126] commit: 9573 abort: 66432 (0/66432/0), network size: 0, avg network size: 0, si_in_serializable: 0 0 %, local: 0 %
I0312 08:58:22.224076 300921 Coordinator.h:126] commit: 9691 abort: 67109 (0/67109/0), network size: 0, avg network size: 0, si_in_serializable: 0 0 %, local: 0 %
I0312 08:58:22.224126 300921 Coordinator.h:152] average commit: 9715.8 abort: 66777 (0/66777/0), network size: 0, avg network size: 0, si_in_serializable: 0 0 %, local: 0 %
I0312 08:58:22.224174 300921 AriaExecutor.h:535] Worker 0 latency: 12922 us (50%) 13080 us (75%) 13602 us (95%) 15185 us (99%).
I0312 08:58:22.229597 300948 AriaExecutor.h:94] AriaExecutor 7 exits. 
I0312 08:58:22.229597 300952 AriaExecutor.h:94] AriaExecutor 11 exits. 
I0312 08:58:22.229606 300941 AriaExecutor.h:94] AriaExecutor 0 exits. 
I0312 08:58:22.229597 300946 AriaExecutor.h:94] AriaExecutor 5 exits. 
I0312 08:58:22.229597 300951 AriaExecutor.h:94] AriaExecutor 10 exits. 
I0312 08:58:22.229606 300942 AriaExecutor.h:94] AriaExecutor 1 exits. 
I0312 08:58:22.229609 300944 AriaExecutor.h:94] AriaExecutor 3 exits. 
I0312 08:58:22.229609 300945 AriaExecutor.h:94] AriaExecutor 4 exits. 
I0312 08:58:22.229606 300943 AriaExecutor.h:94] AriaExecutor 2 exits. 
I0312 08:58:22.229609 300947 AriaExecutor.h:94] AriaExecutor 6 exits. 
I0312 08:58:22.229614 300953 Manager.h:227] Manager(worker id = 12) on the coordinator node exits.
I0312 08:58:22.229609 300950 AriaExecutor.h:94] AriaExecutor 9 exits. 
I0312 08:58:22.229597 300949 AriaExecutor.h:94] AriaExecutor 8 exits. 
I0312 08:58:22.229960 300921 AriaExecutor.h:535] Worker 1 latency: 12922 us (50%) 13079 us (75%) 13612 us (95%) 15186 us (99%).
I0312 08:58:22.232911 300921 AriaExecutor.h:535] Worker 2 latency: 12918 us (50%) 13077 us (75%) 13599 us (95%) 15192 us (99%).
I0312 08:58:22.235813 300921 AriaExecutor.h:535] Worker 3 latency: 12919 us (50%) 13076 us (75%) 13637 us (95%) 15194 us (99%).
I0312 08:58:22.238569 300921 AriaExecutor.h:535] Worker 4 latency: 12918 us (50%) 13074 us (75%) 13613 us (95%) 15191 us (99%).
I0312 08:58:22.241242 300921 AriaExecutor.h:535] Worker 5 latency: 12914 us (50%) 13073 us (75%) 13582 us (95%) 15180 us (99%).
I0312 08:58:22.243871 300921 AriaExecutor.h:535] Worker 6 latency: 12914 us (50%) 13074 us (75%) 13599 us (95%) 15188 us (99%).
I0312 08:58:22.246464 300921 AriaExecutor.h:535] Worker 7 latency: 12915 us (50%) 13074 us (75%) 13637 us (95%) 15197 us (99%).
I0312 08:58:22.248318 300921 AriaExecutor.h:535] Worker 8 latency: 12920 us (50%) 13073 us (75%) 13630 us (95%) 15198 us (99%).
I0312 08:58:22.249969 300921 AriaExecutor.h:535] Worker 9 latency: 12915 us (50%) 13075 us (75%) 13617 us (95%) 15184 us (99%).
I0312 08:58:22.251626 300921 AriaExecutor.h:535] Worker 10 latency: 12910 us (50%) 13071 us (75%) 13588 us (95%) 15183 us (99%).
I0312 08:58:22.253269 300921 AriaExecutor.h:535] Worker 11 latency: 12915 us (50%) 13073 us (75%) 13611 us (95%) 15181 us (99%).
I0312 08:58:22.254889 300921 Coordinator.h:177] total commit: 9715.8
I0312 08:58:23.255091 300921 Coordinator.h:192] Coordinator exits.
=== current_aria_p12_t12_k40000_rw50_ops100_bs2048_zipf_0.0 ===
I0312 08:58:23.504866 301946 Database.h:65] ycsb initialization finished in 100 milliseconds.
I0312 08:58:23.505084 301946 Coordinator.h:30] Coordinator initializes 12 workers.
I0312 08:58:23.566839 301946 Coordinator.h:77] Coordinator starts to run 13 workers.
I0312 08:58:23.566942 301968 AriaExecutor.h:82] AriaExecutor 0 started. 
I0312 08:58:23.566990 301969 AriaExecutor.h:82] AriaExecutor 1 started. 
I0312 08:58:23.567106 301970 AriaExecutor.h:82] AriaExecutor 2 started. 
I0312 08:58:23.567222 301971 AriaExecutor.h:82] AriaExecutor 3 started. 
I0312 08:58:23.567278 301972 AriaExecutor.h:82] AriaExecutor 4 started. 
I0312 08:58:23.567359 301973 AriaExecutor.h:82] AriaExecutor 5 started. 
I0312 08:58:23.567418 301974 AriaExecutor.h:82] AriaExecutor 6 started. 
I0312 08:58:23.567514 301975 AriaExecutor.h:82] AriaExecutor 7 started. 
I0312 08:58:23.567631 301976 AriaExecutor.h:82] AriaExecutor 8 started. 
I0312 08:58:23.567750 301977 AriaExecutor.h:82] AriaExecutor 9 started. 
I0312 08:58:23.567868 301978 AriaExecutor.h:82] AriaExecutor 10 started. 
I0312 08:58:23.567989 301979 AriaExecutor.h:82] AriaExecutor 11 started. 
I0312 08:58:23.568046 301980 Manager.h:224] Manager(worker id = 12) on the coordinator node started.
I0312 08:58:24.568100 301946 Coordinator.h:126] commit: 3950 abort: 59538 (0/59538/0), network size: 0, avg network size: 0, si_in_serializable: 0 0 %, local: 0 %
I0312 08:58:25.568277 301946 Coordinator.h:126] commit: 4706 abort: 69022 (0/69022/0), network size: 0, avg network size: 0, si_in_serializable: 0 0 %, local: 0 %
I0312 08:58:26.568480 301946 Coordinator.h:126] commit: 4765 abort: 71011 (0/71011/0), network size: 0, avg network size: 0, si_in_serializable: 0 0 %, local: 0 %
I0312 08:58:27.568630 301946 Coordinator.h:126] commit: 4916 abort: 72908 (0/72908/0), network size: 0, avg network size: 0, si_in_serializable: 0 0 %, local: 0 %
I0312 08:58:28.568751 301946 Coordinator.h:126] commit: 4727 abort: 71049 (0/71049/0), network size: 0, avg network size: 0, si_in_serializable: 0 0 %, local: 0 %
I0312 08:58:29.568868 301946 Coordinator.h:126] commit: 4875 abort: 72949 (0/72949/0), network size: 0, avg network size: 0, si_in_serializable: 0 0 %, local: 0 %
I0312 08:58:30.569011 301946 Coordinator.h:126] commit: 4738 abort: 71038 (0/71038/0), network size: 0, avg network size: 0, si_in_serializable: 0 0 %, local: 0 %
I0312 08:58:31.569142 301946 Coordinator.h:126] commit: 4829 abort: 72995 (0/72995/0), network size: 0, avg network size: 0, si_in_serializable: 0 0 %, local: 0 %
I0312 08:58:32.569345 301946 Coordinator.h:126] commit: 4964 abort: 72860 (0/72860/0), network size: 0, avg network size: 0, si_in_serializable: 0 0 %, local: 0 %
I0312 08:58:33.569509 301946 Coordinator.h:126] commit: 4817 abort: 70959 (0/70959/0), network size: 0, avg network size: 0, si_in_serializable: 0 0 %, local: 0 %
I0312 08:58:34.569640 301946 Coordinator.h:126] commit: 4863 abort: 72961 (0/72961/0), network size: 0, avg network size: 0, si_in_serializable: 0 0 %, local: 0 %
I0312 08:58:35.569787 301946 Coordinator.h:126] commit: 4856 abort: 72968 (0/72968/0), network size: 0, avg network size: 0, si_in_serializable: 0 0 %, local: 0 %
I0312 08:58:36.569921 301946 Coordinator.h:126] commit: 4673 abort: 71103 (0/71103/0), network size: 0, avg network size: 0, si_in_serializable: 0 0 %, local: 0 %
I0312 08:58:37.570060 301946 Coordinator.h:126] commit: 4862 abort: 72962 (0/72962/0), network size: 0, avg network size: 0, si_in_serializable: 0 0 %, local: 0 %
I0312 08:58:38.570202 301946 Coordinator.h:126] commit: 4882 abort: 72942 (0/72942/0), network size: 0, avg network size: 0, si_in_serializable: 0 0 %, local: 0 %
I0312 08:58:39.570322 301946 Coordinator.h:126] commit: 4777 abort: 70999 (0/70999/0), network size: 0, avg network size: 0, si_in_serializable: 0 0 %, local: 0 %
I0312 08:58:40.570451 301946 Coordinator.h:126] commit: 4925 abort: 72899 (0/72899/0), network size: 0, avg network size: 0, si_in_serializable: 0 0 %, local: 0 %
I0312 08:58:41.570591 301946 Coordinator.h:126] commit: 4945 abort: 72879 (0/72879/0), network size: 0, avg network size: 0, si_in_serializable: 0 0 %, local: 0 %
I0312 08:58:42.570721 301946 Coordinator.h:126] commit: 4762 abort: 71014 (0/71014/0), network size: 0, avg network size: 0, si_in_serializable: 0 0 %, local: 0 %
I0312 08:58:43.570849 301946 Coordinator.h:126] commit: 4935 abort: 72889 (0/72889/0), network size: 0, avg network size: 0, si_in_serializable: 0 0 %, local: 0 %
I0312 08:58:44.571069 301946 Coordinator.h:126] commit: 4746 abort: 71030 (0/71030/0), network size: 0, avg network size: 0, si_in_serializable: 0 0 %, local: 0 %
I0312 08:58:45.571221 301946 Coordinator.h:126] commit: 4882 abort: 72942 (0/72942/0), network size: 0, avg network size: 0, si_in_serializable: 0 0 %, local: 0 %
I0312 08:58:46.571358 301946 Coordinator.h:126] commit: 4856 abort: 72968 (0/72968/0), network size: 0, avg network size: 0, si_in_serializable: 0 0 %, local: 0 %
I0312 08:58:47.571507 301946 Coordinator.h:126] commit: 4846 abort: 70930 (0/70930/0), network size: 0, avg network size: 0, si_in_serializable: 0 0 %, local: 0 %
I0312 08:58:48.571627 301946 Coordinator.h:126] commit: 4932 abort: 72892 (0/72892/0), network size: 0, avg network size: 0, si_in_serializable: 0 0 %, local: 0 %
I0312 08:58:48.571671 301946 Coordinator.h:152] average commit: 4848 abort: 72361.6 (0/72361.6/0), network size: 0, avg network size: 0, si_in_serializable: 0 0 %, local: 0 %
I0312 08:58:48.571717 301946 AriaExecutor.h:535] Worker 0 latency: 26082 us (50%) 26241 us (75%) 27043 us (95%) 30943 us (99%).
I0312 08:58:48.581753 301971 AriaExecutor.h:94] AriaExecutor 3 exits. 
I0312 08:58:48.581772 301978 AriaExecutor.h:94] AriaExecutor 10 exits. 
I0312 08:58:48.581765 301979 AriaExecutor.h:94] AriaExecutor 11 exits. 
I0312 08:58:48.581753 301976 AriaExecutor.h:94] AriaExecutor 8 exits. 
I0312 08:58:48.581753 301972 AriaExecutor.h:94] AriaExecutor 4 exits. 
I0312 08:58:48.581753 301977 AriaExecutor.h:94] AriaExecutor 9 exits. 
I0312 08:58:48.581753 301973 AriaExecutor.h:94] AriaExecutor 5 exits. 
I0312 08:58:48.581775 301975 AriaExecutor.h:94] AriaExecutor 7 exits. 
I0312 08:58:48.581772 301974 AriaExecutor.h:94] AriaExecutor 6 exits. 
I0312 08:58:48.581775 301968 AriaExecutor.h:94] AriaExecutor 0 exits. 
I0312 08:58:48.581774 301969 AriaExecutor.h:94] AriaExecutor 1 exits. 
I0312 08:58:48.581777 301980 Manager.h:227] Manager(worker id = 12) on the coordinator node exits.
I0312 08:58:48.581753 301970 AriaExecutor.h:94] AriaExecutor 2 exits. 
I0312 08:58:48.582108 301946 AriaExecutor.h:535] Worker 1 latency: 26079 us (50%) 26240 us (75%) 27099 us (95%) 30966 us (99%).
I0312 08:58:48.583580 301946 AriaExecutor.h:535] Worker 2 latency: 26084 us (50%) 26241 us (75%) 27080 us (95%) 30961 us (99%).
I0312 08:58:48.585024 301946 AriaExecutor.h:535] Worker 3 latency: 26078 us (50%) 26238 us (75%) 27050 us (95%) 30934 us (99%).
I0312 08:58:48.586450 301946 AriaExecutor.h:535] Worker 4 latency: 26085 us (50%) 26247 us (75%) 27124 us (95%) 30952 us (99%).
I0312 08:58:48.587929 301946 AriaExecutor.h:535] Worker 5 latency: 26083 us (50%) 26244 us (75%) 27105 us (95%) 31005 us (99%).
I0312 08:58:48.589398 301946 AriaExecutor.h:535] Worker 6 latency: 26084 us (50%) 26241 us (75%) 27074 us (95%) 30939 us (99%).
I0312 08:58:48.590826 301946 AriaExecutor.h:535] Worker 7 latency: 26077 us (50%) 26237 us (75%) 27081 us (95%) 30934 us (99%).
I0312 08:58:48.592264 301946 AriaExecutor.h:535] Worker 8 latency: 26078 us (50%) 26233 us (75%) 27081 us (95%) 30971 us (99%).
I0312 08:58:48.593703 301946 AriaExecutor.h:535] Worker 9 latency: 26081 us (50%) 26239 us (75%) 27146 us (95%) 30981 us (99%).
I0312 08:58:48.595122 301946 AriaExecutor.h:535] Worker 10 latency: 26077 us (50%) 26234 us (75%) 27048 us (95%) 30954 us (99%).
I0312 08:58:48.596511 301946 AriaExecutor.h:535] Worker 11 latency: 26072 us (50%) 26236 us (75%) 27097 us (95%) 30951 us (99%).
I0312 08:58:48.597932 301946 Coordinator.h:177] total commit: 4848
I0312 08:58:49.598151 301946 Coordinator.h:192] Coordinator exits.
=== current_aria_p12_t12_k40000_rw50_ops100_bs4096_zipf_0.0 ===
I0312 08:58:49.861197 303054 Database.h:65] ycsb initialization finished in 97 milliseconds.
I0312 08:58:49.861330 303054 Coordinator.h:30] Coordinator initializes 12 workers.
I0312 08:58:49.960850 303054 Coordinator.h:77] Coordinator starts to run 13 workers.
I0312 08:58:49.960944 303078 AriaExecutor.h:82] AriaExecutor 0 started. 
I0312 08:58:49.960999 303079 AriaExecutor.h:82] AriaExecutor 1 started. 
I0312 08:58:49.961112 303080 AriaExecutor.h:82] AriaExecutor 2 started. 
I0312 08:58:49.961143 303081 AriaExecutor.h:82] AriaExecutor 3 started. 
I0312 08:58:49.961253 303082 AriaExecutor.h:82] AriaExecutor 4 started. 
I0312 08:58:49.961294 303083 AriaExecutor.h:82] AriaExecutor 5 started. 
I0312 08:58:49.961390 303084 AriaExecutor.h:82] AriaExecutor 6 started. 
I0312 08:58:49.961508 303085 AriaExecutor.h:82] AriaExecutor 7 started. 
I0312 08:58:49.961537 303086 AriaExecutor.h:82] AriaExecutor 8 started. 
I0312 08:58:49.961645 303087 AriaExecutor.h:82] AriaExecutor 9 started. 
I0312 08:58:49.961760 303088 AriaExecutor.h:82] AriaExecutor 10 started. 
I0312 08:58:49.961886 303089 AriaExecutor.h:82] AriaExecutor 11 started. 
I0312 08:58:49.961928 303090 Manager.h:224] Manager(worker id = 12) on the coordinator node started.
I0312 08:58:50.961982 303054 Coordinator.h:126] commit: 2084 abort: 63452 (0/63452/0), network size: 0, avg network size: 0, si_in_serializable: 0 0 %, local: 0 %
I0312 08:58:51.962150 303054 Coordinator.h:126] commit: 2365 abort: 71363 (0/71363/0), network size: 0, avg network size: 0, si_in_serializable: 0 0 %, local: 0 %
I0312 08:58:52.962348 303054 Coordinator.h:126] commit: 2492 abort: 75332 (0/75332/0), network size: 0, avg network size: 0, si_in_serializable: 0 0 %, local: 0 %
I0312 08:58:53.962495 303054 Coordinator.h:126] commit: 2430 abort: 75394 (0/75394/0), network size: 0, avg network size: 0, si_in_serializable: 0 0 %, local: 0 %
I0312 08:58:54.962630 303054 Coordinator.h:126] commit: 2557 abort: 79363 (0/79363/0), network size: 0, avg network size: 0, si_in_serializable: 0 0 %, local: 0 %
I0312 08:58:55.962783 303054 Coordinator.h:126] commit: 2442 abort: 75382 (0/75382/0), network size: 0, avg network size: 0, si_in_serializable: 0 0 %, local: 0 %
I0312 08:58:56.962929 303054 Coordinator.h:126] commit: 2450 abort: 75374 (0/75374/0), network size: 0, avg network size: 0, si_in_serializable: 0 0 %, local: 0 %
I0312 08:58:57.963127 303054 Coordinator.h:126] commit: 2473 abort: 75351 (0/75351/0), network size: 0, avg network size: 0, si_in_serializable: 0 0 %, local: 0 %
I0312 08:58:58.963301 303054 Coordinator.h:126] commit: 2456 abort: 75368 (0/75368/0), network size: 0, avg network size: 0, si_in_serializable: 0 0 %, local: 0 %
I0312 08:58:59.963435 303054 Coordinator.h:126] commit: 2460 abort: 75364 (0/75364/0), network size: 0, avg network size: 0, si_in_serializable: 0 0 %, local: 0 %
I0312 08:59:00.963567 303054 Coordinator.h:126] commit: 2605 abort: 79315 (0/79315/0), network size: 0, avg network size: 0, si_in_serializable: 0 0 %, local: 0 %
I0312 08:59:01.963698 303054 Coordinator.h:126] commit: 2508 abort: 75316 (0/75316/0), network size: 0, avg network size: 0, si_in_serializable: 0 0 %, local: 0 %
I0312 08:59:02.963821 303054 Coordinator.h:126] commit: 2488 abort: 75336 (0/75336/0), network size: 0, avg network size: 0, si_in_serializable: 0 0 %, local: 0 %
I0312 08:59:03.963945 303054 Coordinator.h:126] commit: 2434 abort: 75390 (0/75390/0), network size: 0, avg network size: 0, si_in_serializable: 0 0 %, local: 0 %
I0312 08:59:04.964171 303054 Coordinator.h:126] commit: 2411 abort: 75413 (0/75413/0), network size: 0, avg network size: 0, si_in_serializable: 0 0 %, local: 0 %
I0312 08:59:05.964363 303054 Coordinator.h:126] commit: 2490 abort: 75334 (0/75334/0), network size: 0, avg network size: 0, si_in_serializable: 0 0 %, local: 0 %
I0312 08:59:06.964495 303054 Coordinator.h:126] commit: 2536 abort: 79384 (0/79384/0), network size: 0, avg network size: 0, si_in_serializable: 0 0 %, local: 0 %
I0312 08:59:07.964625 303054 Coordinator.h:126] commit: 2487 abort: 75337 (0/75337/0), network size: 0, avg network size: 0, si_in_serializable: 0 0 %, local: 0 %
I0312 08:59:08.964749 303054 Coordinator.h:126] commit: 2416 abort: 75408 (0/75408/0), network size: 0, avg network size: 0, si_in_serializable: 0 0 %, local: 0 %
I0312 08:59:09.964876 303054 Coordinator.h:126] commit: 2416 abort: 75408 (0/75408/0), network size: 0, avg network size: 0, si_in_serializable: 0 0 %, local: 0 %
I0312 08:59:10.965009 303054 Coordinator.h:126] commit: 2465 abort: 75359 (0/75359/0), network size: 0, avg network size: 0, si_in_serializable: 0 0 %, local: 0 %
I0312 08:59:11.965133 303054 Coordinator.h:126] commit: 2447 abort: 75377 (0/75377/0), network size: 0, avg network size: 0, si_in_serializable: 0 0 %, local: 0 %
I0312 08:59:12.965258 303054 Coordinator.h:126] commit: 2634 abort: 79286 (0/79286/0), network size: 0, avg network size: 0, si_in_serializable: 0 0 %, local: 0 %
I0312 08:59:13.965384 303054 Coordinator.h:126] commit: 2476 abort: 75348 (0/75348/0), network size: 0, avg network size: 0, si_in_serializable: 0 0 %, local: 0 %
I0312 08:59:14.965520 303054 Coordinator.h:126] commit: 2474 abort: 75350 (0/75350/0), network size: 0, avg network size: 0, si_in_serializable: 0 0 %, local: 0 %
I0312 08:59:14.965583 303054 Coordinator.h:152] average commit: 2479.1 abort: 76164.1 (0/76164.1/0), network size: 0, avg network size: 0, si_in_serializable: 0 0 %, local: 0 %
I0312 08:59:14.965627 303054 AriaExecutor.h:535] Worker 0 latency: 51610 us (50%) 51802 us (75%) 53625 us (95%) 58947 us (99%).
I0312 08:59:14.990850 303086 AriaExecutor.h:94] AriaExecutor 8 exits. 
I0312 08:59:14.990850 303089 AriaExecutor.h:94] AriaExecutor 11 exits. 
I0312 08:59:14.990880 303084 AriaExecutor.h:94] AriaExecutor 6 exits. 
I0312 08:59:14.990861 303083 AriaExecutor.h:94] AriaExecutor 5 exits. 
I0312 08:59:14.990860 303087 AriaExecutor.h:94] AriaExecutor 9 exits. 
I0312 08:59:14.990850 303082 AriaExecutor.h:94] AriaExecutor 4 exits. 
I0312 08:59:14.990859 303085 AriaExecutor.h:94] AriaExecutor 7 exits. 
I0312 08:59:14.990850 303078 AriaExecutor.h:94] AriaExecutor 0 exits. 
I0312 08:59:14.990855 303081 AriaExecutor.h:94] AriaExecutor 3 exits. 
I0312 08:59:14.990859 303079 AriaExecutor.h:94] AriaExecutor 1 exits. 
I0312 08:59:14.990859 303080 AriaExecutor.h:94] AriaExecutor 2 exits. 
I0312 08:59:14.990865 303090 Manager.h:227] Manager(worker id = 12) on the coordinator node exits.
I0312 08:59:14.990850 303088 AriaExecutor.h:94] AriaExecutor 10 exits. 
I0312 08:59:14.991185 303054 AriaExecutor.h:535] Worker 1 latency: 51601 us (50%) 51792 us (75%) 53579 us (95%) 58957 us (99%).
I0312 08:59:14.991935 303054 AriaExecutor.h:535] Worker 2 latency: 51613 us (50%) 51801 us (75%) 53527 us (95%) 58878 us (99%).
I0312 08:59:14.992677 303054 AriaExecutor.h:535] Worker 3 latency: 51604 us (50%) 51793 us (75%) 53546 us (95%) 59083 us (99%).
I0312 08:59:14.993391 303054 AriaExecutor.h:535] Worker 4 latency: 51603 us (50%) 51789 us (75%) 53608 us (95%) 59037 us (99%).
I0312 08:59:14.994155 303054 AriaExecutor.h:535] Worker 5 latency: 51602 us (50%) 51797 us (75%) 53551 us (95%) 59037 us (99%).
I0312 08:59:14.994916 303054 AriaExecutor.h:535] Worker 6 latency: 51607 us (50%) 51792 us (75%) 53585 us (95%) 59029 us (99%).
I0312 08:59:14.995666 303054 AriaExecutor.h:535] Worker 7 latency: 51596 us (50%) 51785 us (75%) 53556 us (95%) 59030 us (99%).
I0312 08:59:14.996407 303054 AriaExecutor.h:535] Worker 8 latency: 51610 us (50%) 51794 us (75%) 53616 us (95%) 58999 us (99%).
I0312 08:59:14.997141 303054 AriaExecutor.h:535] Worker 9 latency: 51611 us (50%) 51799 us (75%) 53659 us (95%) 59234 us (99%).
I0312 08:59:14.997867 303054 AriaExecutor.h:535] Worker 10 latency: 51599 us (50%) 51785 us (75%) 53503 us (95%) 58957 us (99%).
I0312 08:59:14.998606 303054 AriaExecutor.h:535] Worker 11 latency: 51617 us (50%) 51801 us (75%) 53627 us (95%) 59085 us (99%).
I0312 08:59:14.999367 303054 Coordinator.h:177] total commit: 2479.1
I0312 08:59:15.999572 303054 Coordinator.h:192] Coordinator exits.
=== current_aria_p12_t12_k40000_rw80_ops10_bs1024_zipf_0.0 ===
I0312 08:59:16.280160 304183 Database.h:65] ycsb initialization finished in 97 milliseconds.
I0312 08:59:16.280404 304183 Coordinator.h:30] Coordinator initializes 12 workers.
I0312 08:59:16.320129 304183 Coordinator.h:77] Coordinator starts to run 13 workers.
I0312 08:59:16.320237 304204 AriaExecutor.h:82] AriaExecutor 0 started. 
I0312 08:59:16.320276 304205 AriaExecutor.h:82] AriaExecutor 1 started. 
I0312 08:59:16.320416 304206 AriaExecutor.h:82] AriaExecutor 2 started. 
I0312 08:59:16.320425 304207 AriaExecutor.h:82] AriaExecutor 3 started. 
I0312 08:59:16.320542 304208 AriaExecutor.h:82] AriaExecutor 4 started. 
I0312 08:59:16.320557 304209 AriaExecutor.h:82] AriaExecutor 5 started. 
I0312 08:59:16.320678 304210 AriaExecutor.h:82] AriaExecutor 6 started. 
I0312 08:59:16.320791 304211 AriaExecutor.h:82] AriaExecutor 7 started. 
I0312 08:59:16.320914 304212 AriaExecutor.h:82] AriaExecutor 8 started. 
I0312 08:59:16.320961 304213 AriaExecutor.h:82] AriaExecutor 9 started. 
I0312 08:59:16.321051 304214 AriaExecutor.h:82] AriaExecutor 10 started. 
I0312 08:59:16.321149 304215 AriaExecutor.h:82] AriaExecutor 11 started. 
I0312 08:59:16.321267 304216 Manager.h:224] Manager(worker id = 12) on the coordinator node started.
I0312 08:59:17.321273 304183 Coordinator.h:126] commit: 732911 abort: 3345 (0/3345/0), network size: 0, avg network size: 0, si_in_serializable: 0 0 %, local: 0 %
I0312 08:59:18.321450 304183 Coordinator.h:126] commit: 784902 abort: 3578 (0/3578/0), network size: 0, avg network size: 0, si_in_serializable: 0 0 %, local: 0 %
I0312 08:59:19.321647 304183 Coordinator.h:126] commit: 806238 abort: 3746 (0/3746/0), network size: 0, avg network size: 0, si_in_serializable: 0 0 %, local: 0 %
I0312 08:59:20.321798 304183 Coordinator.h:126] commit: 812472 abort: 3656 (0/3656/0), network size: 0, avg network size: 0, si_in_serializable: 0 0 %, local: 0 %
I0312 08:59:21.321926 304183 Coordinator.h:126] commit: 811439 abort: 3665 (0/3665/0), network size: 0, avg network size: 0, si_in_serializable: 0 0 %, local: 0 %
I0312 08:59:22.322055 304183 Coordinator.h:126] commit: 815360 abort: 3840 (0/3840/0), network size: 0, avg network size: 0, si_in_serializable: 0 0 %, local: 0 %
I0312 08:59:23.322191 304183 Coordinator.h:126] commit: 818538 abort: 3734 (0/3734/0), network size: 0, avg network size: 0, si_in_serializable: 0 0 %, local: 0 %
I0312 08:59:24.322402 304183 Coordinator.h:126] commit: 792100 abort: 3548 (0/3548/0), network size: 0, avg network size: 0, si_in_serializable: 0 0 %, local: 0 %
I0312 08:59:25.322567 304183 Coordinator.h:126] commit: 819567 abort: 3729 (0/3729/0), network size: 0, avg network size: 0, si_in_serializable: 0 0 %, local: 0 %
I0312 08:59:26.322705 304183 Coordinator.h:126] commit: 823704 abort: 3688 (0/3688/0), network size: 0, avg network size: 0, si_in_serializable: 0 0 %, local: 0 %
I0312 08:59:27.322832 304183 Coordinator.h:126] commit: 823597 abort: 3795 (0/3795/0), network size: 0, avg network size: 0, si_in_serializable: 0 0 %, local: 0 %
I0312 08:59:28.322963 304183 Coordinator.h:126] commit: 819562 abort: 3734 (0/3734/0), network size: 0, avg network size: 0, si_in_serializable: 0 0 %, local: 0 %
I0312 08:59:29.323096 304183 Coordinator.h:126] commit: 817506 abort: 3742 (0/3742/0), network size: 0, avg network size: 0, si_in_serializable: 0 0 %, local: 0 %
I0312 08:59:30.323230 304183 Coordinator.h:126] commit: 811471 abort: 3633 (0/3633/0), network size: 0, avg network size: 0, si_in_serializable: 0 0 %, local: 0 %
I0312 08:59:31.323374 304183 Coordinator.h:126] commit: 817561 abort: 3687 (0/3687/0), network size: 0, avg network size: 0, si_in_serializable: 0 0 %, local: 0 %
I0312 08:59:32.323516 304183 Coordinator.h:126] commit: 758371 abort: 3485 (0/3485/0), network size: 0, avg network size: 0, si_in_serializable: 0 0 %, local: 0 %
I0312 08:59:33.323650 304183 Coordinator.h:126] commit: 819644 abort: 3652 (0/3652/0), network size: 0, avg network size: 0, si_in_serializable: 0 0 %, local: 0 %
I0312 08:59:34.323836 304183 Coordinator.h:126] commit: 818622 abort: 3650 (0/3650/0), network size: 0, avg network size: 0, si_in_serializable: 0 0 %, local: 0 %
I0312 08:59:35.324002 304183 Coordinator.h:126] commit: 817403 abort: 3675 (0/3675/0), network size: 0, avg network size: 0, si_in_serializable: 0 0 %, local: 0 %
I0312 08:59:36.324133 304183 Coordinator.h:126] commit: 815607 abort: 3761 (0/3761/0), network size: 0, avg network size: 0, si_in_serializable: 0 0 %, local: 0 %
I0312 08:59:37.324272 304183 Coordinator.h:126] commit: 814453 abort: 3723 (0/3723/0), network size: 0, avg network size: 0, si_in_serializable: 0 0 %, local: 0 %
I0312 08:59:38.324433 304183 Coordinator.h:126] commit: 814445 abort: 3794 (0/3794/0), network size: 0, avg network size: 0, si_in_serializable: 0 0 %, local: 0 %
I0312 08:59:39.324560 304183 Coordinator.h:126] commit: 816416 abort: 3742 (0/3742/0), network size: 0, avg network size: 0, si_in_serializable: 0 0 %, local: 0 %
I0312 08:59:40.324685 304183 Coordinator.h:126] commit: 815418 abort: 3782 (0/3782/0), network size: 0, avg network size: 0, si_in_serializable: 0 0 %, local: 0 %
I0312 08:59:41.324808 304183 Coordinator.h:126] commit: 815511 abort: 3689 (0/3689/0), network size: 0, avg network size: 0, si_in_serializable: 0 0 %, local: 0 %
I0312 08:59:41.324852 304183 Coordinator.h:152] average commit: 811934 abort: 3681.4 (0/3681.4/0), network size: 0, avg network size: 0, si_in_serializable: 0 0 %, local: 0 %
I0312 08:59:41.326047 304205 AriaExecutor.h:94] AriaExecutor 1 exits. 
I0312 08:59:41.326066 304213 AriaExecutor.h:94] AriaExecutor 9 exits. 
I0312 08:59:41.326047 304209 AriaExecutor.h:94] AriaExecutor 5 exits. 
I0312 08:59:41.326047 304208 AriaExecutor.h:94] AriaExecutor 4 exits. 
I0312 08:59:41.326062 304212 AriaExecutor.h:94] AriaExecutor 8 exits. 
I0312 08:59:41.326063 304211 AriaExecutor.h:94] AriaExecutor 7 exits. 
I0312 08:59:41.326063 304210 AriaExecutor.h:94] AriaExecutor 6 exits. 
I0312 08:59:41.326063 304214 AriaExecutor.h:94] AriaExecutor 10 exits. 
I0312 08:59:41.326064 304206 AriaExecutor.h:94] AriaExecutor 2 exits. 
I0312 08:59:41.326062 304207 AriaExecutor.h:94] AriaExecutor 3 exits. 
I0312 08:59:41.326064 304204 AriaExecutor.h:94] AriaExecutor 0 exits. 
I0312 08:59:41.326066 304215 AriaExecutor.h:94] AriaExecutor 11 exits. 
I0312 08:59:41.326053 304216 Manager.h:227] Manager(worker id = 12) on the coordinator node exits.
I0312 08:59:41.324903 304183 AriaExecutor.h:535] Worker 0 latency: 818 us (50%) 1019 us (75%) 1181 us (95%) 1239 us (99%).
I0312 08:59:41.407603 304183 AriaExecutor.h:535] Worker 1 latency: 820 us (50%) 1020 us (75%) 1181 us (95%) 1239 us (99%).
I0312 08:59:41.479828 304183 AriaExecutor.h:535] Worker 2 latency: 821 us (50%) 1021 us (75%) 1182 us (95%) 1239 us (99%).
I0312 08:59:41.552749 304183 AriaExecutor.h:535] Worker 3 latency: 819 us (50%) 1020 us (75%) 1181 us (95%) 1239 us (99%).
I0312 08:59:41.622988 304183 AriaExecutor.h:535] Worker 4 latency: 822 us (50%) 1021 us (75%) 1181 us (95%) 1239 us (99%).
I0312 08:59:41.693084 304183 AriaExecutor.h:535] Worker 5 latency: 823 us (50%) 1022 us (75%) 1181 us (95%) 1239 us (99%).
I0312 08:59:41.762229 304183 AriaExecutor.h:535] Worker 6 latency: 822 us (50%) 1021 us (75%) 1181 us (95%) 1239 us (99%).
I0312 08:59:41.833055 304183 AriaExecutor.h:535] Worker 7 latency: 824 us (50%) 1022 us (75%) 1182 us (95%) 1240 us (99%).
I0312 08:59:41.902679 304183 AriaExecutor.h:535] Worker 8 latency: 826 us (50%) 1023 us (75%) 1182 us (95%) 1240 us (99%).
I0312 08:59:41.972395 304183 AriaExecutor.h:535] Worker 9 latency: 823 us (50%) 1021 us (75%) 1182 us (95%) 1239 us (99%).
I0312 08:59:42.041960 304183 AriaExecutor.h:535] Worker 10 latency: 827 us (50%) 1024 us (75%) 1182 us (95%) 1240 us (99%).
I0312 08:59:42.111598 304183 AriaExecutor.h:535] Worker 11 latency: 825 us (50%) 1022 us (75%) 1182 us (95%) 1239 us (99%).
I0312 08:59:42.184466 304183 Coordinator.h:177] total commit: 811934
I0312 08:59:43.184669 304183 Coordinator.h:192] Coordinator exits.
=== current_aria_p12_t12_k40000_rw80_ops10_bs2048_zipf_0.0 ===
I0312 08:59:43.502529 305054 Database.h:65] ycsb initialization finished in 126 milliseconds.
I0312 08:59:43.502743 305054 Coordinator.h:30] Coordinator initializes 12 workers.
I0312 08:59:43.565724 305054 Coordinator.h:77] Coordinator starts to run 13 workers.
I0312 08:59:43.565821 305070 AriaExecutor.h:82] AriaExecutor 0 started. 
I0312 08:59:43.565874 305071 AriaExecutor.h:82] AriaExecutor 1 started. 
I0312 08:59:43.565986 305072 AriaExecutor.h:82] AriaExecutor 2 started. 
I0312 08:59:43.566048 305073 AriaExecutor.h:82] AriaExecutor 3 started. 
I0312 08:59:43.566116 305074 AriaExecutor.h:82] AriaExecutor 4 started. 
I0312 08:59:43.566212 305075 AriaExecutor.h:82] AriaExecutor 5 started. 
I0312 08:59:43.566251 305076 AriaExecutor.h:82] AriaExecutor 6 started. 
I0312 08:59:43.566350 305077 AriaExecutor.h:82] AriaExecutor 7 started. 
I0312 08:59:43.566404 305078 AriaExecutor.h:82] AriaExecutor 8 started. 
I0312 08:59:43.566493 305079 AriaExecutor.h:82] AriaExecutor 9 started. 
I0312 08:59:43.566619 305080 AriaExecutor.h:82] AriaExecutor 10 started. 
I0312 08:59:43.566720 305081 AriaExecutor.h:82] AriaExecutor 11 started. 
I0312 08:59:43.566841 305082 Manager.h:224] Manager(worker id = 12) on the coordinator node started.
I0312 08:59:44.566836 305054 Coordinator.h:126] commit: 728095 abort: 7137 (0/7137/0), network size: 0, avg network size: 0, si_in_serializable: 0 0 %, local: 0 %
I0312 08:59:45.566983 305054 Coordinator.h:126] commit: 760745 abort: 7255 (0/7255/0), network size: 0, avg network size: 0, si_in_serializable: 0 0 %, local: 0 %
I0312 08:59:46.567173 305054 Coordinator.h:126] commit: 799186 abort: 7726 (0/7726/0), network size: 0, avg network size: 0, si_in_serializable: 0 0 %, local: 0 %
I0312 08:59:47.567309 305054 Coordinator.h:126] commit: 799267 abort: 7645 (0/7645/0), network size: 0, avg network size: 0, si_in_serializable: 0 0 %, local: 0 %
I0312 08:59:48.567428 305054 Coordinator.h:126] commit: 797108 abort: 7756 (0/7756/0), network size: 0, avg network size: 0, si_in_serializable: 0 0 %, local: 0 %
I0312 08:59:49.567540 305054 Coordinator.h:126] commit: 799148 abort: 7764 (0/7764/0), network size: 0, avg network size: 0, si_in_serializable: 0 0 %, local: 0 %
I0312 08:59:50.567658 305054 Coordinator.h:126] commit: 803409 abort: 7599 (0/7599/0), network size: 0, avg network size: 0, si_in_serializable: 0 0 %, local: 0 %
I0312 08:59:51.567840 305054 Coordinator.h:126] commit: 797126 abort: 7738 (0/7738/0), network size: 0, avg network size: 0, si_in_serializable: 0 0 %, local: 0 %
I0312 08:59:52.567981 305054 Coordinator.h:126] commit: 797258 abort: 7606 (0/7606/0), network size: 0, avg network size: 0, si_in_serializable: 0 0 %, local: 0 %
I0312 08:59:53.568096 305054 Coordinator.h:126] commit: 807397 abort: 7707 (0/7707/0), network size: 0, avg network size: 0, si_in_serializable: 0 0 %, local: 0 %
I0312 08:59:54.568213 305054 Coordinator.h:126] commit: 801314 abort: 7646 (0/7646/0), network size: 0, avg network size: 0, si_in_serializable: 0 0 %, local: 0 %
I0312 08:59:55.568353 305054 Coordinator.h:126] commit: 797143 abort: 7721 (0/7721/0), network size: 0, avg network size: 0, si_in_serializable: 0 0 %, local: 0 %
I0312 08:59:56.568475 305054 Coordinator.h:126] commit: 805281 abort: 7775 (0/7775/0), network size: 0, avg network size: 0, si_in_serializable: 0 0 %, local: 0 %
I0312 08:59:57.568593 305054 Coordinator.h:126] commit: 803240 abort: 7768 (0/7768/0), network size: 0, avg network size: 0, si_in_serializable: 0 0 %, local: 0 %
I0312 08:59:58.568710 305054 Coordinator.h:126] commit: 801226 abort: 7734 (0/7734/0), network size: 0, avg network size: 0, si_in_serializable: 0 0 %, local: 0 %
I0312 08:59:59.568831 305054 Coordinator.h:126] commit: 758566 abort: 7386 (0/7386/0), network size: 0, avg network size: 0, si_in_serializable: 0 0 %, local: 0 %
I0312 09:00:00.568946 305054 Coordinator.h:126] commit: 801307 abort: 7653 (0/7653/0), network size: 0, avg network size: 0, si_in_serializable: 0 0 %, local: 0 %
I0312 09:00:01.569126 305054 Coordinator.h:126] commit: 803246 abort: 7762 (0/7762/0), network size: 0, avg network size: 0, si_in_serializable: 0 0 %, local: 0 %
I0312 09:00:02.569260 305054 Coordinator.h:126] commit: 805132 abort: 7924 (0/7924/0), network size: 0, avg network size: 0, si_in_serializable: 0 0 %, local: 0 %
I0312 09:00:03.569375 305054 Coordinator.h:126] commit: 807376 abort: 7728 (0/7728/0), network size: 0, avg network size: 0, si_in_serializable: 0 0 %, local: 0 %
I0312 09:00:04.569494 305054 Coordinator.h:126] commit: 807284 abort: 7820 (0/7820/0), network size: 0, avg network size: 0, si_in_serializable: 0 0 %, local: 0 %
I0312 09:00:05.569619 305054 Coordinator.h:126] commit: 803282 abort: 7726 (0/7726/0), network size: 0, avg network size: 0, si_in_serializable: 0 0 %, local: 0 %
I0312 09:00:06.569738 305054 Coordinator.h:126] commit: 799101 abort: 7811 (0/7811/0), network size: 0, avg network size: 0, si_in_serializable: 0 0 %, local: 0 %
I0312 09:00:07.569857 305054 Coordinator.h:126] commit: 801187 abort: 7773 (0/7773/0), network size: 0, avg network size: 0, si_in_serializable: 0 0 %, local: 0 %
I0312 09:00:08.569976 305054 Coordinator.h:126] commit: 807311 abort: 7793 (0/7793/0), network size: 0, avg network size: 0, si_in_serializable: 0 0 %, local: 0 %
I0312 09:00:08.570014 305054 Coordinator.h:152] average commit: 798383 abort: 7709.7 (0/7709.7/0), network size: 0, avg network size: 0, si_in_serializable: 0 0 %, local: 0 %
I0312 09:00:08.571676 305070 AriaExecutor.h:94] AriaExecutor 0 exits. 
I0312 09:00:08.571676 305073 AriaExecutor.h:94] AriaExecutor 3 exits. 
I0312 09:00:08.571694 305074 AriaExecutor.h:94] AriaExecutor 4 exits. 
I0312 09:00:08.571692 305072 AriaExecutor.h:94] AriaExecutor 2 exits. 
I0312 09:00:08.571676 305075 AriaExecutor.h:94] AriaExecutor 5 exits. 
I0312 09:00:08.571676 305078 AriaExecutor.h:94] AriaExecutor 8 exits. 
I0312 09:00:08.571676 305077 AriaExecutor.h:94] AriaExecutor 7 exits. 
I0312 09:00:08.571689 305071 AriaExecutor.h:94] AriaExecutor 1 exits. 
I0312 09:00:08.571691 305081 AriaExecutor.h:94] AriaExecutor 11 exits. 
I0312 09:00:08.571676 305079 AriaExecutor.h:94] AriaExecutor 9 exits. 
I0312 09:00:08.571676 305076 AriaExecutor.h:94] AriaExecutor 6 exits. 
I0312 09:00:08.571691 305080 AriaExecutor.h:94] AriaExecutor 10 exits. 
I0312 09:00:08.571695 305082 Manager.h:227] Manager(worker id = 12) on the coordinator node exits.
I0312 09:00:08.570060 305054 AriaExecutor.h:535] Worker 0 latency: 1657 us (50%) 2062 us (75%) 2385 us (95%) 2504 us (99%).
I0312 09:00:08.652947 305054 AriaExecutor.h:535] Worker 1 latency: 1662 us (50%) 2064 us (75%) 2385 us (95%) 2504 us (99%).
I0312 09:00:08.722827 305054 AriaExecutor.h:535] Worker 2 latency: 1660 us (50%) 2064 us (75%) 2385 us (95%) 2505 us (99%).
I0312 09:00:08.793081 305054 AriaExecutor.h:535] Worker 3 latency: 1662 us (50%) 2064 us (75%) 2385 us (95%) 2504 us (99%).
I0312 09:00:08.862578 305054 AriaExecutor.h:535] Worker 4 latency: 1657 us (50%) 2062 us (75%) 2385 us (95%) 2504 us (99%).
I0312 09:00:08.934201 305054 AriaExecutor.h:535] Worker 5 latency: 1655 us (50%) 2061 us (75%) 2384 us (95%) 2504 us (99%).
I0312 09:00:09.003772 305054 AriaExecutor.h:535] Worker 6 latency: 1658 us (50%) 2062 us (75%) 2385 us (95%) 2505 us (99%).
I0312 09:00:09.073462 305054 AriaExecutor.h:535] Worker 7 latency: 1659 us (50%) 2063 us (75%) 2385 us (95%) 2504 us (99%).
I0312 09:00:09.143270 305054 AriaExecutor.h:535] Worker 8 latency: 1666 us (50%) 2066 us (75%) 2386 us (95%) 2504 us (99%).
I0312 09:00:09.212544 305054 AriaExecutor.h:535] Worker 9 latency: 1661 us (50%) 2063 us (75%) 2385 us (95%) 2503 us (99%).
I0312 09:00:09.281888 305054 AriaExecutor.h:535] Worker 10 latency: 1666 us (50%) 2066 us (75%) 2385 us (95%) 2504 us (99%).
I0312 09:00:09.351737 305054 AriaExecutor.h:535] Worker 11 latency: 1660 us (50%) 2063 us (75%) 2385 us (95%) 2504 us (99%).
I0312 09:00:09.421664 305054 Coordinator.h:177] total commit: 798383
I0312 09:00:10.421872 305054 Coordinator.h:192] Coordinator exits.
=== current_aria_p12_t12_k40000_rw80_ops10_bs4096_zipf_0.0 ===
I0312 09:00:10.692587 305109 Database.h:65] ycsb initialization finished in 96 milliseconds.
I0312 09:00:10.692728 305109 Coordinator.h:30] Coordinator initializes 12 workers.
I0312 09:00:10.793473 305109 Coordinator.h:77] Coordinator starts to run 13 workers.
I0312 09:00:10.793579 305125 AriaExecutor.h:82] AriaExecutor 0 started. 
I0312 09:00:10.793648 305126 AriaExecutor.h:82] AriaExecutor 1 started. 
I0312 09:00:10.793733 305127 AriaExecutor.h:82] AriaExecutor 2 started. 
I0312 09:00:10.793807 305128 AriaExecutor.h:82] AriaExecutor 3 started. 
I0312 09:00:10.793874 305129 AriaExecutor.h:82] AriaExecutor 4 started. 
I0312 09:00:10.793951 305130 AriaExecutor.h:82] AriaExecutor 5 started. 
I0312 09:00:10.794015 305131 AriaExecutor.h:82] AriaExecutor 6 started. 
I0312 09:00:10.794090 305132 AriaExecutor.h:82] AriaExecutor 7 started. 
I0312 09:00:10.794183 305133 AriaExecutor.h:82] AriaExecutor 8 started. 
I0312 09:00:10.794291 305134 AriaExecutor.h:82] AriaExecutor 9 started. 
I0312 09:00:10.794366 305135 AriaExecutor.h:82] AriaExecutor 10 started. 
I0312 09:00:10.794442 305136 AriaExecutor.h:82] AriaExecutor 11 started. 
I0312 09:00:10.794523 305137 Manager.h:224] Manager(worker id = 12) on the coordinator node started.
I0312 09:00:11.794567 305109 Coordinator.h:126] commit: 641853 abort: 13507 (0/13507/0), network size: 0, avg network size: 0, si_in_serializable: 0 0 %, local: 0 %
I0312 09:00:12.794716 305109 Coordinator.h:126] commit: 697611 abort: 15093 (0/15093/0), network size: 0, avg network size: 0, si_in_serializable: 0 0 %, local: 0 %
I0312 09:00:13.794902 305109 Coordinator.h:126] commit: 738000 abort: 15664 (0/15664/0), network size: 0, avg network size: 0, si_in_serializable: 0 0 %, local: 0 %
I0312 09:00:14.795058 305109 Coordinator.h:126] commit: 745229 abort: 16119 (0/16119/0), network size: 0, avg network size: 0, si_in_serializable: 0 0 %, local: 0 %
I0312 09:00:15.795197 305109 Coordinator.h:126] commit: 734311 abort: 15759 (0/15759/0), network size: 0, avg network size: 0, si_in_serializable: 0 0 %, local: 0 %
I0312 09:00:16.795336 305109 Coordinator.h:126] commit: 745766 abort: 16090 (0/16090/0), network size: 0, avg network size: 0, si_in_serializable: 0 0 %, local: 0 %
I0312 09:00:17.795456 305109 Coordinator.h:126] commit: 745716 abort: 16140 (0/16140/0), network size: 0, avg network size: 0, si_in_serializable: 0 0 %, local: 0 %
I0312 09:00:18.795639 305109 Coordinator.h:126] commit: 737769 abort: 15895 (0/15895/0), network size: 0, avg network size: 0, si_in_serializable: 0 0 %, local: 0 %
I0312 09:00:19.795775 305109 Coordinator.h:126] commit: 729895 abort: 15577 (0/15577/0), network size: 0, avg network size: 0, si_in_serializable: 0 0 %, local: 0 %
I0312 09:00:20.795894 305109 Coordinator.h:126] commit: 745844 abort: 16012 (0/16012/0), network size: 0, avg network size: 0, si_in_serializable: 0 0 %, local: 0 %
I0312 09:00:21.796011 305109 Coordinator.h:126] commit: 745710 abort: 16146 (0/16146/0), network size: 0, avg network size: 0, si_in_serializable: 0 0 %, local: 0 %
I0312 09:00:22.796134 305109 Coordinator.h:126] commit: 745943 abort: 15913 (0/15913/0), network size: 0, avg network size: 0, si_in_serializable: 0 0 %, local: 0 %
I0312 09:00:23.796260 305109 Coordinator.h:126] commit: 745838 abort: 16018 (0/16018/0), network size: 0, avg network size: 0, si_in_serializable: 0 0 %, local: 0 %
I0312 09:00:24.796379 305109 Coordinator.h:126] commit: 741673 abort: 16087 (0/16087/0), network size: 0, avg network size: 0, si_in_serializable: 0 0 %, local: 0 %
I0312 09:00:25.796501 305109 Coordinator.h:126] commit: 741939 abort: 15821 (0/15821/0), network size: 0, avg network size: 0, si_in_serializable: 0 0 %, local: 0 %
I0312 09:00:26.796680 305109 Coordinator.h:126] commit: 745820 abort: 16036 (0/16036/0), network size: 0, avg network size: 0, si_in_serializable: 0 0 %, local: 0 %
I0312 09:00:27.796820 305109 Coordinator.h:126] commit: 741854 abort: 15906 (0/15906/0), network size: 0, avg network size: 0, si_in_serializable: 0 0 %, local: 0 %
I0312 09:00:28.796936 305109 Coordinator.h:126] commit: 705796 abort: 15100 (0/15100/0), network size: 0, avg network size: 0, si_in_serializable: 0 0 %, local: 0 %
I0312 09:00:29.797050 305109 Coordinator.h:126] commit: 741643 abort: 16117 (0/16117/0), network size: 0, avg network size: 0, si_in_serializable: 0 0 %, local: 0 %
I0312 09:00:30.797168 305109 Coordinator.h:126] commit: 741933 abort: 15827 (0/15827/0), network size: 0, avg network size: 0, si_in_serializable: 0 0 %, local: 0 %
I0312 09:00:31.797288 305109 Coordinator.h:126] commit: 749989 abort: 15963 (0/15963/0), network size: 0, avg network size: 0, si_in_serializable: 0 0 %, local: 0 %
I0312 09:00:32.797412 305109 Coordinator.h:126] commit: 745740 abort: 16116 (0/16116/0), network size: 0, avg network size: 0, si_in_serializable: 0 0 %, local: 0 %
I0312 09:00:33.797528 305109 Coordinator.h:126] commit: 745823 abort: 16033 (0/16033/0), network size: 0, avg network size: 0, si_in_serializable: 0 0 %, local: 0 %
I0312 09:00:34.797652 305109 Coordinator.h:126] commit: 745909 abort: 15947 (0/15947/0), network size: 0, avg network size: 0, si_in_serializable: 0 0 %, local: 0 %
I0312 09:00:35.797780 305109 Coordinator.h:126] commit: 745763 abort: 16093 (0/16093/0), network size: 0, avg network size: 0, si_in_serializable: 0 0 %, local: 0 %
I0312 09:00:35.797827 305109 Coordinator.h:152] average commit: 739815 abort: 15897.1 (0/15897.1/0), network size: 0, avg network size: 0, si_in_serializable: 0 0 %, local: 0 %
I0312 09:00:35.798638 305130 AriaExecutor.h:94] AriaExecutor 5 exits. 
I0312 09:00:35.798660 305137 Manager.h:227] Manager(worker id = 12) on the coordinator node exits.
I0312 09:00:35.798638 305133 AriaExecutor.h:94] AriaExecutor 8 exits. 
I0312 09:00:35.798638 305129 AriaExecutor.h:94] AriaExecutor 4 exits. 
I0312 09:00:35.798640 305136 AriaExecutor.h:94] AriaExecutor 11 exits. 
I0312 09:00:35.798638 305127 AriaExecutor.h:94] AriaExecutor 2 exits. 
I0312 09:00:35.798656 305135 AriaExecutor.h:94] AriaExecutor 10 exits. 
I0312 09:00:35.798659 305126 AriaExecutor.h:94] AriaExecutor 1 exits. 
I0312 09:00:35.798656 305128 AriaExecutor.h:94] AriaExecutor 3 exits. 
I0312 09:00:35.798640 305125 AriaExecutor.h:94] AriaExecutor 0 exits. 
I0312 09:00:35.798640 305134 AriaExecutor.h:94] AriaExecutor 9 exits. 
I0312 09:00:35.798640 305131 AriaExecutor.h:94] AriaExecutor 6 exits. 
I0312 09:00:35.798643 305132 AriaExecutor.h:94] AriaExecutor 7 exits. 
I0312 09:00:35.797871 305109 AriaExecutor.h:535] Worker 0 latency: 3575 us (50%) 4400 us (75%) 5066 us (95%) 5293 us (99%).
I0312 09:00:35.879204 305109 AriaExecutor.h:535] Worker 1 latency: 3586 us (50%) 4405 us (75%) 5066 us (95%) 5290 us (99%).
I0312 09:00:35.946624 305109 AriaExecutor.h:535] Worker 2 latency: 3582 us (50%) 4403 us (75%) 5066 us (95%) 5291 us (99%).
I0312 09:00:36.014531 305109 AriaExecutor.h:535] Worker 3 latency: 3593 us (50%) 4409 us (75%) 5069 us (95%) 5295 us (99%).
I0312 09:00:36.082180 305109 AriaExecutor.h:535] Worker 4 latency: 3562 us (50%) 4391 us (75%) 5063 us (95%) 5289 us (99%).
I0312 09:00:36.150018 305109 AriaExecutor.h:535] Worker 5 latency: 3566 us (50%) 4394 us (75%) 5064 us (95%) 5289 us (99%).
I0312 09:00:36.218993 305109 AriaExecutor.h:535] Worker 6 latency: 3571 us (50%) 4397 us (75%) 5064 us (95%) 5289 us (99%).
I0312 09:00:36.287282 305109 AriaExecutor.h:535] Worker 7 latency: 3583 us (50%) 4403 us (75%) 5066 us (95%) 5291 us (99%).
I0312 09:00:36.354064 305109 AriaExecutor.h:535] Worker 8 latency: 3592 us (50%) 4408 us (75%) 5068 us (95%) 5290 us (99%).
I0312 09:00:36.421056 305109 AriaExecutor.h:535] Worker 9 latency: 3586 us (50%) 4406 us (75%) 5067 us (95%) 5290 us (99%).
I0312 09:00:36.488234 305109 AriaExecutor.h:535] Worker 10 latency: 3591 us (50%) 4408 us (75%) 5067 us (95%) 5291 us (99%).
I0312 09:00:36.554677 305109 AriaExecutor.h:535] Worker 11 latency: 3585 us (50%) 4405 us (75%) 5066 us (95%) 5289 us (99%).
I0312 09:00:36.621982 305109 Coordinator.h:177] total commit: 739815
I0312 09:00:37.622212 305109 Coordinator.h:192] Coordinator exits.
=== current_aria_p12_t12_k40000_rw80_ops100_bs1024_zipf_0.0 ===
I0312 09:00:37.898063 305313 Database.h:65] ycsb initialization finished in 100 milliseconds.
I0312 09:00:37.898301 305313 Coordinator.h:30] Coordinator initializes 12 workers.
I0312 09:00:37.937026 305313 Coordinator.h:77] Coordinator starts to run 13 workers.
I0312 09:00:37.937119 305332 AriaExecutor.h:82] AriaExecutor 0 started. 
I0312 09:00:37.937170 305333 AriaExecutor.h:82] AriaExecutor 1 started. 
I0312 09:00:37.937283 305334 AriaExecutor.h:82] AriaExecutor 2 started. 
I0312 09:00:37.937410 305335 AriaExecutor.h:82] AriaExecutor 3 started. 
I0312 09:00:37.937510 305336 AriaExecutor.h:82] AriaExecutor 4 started. 
I0312 09:00:37.937635 305337 AriaExecutor.h:82] AriaExecutor 5 started. 
I0312 09:00:37.937762 305338 AriaExecutor.h:82] AriaExecutor 6 started. 
I0312 09:00:37.937786 305339 AriaExecutor.h:82] AriaExecutor 7 started. 
I0312 09:00:37.937898 305340 AriaExecutor.h:82] AriaExecutor 8 started. 
I0312 09:00:37.937922 305341 AriaExecutor.h:82] AriaExecutor 9 started. 
I0312 09:00:37.938031 305342 AriaExecutor.h:82] AriaExecutor 10 started. 
I0312 09:00:37.938134 305343 AriaExecutor.h:82] AriaExecutor 11 started. 
I0312 09:00:37.938251 305344 Manager.h:224] Manager(worker id = 12) on the coordinator node started.
I0312 09:00:38.938259 305313 Coordinator.h:126] commit: 33371 abort: 64933 (0/64933/0), network size: 0, avg network size: 0, si_in_serializable: 0 0 %, local: 0 %
I0312 09:00:39.938417 305313 Coordinator.h:126] commit: 37451 abort: 73141 (0/73141/0), network size: 0, avg network size: 0, si_in_serializable: 0 0 %, local: 0 %
I0312 09:00:40.938609 305313 Coordinator.h:126] commit: 40425 abort: 78359 (0/78359/0), network size: 0, avg network size: 0, si_in_serializable: 0 0 %, local: 0 %
I0312 09:00:41.938762 305313 Coordinator.h:126] commit: 40318 abort: 79490 (0/79490/0), network size: 0, avg network size: 0, si_in_serializable: 0 0 %, local: 0 %
I0312 09:00:42.938882 305313 Coordinator.h:126] commit: 40722 abort: 79086 (0/79086/0), network size: 0, avg network size: 0, si_in_serializable: 0 0 %, local: 0 %
I0312 09:00:43.939023 305313 Coordinator.h:126] commit: 40398 abort: 78386 (0/78386/0), network size: 0, avg network size: 0, si_in_serializable: 0 0 %, local: 0 %
I0312 09:00:44.939149 305313 Coordinator.h:126] commit: 40318 abort: 78466 (0/78466/0), network size: 0, avg network size: 0, si_in_serializable: 0 0 %, local: 0 %
I0312 09:00:45.939349 305313 Coordinator.h:126] commit: 40550 abort: 79258 (0/79258/0), network size: 0, avg network size: 0, si_in_serializable: 0 0 %, local: 0 %
I0312 09:00:46.939507 305313 Coordinator.h:126] commit: 40662 abort: 79146 (0/79146/0), network size: 0, avg network size: 0, si_in_serializable: 0 0 %, local: 0 %
I0312 09:00:47.939636 305313 Coordinator.h:126] commit: 40388 abort: 78396 (0/78396/0), network size: 0, avg network size: 0, si_in_serializable: 0 0 %, local: 0 %
I0312 09:00:48.939759 305313 Coordinator.h:126] commit: 40640 abort: 79168 (0/79168/0), network size: 0, avg network size: 0, si_in_serializable: 0 0 %, local: 0 %
I0312 09:00:49.939883 305313 Coordinator.h:126] commit: 40545 abort: 78239 (0/78239/0), network size: 0, avg network size: 0, si_in_serializable: 0 0 %, local: 0 %
I0312 09:00:50.940013 305313 Coordinator.h:126] commit: 40853 abort: 78955 (0/78955/0), network size: 0, avg network size: 0, si_in_serializable: 0 0 %, local: 0 %
I0312 09:00:51.940126 305313 Coordinator.h:126] commit: 40521 abort: 79287 (0/79287/0), network size: 0, avg network size: 0, si_in_serializable: 0 0 %, local: 0 %
I0312 09:00:52.940234 305313 Coordinator.h:126] commit: 40404 abort: 78380 (0/78380/0), network size: 0, avg network size: 0, si_in_serializable: 0 0 %, local: 0 %
I0312 09:00:53.940357 305313 Coordinator.h:126] commit: 40892 abort: 78916 (0/78916/0), network size: 0, avg network size: 0, si_in_serializable: 0 0 %, local: 0 %
I0312 09:00:54.940472 305313 Coordinator.h:126] commit: 40465 abort: 78319 (0/78319/0), network size: 0, avg network size: 0, si_in_serializable: 0 0 %, local: 0 %
I0312 09:00:55.940598 305313 Coordinator.h:126] commit: 40681 abort: 79127 (0/79127/0), network size: 0, avg network size: 0, si_in_serializable: 0 0 %, local: 0 %
I0312 09:00:56.940775 305313 Coordinator.h:126] commit: 40047 abort: 78737 (0/78737/0), network size: 0, avg network size: 0, si_in_serializable: 0 0 %, local: 0 %
I0312 09:00:57.940920 305313 Coordinator.h:126] commit: 40238 abort: 78546 (0/78546/0), network size: 0, avg network size: 0, si_in_serializable: 0 0 %, local: 0 %
I0312 09:00:58.941043 305313 Coordinator.h:126] commit: 40711 abort: 79097 (0/79097/0), network size: 0, avg network size: 0, si_in_serializable: 0 0 %, local: 0 %
I0312 09:00:59.941157 305313 Coordinator.h:126] commit: 40469 abort: 79339 (0/79339/0), network size: 0, avg network size: 0, si_in_serializable: 0 0 %, local: 0 %
I0312 09:01:00.941268 305313 Coordinator.h:126] commit: 40260 abort: 78524 (0/78524/0), network size: 0, avg network size: 0, si_in_serializable: 0 0 %, local: 0 %
I0312 09:01:01.941385 305313 Coordinator.h:126] commit: 40676 abort: 79132 (0/79132/0), network size: 0, avg network size: 0, si_in_serializable: 0 0 %, local: 0 %
I0312 09:01:02.941500 305313 Coordinator.h:126] commit: 40460 abort: 79348 (0/79348/0), network size: 0, avg network size: 0, si_in_serializable: 0 0 %, local: 0 %
I0312 09:01:02.941535 305313 Coordinator.h:152] average commit: 40528.6 abort: 78767.4 (0/78767.4/0), network size: 0, avg network size: 0, si_in_serializable: 0 0 %, local: 0 %
I0312 09:01:02.946785 305343 AriaExecutor.h:94] AriaExecutor 11 exits. 
I0312 09:01:02.946785 305339 AriaExecutor.h:94] AriaExecutor 7 exits. 
I0312 09:01:02.946785 305336 AriaExecutor.h:94] AriaExecutor 4 exits. 
I0312 09:01:02.946796 305334 AriaExecutor.h:94] AriaExecutor 2 exits. 
I0312 09:01:02.946806 305344 Manager.h:227] Manager(worker id = 12) on the coordinator node exits.
I0312 09:01:02.946785 305333 AriaExecutor.h:94] AriaExecutor 1 exits. 
I0312 09:01:02.946797 305332 AriaExecutor.h:94] AriaExecutor 0 exits. 
I0312 09:01:02.946785 305341 AriaExecutor.h:94] AriaExecutor 9 exits. 
I0312 09:01:02.946797 305335 AriaExecutor.h:94] AriaExecutor 3 exits. 
I0312 09:01:02.946798 305342 AriaExecutor.h:94] AriaExecutor 10 exits. 
I0312 09:01:02.946798 305340 AriaExecutor.h:94] AriaExecutor 8 exits. 
I0312 09:01:02.946785 305338 AriaExecutor.h:94] AriaExecutor 6 exits. 
I0312 09:01:02.946799 305337 AriaExecutor.h:94] AriaExecutor 5 exits. 
I0312 09:01:02.941579 305313 AriaExecutor.h:535] Worker 0 latency: 7635 us (50%) 8090 us (75%) 8405 us (95%) 9575 us (99%).
I0312 09:01:02.953974 305313 AriaExecutor.h:535] Worker 1 latency: 7646 us (50%) 8094 us (75%) 8403 us (95%) 9589 us (99%).
I0312 09:01:02.961791 305313 AriaExecutor.h:535] Worker 2 latency: 7644 us (50%) 8095 us (75%) 8406 us (95%) 9571 us (99%).
I0312 09:01:02.967756 305313 AriaExecutor.h:535] Worker 3 latency: 7644 us (50%) 8095 us (75%) 8406 us (95%) 9575 us (99%).
I0312 09:01:02.972808 305313 AriaExecutor.h:535] Worker 4 latency: 7644 us (50%) 8093 us (75%) 8402 us (95%) 9584 us (99%).
I0312 09:01:02.977481 305313 AriaExecutor.h:535] Worker 5 latency: 7636 us (50%) 8091 us (75%) 8402 us (95%) 9575 us (99%).
I0312 09:01:02.981817 305313 AriaExecutor.h:535] Worker 6 latency: 7641 us (50%) 8092 us (75%) 8402 us (95%) 9585 us (99%).
I0312 09:01:02.986111 305313 AriaExecutor.h:535] Worker 7 latency: 7647 us (50%) 8093 us (75%) 8402 us (95%) 9579 us (99%).
I0312 09:01:02.990428 305313 AriaExecutor.h:535] Worker 8 latency: 7648 us (50%) 8095 us (75%) 8405 us (95%) 9569 us (99%).
I0312 09:01:02.994697 305313 AriaExecutor.h:535] Worker 9 latency: 7640 us (50%) 8091 us (75%) 8400 us (95%) 9572 us (99%).
I0312 09:01:02.999060 305313 AriaExecutor.h:535] Worker 10 latency: 7648 us (50%) 8093 us (75%) 8401 us (95%) 9578 us (99%).
I0312 09:01:03.003343 305313 AriaExecutor.h:535] Worker 11 latency: 7642 us (50%) 8093 us (75%) 8404 us (95%) 9588 us (99%).
I0312 09:01:03.007695 305313 Coordinator.h:177] total commit: 40528.6
I0312 09:01:04.007879 305313 Coordinator.h:192] Coordinator exits.
=== current_aria_p12_t12_k40000_rw80_ops100_bs2048_zipf_0.0 ===
I0312 09:01:04.259761 305395 Database.h:65] ycsb initialization finished in 98 milliseconds.
I0312 09:01:04.259975 305395 Coordinator.h:30] Coordinator initializes 12 workers.
I0312 09:01:04.323390 305395 Coordinator.h:77] Coordinator starts to run 13 workers.
I0312 09:01:04.323504 305413 AriaExecutor.h:82] AriaExecutor 0 started. 
I0312 09:01:04.323545 305414 AriaExecutor.h:82] AriaExecutor 1 started. 
I0312 09:01:04.323671 305415 AriaExecutor.h:82] AriaExecutor 2 started. 
I0312 09:01:04.323791 305416 AriaExecutor.h:82] AriaExecutor 3 started. 
I0312 09:01:04.323837 305417 AriaExecutor.h:82] AriaExecutor 4 started. 
I0312 09:01:04.323940 305418 AriaExecutor.h:82] AriaExecutor 5 started. 
I0312 09:01:04.324056 305419 AriaExecutor.h:82] AriaExecutor 6 started. 
I0312 09:01:04.324108 305420 AriaExecutor.h:82] AriaExecutor 7 started. 
I0312 09:01:04.324208 305421 AriaExecutor.h:82] AriaExecutor 8 started. 
I0312 09:01:04.324340 305422 AriaExecutor.h:82] AriaExecutor 9 started. 
I0312 09:01:04.324460 305423 AriaExecutor.h:82] AriaExecutor 10 started. 
I0312 09:01:04.324518 305424 AriaExecutor.h:82] AriaExecutor 11 started. 
I0312 09:01:04.324612 305425 Manager.h:224] Manager(worker id = 12) on the coordinator node started.
I0312 09:01:05.324661 305395 Coordinator.h:126] commit: 16452 abort: 77756 (0/77756/0), network size: 0, avg network size: 0, si_in_serializable: 0 0 %, local: 0 %
I0312 09:01:06.324798 305395 Coordinator.h:126] commit: 19353 abort: 91239 (0/91239/0), network size: 0, avg network size: 0, si_in_serializable: 0 0 %, local: 0 %
I0312 09:01:07.324978 305395 Coordinator.h:126] commit: 20275 abort: 96461 (0/96461/0), network size: 0, avg network size: 0, si_in_serializable: 0 0 %, local: 0 %
I0312 09:01:08.325120 305395 Coordinator.h:126] commit: 21091 abort: 99741 (0/99741/0), network size: 0, avg network size: 0, si_in_serializable: 0 0 %, local: 0 %
I0312 09:01:09.325238 305395 Coordinator.h:126] commit: 20629 abort: 98155 (0/98155/0), network size: 0, avg network size: 0, si_in_serializable: 0 0 %, local: 0 %
I0312 09:01:10.325358 305395 Coordinator.h:126] commit: 20237 abort: 96499 (0/96499/0), network size: 0, avg network size: 0, si_in_serializable: 0 0 %, local: 0 %
I0312 09:01:11.325475 305395 Coordinator.h:126] commit: 20821 abort: 100011 (0/100011/0), network size: 0, avg network size: 0, si_in_serializable: 0 0 %, local: 0 %
I0312 09:01:12.325644 305395 Coordinator.h:126] commit: 20676 abort: 98108 (0/98108/0), network size: 0, avg network size: 0, si_in_serializable: 0 0 %, local: 0 %
I0312 09:01:13.325783 305395 Coordinator.h:126] commit: 20827 abort: 97957 (0/97957/0), network size: 0, avg network size: 0, si_in_serializable: 0 0 %, local: 0 %
I0312 09:01:14.325898 305395 Coordinator.h:126] commit: 20560 abort: 98224 (0/98224/0), network size: 0, avg network size: 0, si_in_serializable: 0 0 %, local: 0 %
I0312 09:01:15.326020 305395 Coordinator.h:126] commit: 20654 abort: 98130 (0/98130/0), network size: 0, avg network size: 0, si_in_serializable: 0 0 %, local: 0 %
I0312 09:01:16.326133 305395 Coordinator.h:126] commit: 21195 abort: 99637 (0/99637/0), network size: 0, avg network size: 0, si_in_serializable: 0 0 %, local: 0 %
I0312 09:01:17.326249 305395 Coordinator.h:126] commit: 20606 abort: 98178 (0/98178/0), network size: 0, avg network size: 0, si_in_serializable: 0 0 %, local: 0 %
I0312 09:01:18.326363 305395 Coordinator.h:126] commit: 20732 abort: 98052 (0/98052/0), network size: 0, avg network size: 0, si_in_serializable: 0 0 %, local: 0 %
I0312 09:01:19.326472 305395 Coordinator.h:126] commit: 20730 abort: 98054 (0/98054/0), network size: 0, avg network size: 0, si_in_serializable: 0 0 %, local: 0 %
I0312 09:01:20.326586 305395 Coordinator.h:126] commit: 20637 abort: 98147 (0/98147/0), network size: 0, avg network size: 0, si_in_serializable: 0 0 %, local: 0 %
I0312 09:01:21.326704 305395 Coordinator.h:126] commit: 21040 abort: 99792 (0/99792/0), network size: 0, avg network size: 0, si_in_serializable: 0 0 %, local: 0 %
I0312 09:01:22.326829 305395 Coordinator.h:126] commit: 20581 abort: 98203 (0/98203/0), network size: 0, avg network size: 0, si_in_serializable: 0 0 %, local: 0 %
I0312 09:01:23.326946 305395 Coordinator.h:126] commit: 20565 abort: 98219 (0/98219/0), network size: 0, avg network size: 0, si_in_serializable: 0 0 %, local: 0 %
I0312 09:01:24.327073 305395 Coordinator.h:126] commit: 20641 abort: 98143 (0/98143/0), network size: 0, avg network size: 0, si_in_serializable: 0 0 %, local: 0 %
I0312 09:01:25.327215 305395 Coordinator.h:126] commit: 20425 abort: 98359 (0/98359/0), network size: 0, avg network size: 0, si_in_serializable: 0 0 %, local: 0 %
I0312 09:01:26.327345 305395 Coordinator.h:126] commit: 20713 abort: 98071 (0/98071/0), network size: 0, avg network size: 0, si_in_serializable: 0 0 %, local: 0 %
I0312 09:01:27.327522 305395 Coordinator.h:126] commit: 20764 abort: 98020 (0/98020/0), network size: 0, avg network size: 0, si_in_serializable: 0 0 %, local: 0 %
I0312 09:01:28.327659 305395 Coordinator.h:126] commit: 20723 abort: 98061 (0/98061/0), network size: 0, avg network size: 0, si_in_serializable: 0 0 %, local: 0 %
I0312 09:01:29.327780 305395 Coordinator.h:126] commit: 21015 abort: 99817 (0/99817/0), network size: 0, avg network size: 0, si_in_serializable: 0 0 %, local: 0 %
I0312 09:01:29.327823 305395 Coordinator.h:152] average commit: 20738.1 abort: 98455.5 (0/98455.5/0), network size: 0, avg network size: 0, si_in_serializable: 0 0 %, local: 0 %
I0312 09:01:29.327867 305395 AriaExecutor.h:535] Worker 0 latency: 16185 us (50%) 16649 us (75%) 17141 us (95%) 20607 us (99%).
I0312 09:01:29.343779 305416 AriaExecutor.h:94] AriaExecutor 3 exits. 
I0312 09:01:29.343780 305415 AriaExecutor.h:94] AriaExecutor 2 exits. 
I0312 09:01:29.343780 305422 AriaExecutor.h:94] AriaExecutor 9 exits. 
I0312 09:01:29.343788 305421 AriaExecutor.h:94] AriaExecutor 8 exits. 
I0312 09:01:29.343796 305425 Manager.h:227] Manager(worker id = 12) on the coordinator node exits.
I0312 09:01:29.343780 305417 AriaExecutor.h:94] AriaExecutor 4 exits. 
I0312 09:01:29.343788 305424 AriaExecutor.h:94] AriaExecutor 11 exits. 
I0312 09:01:29.343780 305420 AriaExecutor.h:94] AriaExecutor 7 exits. 
I0312 09:01:29.343791 305419 AriaExecutor.h:94] AriaExecutor 6 exits. 
I0312 09:01:29.343791 305418 AriaExecutor.h:94] AriaExecutor 5 exits. 
I0312 09:01:29.343791 305414 AriaExecutor.h:94] AriaExecutor 1 exits. 
I0312 09:01:29.343780 305423 AriaExecutor.h:94] AriaExecutor 10 exits. 
I0312 09:01:29.343779 305413 AriaExecutor.h:94] AriaExecutor 0 exits. 
I0312 09:01:29.344089 305395 AriaExecutor.h:535] Worker 1 latency: 16188 us (50%) 16647 us (75%) 17113 us (95%) 20618 us (99%).
I0312 09:01:29.350399 305395 AriaExecutor.h:535] Worker 2 latency: 16180 us (50%) 16648 us (75%) 17157 us (95%) 20642 us (99%).
I0312 09:01:29.357496 305395 AriaExecutor.h:535] Worker 3 latency: 16189 us (50%) 16647 us (75%) 17094 us (95%) 20617 us (99%).
I0312 09:01:29.362736 305395 AriaExecutor.h:535] Worker 4 latency: 16188 us (50%) 16648 us (75%) 17115 us (95%) 20638 us (99%).
I0312 09:01:29.367214 305395 AriaExecutor.h:535] Worker 5 latency: 16184 us (50%) 16649 us (75%) 17099 us (95%) 20618 us (99%).
I0312 09:01:29.371062 305395 AriaExecutor.h:535] Worker 6 latency: 16184 us (50%) 16646 us (75%) 17101 us (95%) 20610 us (99%).
I0312 09:01:29.373664 305395 AriaExecutor.h:535] Worker 7 latency: 16192 us (50%) 16648 us (75%) 17137 us (95%) 20616 us (99%).
I0312 09:01:29.376247 305395 AriaExecutor.h:535] Worker 8 latency: 16188 us (50%) 16645 us (75%) 17131 us (95%) 20619 us (99%).
I0312 09:01:29.378823 305395 AriaExecutor.h:535] Worker 9 latency: 16189 us (50%) 16649 us (75%) 17134 us (95%) 20628 us (99%).
I0312 09:01:29.381345 305395 AriaExecutor.h:535] Worker 10 latency: 16191 us (50%) 16646 us (75%) 17131 us (95%) 20613 us (99%).
I0312 09:01:29.383584 305395 AriaExecutor.h:535] Worker 11 latency: 16180 us (50%) 16644 us (75%) 17106 us (95%) 20612 us (99%).
I0312 09:01:29.385810 305395 Coordinator.h:177] total commit: 20738.1
I0312 09:01:30.385990 305395 Coordinator.h:192] Coordinator exits.
=== current_aria_p12_t12_k40000_rw80_ops100_bs4096_zipf_0.0 ===
I0312 09:01:30.641268 305456 Database.h:65] ycsb initialization finished in 99 milliseconds.
I0312 09:01:30.641515 305456 Coordinator.h:30] Coordinator initializes 12 workers.
I0312 09:01:30.750516 305456 Coordinator.h:77] Coordinator starts to run 13 workers.
I0312 09:01:30.750613 305472 AriaExecutor.h:82] AriaExecutor 0 started. 
I0312 09:01:30.750663 305473 AriaExecutor.h:82] AriaExecutor 1 started. 
I0312 09:01:30.750779 305474 AriaExecutor.h:82] AriaExecutor 2 started. 
I0312 09:01:30.750908 305475 AriaExecutor.h:82] AriaExecutor 3 started. 
I0312 09:01:30.750947 305476 AriaExecutor.h:82] AriaExecutor 4 started. 
I0312 09:01:30.751046 305477 AriaExecutor.h:82] AriaExecutor 5 started. 
I0312 09:01:30.751101 305478 AriaExecutor.h:82] AriaExecutor 6 started. 
I0312 09:01:30.751188 305479 AriaExecutor.h:82] AriaExecutor 7 started. 
I0312 09:01:30.751248 305480 AriaExecutor.h:82] AriaExecutor 8 started. 
I0312 09:01:30.751338 305481 AriaExecutor.h:82] AriaExecutor 9 started. 
I0312 09:01:30.751456 305482 AriaExecutor.h:82] AriaExecutor 10 started. 
I0312 09:01:30.751577 305483 AriaExecutor.h:82] AriaExecutor 11 started. 
I0312 09:01:30.751706 305484 Manager.h:224] Manager(worker id = 12) on the coordinator node started.
I0312 09:01:31.751729 305456 Coordinator.h:126] commit: 8246 abort: 85962 (0/85962/0), network size: 0, avg network size: 0, si_in_serializable: 0 0 %, local: 0 %
I0312 09:01:32.751883 305456 Coordinator.h:126] commit: 10019 abort: 104669 (0/104669/0), network size: 0, avg network size: 0, si_in_serializable: 0 0 %, local: 0 %
I0312 09:01:33.752064 305456 Coordinator.h:126] commit: 10636 abort: 112244 (0/112244/0), network size: 0, avg network size: 0, si_in_serializable: 0 0 %, local: 0 %
I0312 09:01:34.752207 305456 Coordinator.h:126] commit: 10299 abort: 108485 (0/108485/0), network size: 0, avg network size: 0, si_in_serializable: 0 0 %, local: 0 %
I0312 09:01:35.752357 305456 Coordinator.h:126] commit: 10716 abort: 112164 (0/112164/0), network size: 0, avg network size: 0, si_in_serializable: 0 0 %, local: 0 %
I0312 09:01:36.752492 305456 Coordinator.h:126] commit: 10659 abort: 112221 (0/112221/0), network size: 0, avg network size: 0, si_in_serializable: 0 0 %, local: 0 %
I0312 09:01:37.752632 305456 Coordinator.h:126] commit: 10460 abort: 108324 (0/108324/0), network size: 0, avg network size: 0, si_in_serializable: 0 0 %, local: 0 %
I0312 09:01:38.752839 305456 Coordinator.h:126] commit: 10689 abort: 112191 (0/112191/0), network size: 0, avg network size: 0, si_in_serializable: 0 0 %, local: 0 %
I0312 09:01:39.752997 305456 Coordinator.h:126] commit: 10847 abort: 112033 (0/112033/0), network size: 0, avg network size: 0, si_in_serializable: 0 0 %, local: 0 %
I0312 09:01:40.753123 305456 Coordinator.h:126] commit: 10271 abort: 108513 (0/108513/0), network size: 0, avg network size: 0, si_in_serializable: 0 0 %, local: 0 %
I0312 09:01:41.753247 305456 Coordinator.h:126] commit: 10784 abort: 112096 (0/112096/0), network size: 0, avg network size: 0, si_in_serializable: 0 0 %, local: 0 %
I0312 09:01:42.753369 305456 Coordinator.h:126] commit: 10790 abort: 112090 (0/112090/0), network size: 0, avg network size: 0, si_in_serializable: 0 0 %, local: 0 %
I0312 09:01:43.753490 305456 Coordinator.h:126] commit: 10660 abort: 112220 (0/112220/0), network size: 0, avg network size: 0, si_in_serializable: 0 0 %, local: 0 %
I0312 09:01:44.753624 305456 Coordinator.h:126] commit: 10361 abort: 108423 (0/108423/0), network size: 0, avg network size: 0, si_in_serializable: 0 0 %, local: 0 %
I0312 09:01:45.753750 305456 Coordinator.h:126] commit: 10757 abort: 112123 (0/112123/0), network size: 0, avg network size: 0, si_in_serializable: 0 0 %, local: 0 %
I0312 09:01:46.753875 305456 Coordinator.h:126] commit: 10706 abort: 112174 (0/112174/0), network size: 0, avg network size: 0, si_in_serializable: 0 0 %, local: 0 %
I0312 09:01:47.753993 305456 Coordinator.h:126] commit: 10688 abort: 112192 (0/112192/0), network size: 0, avg network size: 0, si_in_serializable: 0 0 %, local: 0 %
I0312 09:01:48.754113 305456 Coordinator.h:126] commit: 10344 abort: 108440 (0/108440/0), network size: 0, avg network size: 0, si_in_serializable: 0 0 %, local: 0 %
I0312 09:01:49.754241 305456 Coordinator.h:126] commit: 10673 abort: 112207 (0/112207/0), network size: 0, avg network size: 0, si_in_serializable: 0 0 %, local: 0 %
I0312 09:01:50.754362 305456 Coordinator.h:126] commit: 10752 abort: 112128 (0/112128/0), network size: 0, avg network size: 0, si_in_serializable: 0 0 %, local: 0 %
I0312 09:01:51.754482 305456 Coordinator.h:126] commit: 10323 abort: 108461 (0/108461/0), network size: 0, avg network size: 0, si_in_serializable: 0 0 %, local: 0 %
I0312 09:01:52.754598 305456 Coordinator.h:126] commit: 10781 abort: 112099 (0/112099/0), network size: 0, avg network size: 0, si_in_serializable: 0 0 %, local: 0 %
I0312 09:01:53.754796 305456 Coordinator.h:126] commit: 10749 abort: 112131 (0/112131/0), network size: 0, avg network size: 0, si_in_serializable: 0 0 %, local: 0 %
I0312 09:01:54.754948 305456 Coordinator.h:126] commit: 10356 abort: 108428 (0/108428/0), network size: 0, avg network size: 0, si_in_serializable: 0 0 %, local: 0 %
I0312 09:01:55.755074 305456 Coordinator.h:126] commit: 10730 abort: 112150 (0/112150/0), network size: 0, avg network size: 0, si_in_serializable: 0 0 %, local: 0 %
I0312 09:01:55.755113 305456 Coordinator.h:152] average commit: 10651.5 abort: 111409 (0/111409/0), network size: 0, avg network size: 0, si_in_serializable: 0 0 %, local: 0 %
I0312 09:01:55.755156 305456 AriaExecutor.h:535] Worker 0 latency: 32633 us (50%) 33090 us (75%) 34223 us (95%) 40680 us (99%).
I0312 09:01:55.764961 305478 AriaExecutor.h:94] AriaExecutor 6 exits. 
I0312 09:01:55.764961 305472 AriaExecutor.h:94] AriaExecutor 0 exits. 
I0312 09:01:55.764961 305473 AriaExecutor.h:94] AriaExecutor 1 exits. 
I0312 09:01:55.764961 305481 AriaExecutor.h:94] AriaExecutor 9 exits. 
I0312 09:01:55.764964 305482 AriaExecutor.h:94] AriaExecutor 10 exits. 
I0312 09:01:55.764967 305479 AriaExecutor.h:94] AriaExecutor 7 exits. 
I0312 09:01:55.764961 305476 AriaExecutor.h:94] AriaExecutor 4 exits. 
I0312 09:01:55.764966 305477 AriaExecutor.h:94] AriaExecutor 5 exits. 
I0312 09:01:55.764969 305484 Manager.h:227] Manager(worker id = 12) on the coordinator node exits.
I0312 09:01:55.764964 305483 AriaExecutor.h:94] AriaExecutor 11 exits. 
I0312 09:01:55.764966 305475 AriaExecutor.h:94] AriaExecutor 3 exits. 
I0312 09:01:55.764976 305474 AriaExecutor.h:94] AriaExecutor 2 exits. 
I0312 09:01:55.764961 305480 AriaExecutor.h:94] AriaExecutor 8 exits. 
I0312 09:01:55.765239 305456 AriaExecutor.h:535] Worker 1 latency: 32641 us (50%) 33085 us (75%) 34211 us (95%) 40662 us (99%).
I0312 09:01:55.768422 305456 AriaExecutor.h:535] Worker 2 latency: 32638 us (50%) 33090 us (75%) 34274 us (95%) 40720 us (99%).
I0312 09:01:55.772022 305456 AriaExecutor.h:535] Worker 3 latency: 32638 us (50%) 33083 us (75%) 34234 us (95%) 40661 us (99%).
I0312 09:01:55.775228 305456 AriaExecutor.h:535] Worker 4 latency: 32636 us (50%) 33085 us (75%) 34221 us (95%) 40705 us (99%).
I0312 09:01:55.778491 305456 AriaExecutor.h:535] Worker 5 latency: 32635 us (50%) 33090 us (75%) 34219 us (95%) 40670 us (99%).
I0312 09:01:55.781180 305456 AriaExecutor.h:535] Worker 6 latency: 32627 us (50%) 33085 us (75%) 34224 us (95%) 40696 us (99%).
I0312 09:01:55.783164 305456 AriaExecutor.h:535] Worker 7 latency: 32625 us (50%) 33078 us (75%) 34218 us (95%) 40697 us (99%).
I0312 09:01:55.785169 305456 AriaExecutor.h:535] Worker 8 latency: 32631 us (50%) 33082 us (75%) 34224 us (95%) 40721 us (99%).
I0312 09:01:55.787125 305456 AriaExecutor.h:535] Worker 9 latency: 32639 us (50%) 33086 us (75%) 34197 us (95%) 40681 us (99%).
I0312 09:01:55.789094 305456 AriaExecutor.h:535] Worker 10 latency: 32637 us (50%) 33086 us (75%) 34226 us (95%) 40684 us (99%).
I0312 09:01:55.791061 305456 AriaExecutor.h:535] Worker 11 latency: 32641 us (50%) 33086 us (75%) 34164 us (95%) 40682 us (99%).
I0312 09:01:55.792404 305456 Coordinator.h:177] total commit: 10651.5
I0312 09:01:56.792590 305456 Coordinator.h:192] Coordinator exits.
=== current_aria_p12_t12_k40000_rw50_ops10_bs1024_zipf_0.2 ===
I0312 09:01:57.076261 305679 Database.h:65] ycsb initialization finished in 101 milliseconds.
I0312 09:01:57.076480 305679 Coordinator.h:30] Coordinator initializes 12 workers.
I0312 09:01:57.115664 305679 Coordinator.h:77] Coordinator starts to run 13 workers.
I0312 09:01:57.115746 305696 AriaExecutor.h:82] AriaExecutor 0 started. 
I0312 09:01:57.115797 305697 AriaExecutor.h:82] AriaExecutor 1 started. 
I0312 09:01:57.115902 305698 AriaExecutor.h:82] AriaExecutor 2 started. 
I0312 09:01:57.116026 305699 AriaExecutor.h:82] AriaExecutor 3 started. 
I0312 09:01:57.116057 305700 AriaExecutor.h:82] AriaExecutor 4 started. 
I0312 09:01:57.116160 305701 AriaExecutor.h:82] AriaExecutor 5 started. 
I0312 09:01:57.116197 305702 AriaExecutor.h:82] AriaExecutor 6 started. 
I0312 09:01:57.116326 305703 AriaExecutor.h:82] AriaExecutor 7 started. 
I0312 09:01:57.116348 305704 AriaExecutor.h:82] AriaExecutor 8 started. 
I0312 09:01:57.116457 305705 AriaExecutor.h:82] AriaExecutor 9 started. 
I0312 09:01:57.116571 305706 AriaExecutor.h:82] AriaExecutor 10 started. 
I0312 09:01:57.116686 305707 AriaExecutor.h:82] AriaExecutor 11 started. 
I0312 09:01:57.116806 305708 Manager.h:224] Manager(worker id = 12) on the coordinator node started.
I0312 09:01:58.116827 305679 Coordinator.h:126] commit: 374148 abort: 10876 (0/10876/0), network size: 0, avg network size: 0, si_in_serializable: 0 0 %, local: 0 %
I0312 09:01:59.116971 305679 Coordinator.h:126] commit: 391833 abort: 11623 (0/11623/0), network size: 0, avg network size: 0, si_in_serializable: 0 0 %, local: 0 %
I0312 09:02:00.117153 305679 Coordinator.h:126] commit: 400746 abort: 11926 (0/11926/0), network size: 0, avg network size: 0, si_in_serializable: 0 0 %, local: 0 %
I0312 09:02:01.117286 305679 Coordinator.h:126] commit: 404658 abort: 12110 (0/12110/0), network size: 0, avg network size: 0, si_in_serializable: 0 0 %, local: 0 %
I0312 09:02:02.117400 305679 Coordinator.h:126] commit: 402828 abort: 11892 (0/11892/0), network size: 0, avg network size: 0, si_in_serializable: 0 0 %, local: 0 %
I0312 09:02:03.117512 305679 Coordinator.h:126] commit: 401725 abort: 11971 (0/11971/0), network size: 0, avg network size: 0, si_in_serializable: 0 0 %, local: 0 %
I0312 09:02:04.117620 305679 Coordinator.h:126] commit: 403850 abort: 11894 (0/11894/0), network size: 0, avg network size: 0, si_in_serializable: 0 0 %, local: 0 %
I0312 09:02:05.117789 305679 Coordinator.h:126] commit: 397704 abort: 11896 (0/11896/0), network size: 0, avg network size: 0, si_in_serializable: 0 0 %, local: 0 %
I0312 09:02:06.117928 305679 Coordinator.h:126] commit: 403916 abort: 11828 (0/11828/0), network size: 0, avg network size: 0, si_in_serializable: 0 0 %, local: 0 %
I0312 09:02:07.118045 305679 Coordinator.h:126] commit: 403841 abort: 11903 (0/11903/0), network size: 0, avg network size: 0, si_in_serializable: 0 0 %, local: 0 %
I0312 09:02:08.118162 305679 Coordinator.h:126] commit: 404859 abort: 11909 (0/11909/0), network size: 0, avg network size: 0, si_in_serializable: 0 0 %, local: 0 %
I0312 09:02:09.118273 305679 Coordinator.h:126] commit: 404714 abort: 12054 (0/12054/0), network size: 0, avg network size: 0, si_in_serializable: 0 0 %, local: 0 %
I0312 09:02:10.118386 305679 Coordinator.h:126] commit: 402727 abort: 11993 (0/11993/0), network size: 0, avg network size: 0, si_in_serializable: 0 0 %, local: 0 %
I0312 09:02:11.118496 305679 Coordinator.h:126] commit: 404849 abort: 11919 (0/11919/0), network size: 0, avg network size: 0, si_in_serializable: 0 0 %, local: 0 %
I0312 09:02:12.118665 305679 Coordinator.h:126] commit: 403753 abort: 11991 (0/11991/0), network size: 0, avg network size: 0, si_in_serializable: 0 0 %, local: 0 %
I0312 09:02:13.118800 305679 Coordinator.h:126] commit: 390005 abort: 11403 (0/11403/0), network size: 0, avg network size: 0, si_in_serializable: 0 0 %, local: 0 %
I0312 09:02:14.118913 305679 Coordinator.h:126] commit: 403897 abort: 11847 (0/11847/0), network size: 0, avg network size: 0, si_in_serializable: 0 0 %, local: 0 %
I0312 09:02:15.119029 305679 Coordinator.h:126] commit: 403652 abort: 12092 (0/12092/0), network size: 0, avg network size: 0, si_in_serializable: 0 0 %, local: 0 %
I0312 09:02:16.119158 305679 Coordinator.h:126] commit: 404810 abort: 11958 (0/11958/0), network size: 0, avg network size: 0, si_in_serializable: 0 0 %, local: 0 %
I0312 09:02:17.119292 305679 Coordinator.h:126] commit: 403839 abort: 11905 (0/11905/0), network size: 0, avg network size: 0, si_in_serializable: 0 0 %, local: 0 %
I0312 09:02:18.119410 305679 Coordinator.h:126] commit: 404593 abort: 12175 (0/12175/0), network size: 0, avg network size: 0, si_in_serializable: 0 0 %, local: 0 %
I0312 09:02:19.119519 305679 Coordinator.h:126] commit: 404908 abort: 11860 (0/11860/0), network size: 0, avg network size: 0, si_in_serializable: 0 0 %, local: 0 %
I0312 09:02:20.119627 305679 Coordinator.h:126] commit: 403954 abort: 11790 (0/11790/0), network size: 0, avg network size: 0, si_in_serializable: 0 0 %, local: 0 %
I0312 09:02:21.119735 305679 Coordinator.h:126] commit: 404746 abort: 12022 (0/12022/0), network size: 0, avg network size: 0, si_in_serializable: 0 0 %, local: 0 %
I0312 09:02:22.119846 305679 Coordinator.h:126] commit: 404700 abort: 12068 (0/12068/0), network size: 0, avg network size: 0, si_in_serializable: 0 0 %, local: 0 %
I0312 09:02:22.119881 305679 Coordinator.h:152] average commit: 402710 abort: 11907.1 (0/11907.1/0), network size: 0, avg network size: 0, si_in_serializable: 0 0 %, local: 0 %
I0312 09:02:22.122308 305703 AriaExecutor.h:94] AriaExecutor 7 exits. 
I0312 09:02:22.122331 305708 Manager.h:227] Manager(worker id = 12) on the coordinator node exits.
I0312 09:02:22.122321 305706 AriaExecutor.h:94] AriaExecutor 10 exits. 
I0312 09:02:22.122308 305699 AriaExecutor.h:94] AriaExecutor 3 exits. 
I0312 09:02:22.122308 305702 AriaExecutor.h:94] AriaExecutor 6 exits. 
I0312 09:02:22.122308 305696 AriaExecutor.h:94] AriaExecutor 0 exits. 
I0312 09:02:22.122323 305707 AriaExecutor.h:94] AriaExecutor 11 exits. 
I0312 09:02:22.122323 305701 AriaExecutor.h:94] AriaExecutor 5 exits. 
I0312 09:02:22.122308 305697 AriaExecutor.h:94] AriaExecutor 1 exits. 
I0312 09:02:22.122326 305700 AriaExecutor.h:94] AriaExecutor 4 exits. 
I0312 09:02:22.122308 305704 AriaExecutor.h:94] AriaExecutor 8 exits. 
I0312 09:02:22.122308 305698 AriaExecutor.h:94] AriaExecutor 2 exits. 
I0312 09:02:22.122326 305705 AriaExecutor.h:94] AriaExecutor 9 exits. 
I0312 09:02:22.119926 305679 AriaExecutor.h:535] Worker 0 latency: 1642 us (50%) 2032 us (75%) 2340 us (95%) 2407 us (99%).
I0312 09:02:22.172525 305679 AriaExecutor.h:535] Worker 1 latency: 1645 us (50%) 2033 us (75%) 2340 us (95%) 2407 us (99%).
I0312 09:02:22.209663 305679 AriaExecutor.h:535] Worker 2 latency: 1644 us (50%) 2033 us (75%) 2340 us (95%) 2407 us (99%).
I0312 09:02:22.247150 305679 AriaExecutor.h:535] Worker 3 latency: 1644 us (50%) 2033 us (75%) 2340 us (95%) 2406 us (99%).
I0312 09:02:22.284794 305679 AriaExecutor.h:535] Worker 4 latency: 1652 us (50%) 2036 us (75%) 2340 us (95%) 2406 us (99%).
I0312 09:02:22.321302 305679 AriaExecutor.h:535] Worker 5 latency: 1649 us (50%) 2035 us (75%) 2340 us (95%) 2406 us (99%).
I0312 09:02:22.359112 305679 AriaExecutor.h:535] Worker 6 latency: 1651 us (50%) 2036 us (75%) 2340 us (95%) 2407 us (99%).
I0312 09:02:22.396379 305679 AriaExecutor.h:535] Worker 7 latency: 1651 us (50%) 2036 us (75%) 2340 us (95%) 2406 us (99%).
I0312 09:02:22.433717 305679 AriaExecutor.h:535] Worker 8 latency: 1653 us (50%) 2037 us (75%) 2340 us (95%) 2407 us (99%).
I0312 09:02:22.471148 305679 AriaExecutor.h:535] Worker 9 latency: 1651 us (50%) 2036 us (75%) 2340 us (95%) 2406 us (99%).
I0312 09:02:22.508639 305679 AriaExecutor.h:535] Worker 10 latency: 1653 us (50%) 2037 us (75%) 2340 us (95%) 2406 us (99%).
I0312 09:02:22.545703 305679 AriaExecutor.h:535] Worker 11 latency: 1651 us (50%) 2036 us (75%) 2340 us (95%) 2406 us (99%).
I0312 09:02:22.583264 305679 Coordinator.h:177] total commit: 402710
I0312 09:02:23.583463 305679 Coordinator.h:192] Coordinator exits.
=== current_aria_p12_t12_k40000_rw50_ops10_bs2048_zipf_0.2 ===
I0312 09:02:23.864611 305743 Database.h:65] ycsb initialization finished in 98 milliseconds.
I0312 09:02:23.864822 305743 Coordinator.h:30] Coordinator initializes 12 workers.
I0312 09:02:23.927003 305743 Coordinator.h:77] Coordinator starts to run 13 workers.
I0312 09:02:23.927096 305759 AriaExecutor.h:82] AriaExecutor 0 started. 
I0312 09:02:23.927125 305760 AriaExecutor.h:82] AriaExecutor 1 started. 
I0312 09:02:23.927254 305761 AriaExecutor.h:82] AriaExecutor 2 started. 
I0312 09:02:23.927310 305762 AriaExecutor.h:82] AriaExecutor 3 started. 
I0312 09:02:23.927395 305763 AriaExecutor.h:82] AriaExecutor 4 started. 
I0312 09:02:23.927449 305764 AriaExecutor.h:82] AriaExecutor 5 started. 
I0312 09:02:23.927531 305765 AriaExecutor.h:82] AriaExecutor 6 started. 
I0312 09:02:23.927639 305766 AriaExecutor.h:82] AriaExecutor 7 started. 
I0312 09:02:23.927683 305767 AriaExecutor.h:82] AriaExecutor 8 started. 
I0312 09:02:23.927771 305768 AriaExecutor.h:82] AriaExecutor 9 started. 
I0312 09:02:23.927872 305769 AriaExecutor.h:82] AriaExecutor 10 started. 
I0312 09:02:23.927974 305770 AriaExecutor.h:82] AriaExecutor 11 started. 
I0312 09:02:23.928071 305771 Manager.h:224] Manager(worker id = 12) on the coordinator node started.
I0312 09:02:24.928121 305743 Coordinator.h:126] commit: 351596 abort: 21480 (0/21480/0), network size: 0, avg network size: 0, si_in_serializable: 0 0 %, local: 0 %
I0312 09:02:25.928267 305743 Coordinator.h:126] commit: 370315 abort: 22560 (0/22560/0), network size: 0, avg network size: 0, si_in_serializable: 0 0 %, local: 0 %
I0312 09:02:26.928447 305743 Coordinator.h:126] commit: 380164 abort: 23292 (0/23292/0), network size: 0, avg network size: 0, si_in_serializable: 0 0 %, local: 0 %
I0312 09:02:27.928586 305743 Coordinator.h:126] commit: 384077 abort: 23475 (0/23475/0), network size: 0, avg network size: 0, si_in_serializable: 0 0 %, local: 0 %
I0312 09:02:28.928706 305743 Coordinator.h:126] commit: 379965 abort: 23491 (0/23491/0), network size: 0, avg network size: 0, si_in_serializable: 0 0 %, local: 0 %
I0312 09:02:29.928818 305743 Coordinator.h:126] commit: 382243 abort: 23261 (0/23261/0), network size: 0, avg network size: 0, si_in_serializable: 0 0 %, local: 0 %
I0312 09:02:30.928931 305743 Coordinator.h:126] commit: 384039 abort: 23513 (0/23513/0), network size: 0, avg network size: 0, si_in_serializable: 0 0 %, local: 0 %
I0312 09:02:31.929107 305743 Coordinator.h:126] commit: 381783 abort: 23721 (0/23721/0), network size: 0, avg network size: 0, si_in_serializable: 0 0 %, local: 0 %
I0312 09:02:32.929239 305743 Coordinator.h:126] commit: 378308 abort: 23100 (0/23100/0), network size: 0, avg network size: 0, si_in_serializable: 0 0 %, local: 0 %
I0312 09:02:33.929350 305743 Coordinator.h:126] commit: 381940 abort: 23564 (0/23564/0), network size: 0, avg network size: 0, si_in_serializable: 0 0 %, local: 0 %
I0312 09:02:34.929471 305743 Coordinator.h:126] commit: 383810 abort: 23742 (0/23742/0), network size: 0, avg network size: 0, si_in_serializable: 0 0 %, local: 0 %
I0312 09:02:35.929605 305743 Coordinator.h:126] commit: 382064 abort: 23440 (0/23440/0), network size: 0, avg network size: 0, si_in_serializable: 0 0 %, local: 0 %
I0312 09:02:36.929735 305743 Coordinator.h:126] commit: 382160 abort: 23344 (0/23344/0), network size: 0, avg network size: 0, si_in_serializable: 0 0 %, local: 0 %
I0312 09:02:37.929932 305743 Coordinator.h:126] commit: 382080 abort: 23424 (0/23424/0), network size: 0, avg network size: 0, si_in_serializable: 0 0 %, local: 0 %
I0312 09:02:38.930099 305743 Coordinator.h:126] commit: 383764 abort: 23788 (0/23788/0), network size: 0, avg network size: 0, si_in_serializable: 0 0 %, local: 0 %
I0312 09:02:39.930236 305743 Coordinator.h:126] commit: 381818 abort: 23686 (0/23686/0), network size: 0, avg network size: 0, si_in_serializable: 0 0 %, local: 0 %
I0312 09:02:40.930371 305743 Coordinator.h:126] commit: 372419 abort: 22845 (0/22845/0), network size: 0, avg network size: 0, si_in_serializable: 0 0 %, local: 0 %
I0312 09:02:41.930496 305743 Coordinator.h:126] commit: 384030 abort: 23522 (0/23522/0), network size: 0, avg network size: 0, si_in_serializable: 0 0 %, local: 0 %
I0312 09:02:42.930612 305743 Coordinator.h:126] commit: 382093 abort: 23411 (0/23411/0), network size: 0, avg network size: 0, si_in_serializable: 0 0 %, local: 0 %
I0312 09:02:43.930724 305743 Coordinator.h:126] commit: 384304 abort: 23248 (0/23248/0), network size: 0, avg network size: 0, si_in_serializable: 0 0 %, local: 0 %
I0312 09:02:44.930838 305743 Coordinator.h:126] commit: 382142 abort: 23362 (0/23362/0), network size: 0, avg network size: 0, si_in_serializable: 0 0 %, local: 0 %
I0312 09:02:45.930962 305743 Coordinator.h:126] commit: 383917 abort: 23635 (0/23635/0), network size: 0, avg network size: 0, si_in_serializable: 0 0 %, local: 0 %
I0312 09:02:46.931082 305743 Coordinator.h:126] commit: 382141 abort: 23363 (0/23363/0), network size: 0, avg network size: 0, si_in_serializable: 0 0 %, local: 0 %
I0312 09:02:47.931200 305743 Coordinator.h:126] commit: 384018 abort: 23534 (0/23534/0), network size: 0, avg network size: 0, si_in_serializable: 0 0 %, local: 0 %
I0312 09:02:48.931317 305743 Coordinator.h:126] commit: 381941 abort: 23563 (0/23563/0), network size: 0, avg network size: 0, si_in_serializable: 0 0 %, local: 0 %
I0312 09:02:48.931356 305743 Coordinator.h:152] average commit: 381854 abort: 23445 (0/23445/0), network size: 0, avg network size: 0, si_in_serializable: 0 0 %, local: 0 %
I0312 09:02:48.932080 305759 AriaExecutor.h:94] AriaExecutor 0 exits. 
I0312 09:02:48.932094 305764 AriaExecutor.h:94] AriaExecutor 5 exits. 
I0312 09:02:48.932080 305763 AriaExecutor.h:94] AriaExecutor 4 exits. 
I0312 09:02:48.932080 305766 AriaExecutor.h:94] AriaExecutor 7 exits. 
I0312 09:02:48.932080 305761 AriaExecutor.h:94] AriaExecutor 2 exits. 
I0312 09:02:48.932080 305765 AriaExecutor.h:94] AriaExecutor 6 exits. 
I0312 09:02:48.932080 305768 AriaExecutor.h:94] AriaExecutor 9 exits. 
I0312 09:02:48.932080 305770 AriaExecutor.h:94] AriaExecutor 11 exits. 
I0312 09:02:48.932096 305769 AriaExecutor.h:94] AriaExecutor 10 exits. 
I0312 09:02:48.932096 305760 AriaExecutor.h:94] AriaExecutor 1 exits. 
I0312 09:02:48.932097 305767 AriaExecutor.h:94] AriaExecutor 8 exits. 
I0312 09:02:48.932097 305762 AriaExecutor.h:94] AriaExecutor 3 exits. 
I0312 09:02:48.932107 305771 Manager.h:227] Manager(worker id = 12) on the coordinator node exits.
I0312 09:02:48.931399 305743 AriaExecutor.h:535] Worker 0 latency: 3401 us (50%) 4174 us (75%) 4772 us (95%) 4901 us (99%).
I0312 09:02:48.981626 305743 AriaExecutor.h:535] Worker 1 latency: 3407 us (50%) 4176 us (75%) 4772 us (95%) 4900 us (99%).
I0312 09:02:49.017571 305743 AriaExecutor.h:535] Worker 2 latency: 3408 us (50%) 4178 us (75%) 4773 us (95%) 4902 us (99%).
I0312 09:02:49.053877 305743 AriaExecutor.h:535] Worker 3 latency: 3407 us (50%) 4177 us (75%) 4773 us (95%) 4901 us (99%).
I0312 09:02:49.090487 305743 AriaExecutor.h:535] Worker 4 latency: 3405 us (50%) 4176 us (75%) 4772 us (95%) 4901 us (99%).
I0312 09:02:49.127107 305743 AriaExecutor.h:535] Worker 5 latency: 3401 us (50%) 4174 us (75%) 4772 us (95%) 4901 us (99%).
I0312 09:02:49.163342 305743 AriaExecutor.h:535] Worker 6 latency: 3402 us (50%) 4174 us (75%) 4771 us (95%) 4899 us (99%).
I0312 09:02:49.200235 305743 AriaExecutor.h:535] Worker 7 latency: 3409 us (50%) 4178 us (75%) 4774 us (95%) 4902 us (99%).
I0312 09:02:49.237171 305743 AriaExecutor.h:535] Worker 8 latency: 3414 us (50%) 4180 us (75%) 4773 us (95%) 4900 us (99%).
I0312 09:02:49.272531 305743 AriaExecutor.h:535] Worker 9 latency: 3412 us (50%) 4179 us (75%) 4772 us (95%) 4899 us (99%).
I0312 09:02:49.308094 305743 AriaExecutor.h:535] Worker 10 latency: 3417 us (50%) 4181 us (75%) 4772 us (95%) 4900 us (99%).
I0312 09:02:49.343827 305743 AriaExecutor.h:535] Worker 11 latency: 3410 us (50%) 4178 us (75%) 4772 us (95%) 4901 us (99%).
I0312 09:02:49.379905 305743 Coordinator.h:177] total commit: 381854
I0312 09:02:50.380108 305743 Coordinator.h:192] Coordinator exits.
=== current_aria_p12_t12_k40000_rw50_ops10_bs4096_zipf_0.2 ===
I0312 09:02:50.676640 305970 Database.h:65] ycsb initialization finished in 98 milliseconds.
I0312 09:02:50.676877 305970 Coordinator.h:30] Coordinator initializes 12 workers.
I0312 09:02:50.787456 305970 Coordinator.h:77] Coordinator starts to run 13 workers.
I0312 09:02:50.787549 305986 AriaExecutor.h:82] AriaExecutor 0 started. 
I0312 09:02:50.787581 305987 AriaExecutor.h:82] AriaExecutor 1 started. 
I0312 09:02:50.787708 305988 AriaExecutor.h:82] AriaExecutor 2 started. 
I0312 09:02:50.787762 305989 AriaExecutor.h:82] AriaExecutor 3 started. 
I0312 09:02:50.787844 305990 AriaExecutor.h:82] AriaExecutor 4 started. 
I0312 09:02:50.787889 305991 AriaExecutor.h:82] AriaExecutor 5 started. 
I0312 09:02:50.787979 305992 AriaExecutor.h:82] AriaExecutor 6 started. 
I0312 09:02:50.788079 305993 AriaExecutor.h:82] AriaExecutor 7 started. 
I0312 09:02:50.788182 305994 AriaExecutor.h:82] AriaExecutor 8 started. 
I0312 09:02:50.788326 305995 AriaExecutor.h:82] AriaExecutor 9 started. 
I0312 09:02:50.788365 305996 AriaExecutor.h:82] AriaExecutor 10 started. 
I0312 09:02:50.788465 305997 AriaExecutor.h:82] AriaExecutor 11 started. 
I0312 09:02:50.788516 305998 Manager.h:224] Manager(worker id = 12) on the coordinator node started.
I0312 09:02:51.788564 305970 Coordinator.h:126] commit: 307695 abort: 40465 (0/40465/0), network size: 0, avg network size: 0, si_in_serializable: 0 0 %, local: 0 %
I0312 09:02:52.788724 305970 Coordinator.h:126] commit: 329661 abort: 43075 (0/43075/0), network size: 0, avg network size: 0, si_in_serializable: 0 0 %, local: 0 %
I0312 09:02:53.788919 305970 Coordinator.h:126] commit: 340409 abort: 44628 (0/44628/0), network size: 0, avg network size: 0, si_in_serializable: 0 0 %, local: 0 %
I0312 09:02:54.789062 305970 Coordinator.h:126] commit: 347586 abort: 45617 (0/45617/0), network size: 0, avg network size: 0, si_in_serializable: 0 0 %, local: 0 %
I0312 09:02:55.789192 305970 Coordinator.h:126] commit: 344108 abort: 45012 (0/45012/0), network size: 0, avg network size: 0, si_in_serializable: 0 0 %, local: 0 %
I0312 09:02:56.789319 305970 Coordinator.h:126] commit: 344119 abort: 45001 (0/45001/0), network size: 0, avg network size: 0, si_in_serializable: 0 0 %, local: 0 %
I0312 09:02:57.789438 305970 Coordinator.h:126] commit: 344407 abort: 44713 (0/44713/0), network size: 0, avg network size: 0, si_in_serializable: 0 0 %, local: 0 %
I0312 09:02:58.789625 305970 Coordinator.h:126] commit: 343424 abort: 45696 (0/45696/0), network size: 0, avg network size: 0, si_in_serializable: 0 0 %, local: 0 %
I0312 09:02:59.789757 305970 Coordinator.h:126] commit: 344105 abort: 45015 (0/45015/0), network size: 0, avg network size: 0, si_in_serializable: 0 0 %, local: 0 %
I0312 09:03:00.789870 305970 Coordinator.h:126] commit: 340423 abort: 44601 (0/44601/0), network size: 0, avg network size: 0, si_in_serializable: 0 0 %, local: 0 %
I0312 09:03:01.789984 305970 Coordinator.h:126] commit: 344158 abort: 44962 (0/44962/0), network size: 0, avg network size: 0, si_in_serializable: 0 0 %, local: 0 %
I0312 09:03:02.790097 305970 Coordinator.h:126] commit: 344085 abort: 45035 (0/45035/0), network size: 0, avg network size: 0, si_in_serializable: 0 0 %, local: 0 %
I0312 09:03:03.790206 305970 Coordinator.h:126] commit: 347666 abort: 45550 (0/45550/0), network size: 0, avg network size: 0, si_in_serializable: 0 0 %, local: 0 %
I0312 09:03:04.790323 305970 Coordinator.h:126] commit: 344179 abort: 44941 (0/44941/0), network size: 0, avg network size: 0, si_in_serializable: 0 0 %, local: 0 %
I0312 09:03:05.790445 305970 Coordinator.h:126] commit: 344001 abort: 45119 (0/45119/0), network size: 0, avg network size: 0, si_in_serializable: 0 0 %, local: 0 %
I0312 09:03:06.790555 305970 Coordinator.h:126] commit: 344044 abort: 45076 (0/45076/0), network size: 0, avg network size: 0, si_in_serializable: 0 0 %, local: 0 %
I0312 09:03:07.790732 305970 Coordinator.h:126] commit: 344039 abort: 45081 (0/45081/0), network size: 0, avg network size: 0, si_in_serializable: 0 0 %, local: 0 %
I0312 09:03:08.790884 305970 Coordinator.h:126] commit: 343838 abort: 45282 (0/45282/0), network size: 0, avg network size: 0, si_in_serializable: 0 0 %, local: 0 %
I0312 09:03:09.791002 305970 Coordinator.h:126] commit: 333669 abort: 43163 (0/43163/0), network size: 0, avg network size: 0, si_in_serializable: 0 0 %, local: 0 %
I0312 09:03:10.791117 305970 Coordinator.h:126] commit: 343781 abort: 45339 (0/45339/0), network size: 0, avg network size: 0, si_in_serializable: 0 0 %, local: 0 %
I0312 09:03:11.791231 305970 Coordinator.h:126] commit: 343938 abort: 45182 (0/45182/0), network size: 0, avg network size: 0, si_in_serializable: 0 0 %, local: 0 %
I0312 09:03:12.791339 305970 Coordinator.h:126] commit: 344020 abort: 45100 (0/45100/0), network size: 0, avg network size: 0, si_in_serializable: 0 0 %, local: 0 %
I0312 09:03:13.791447 305970 Coordinator.h:126] commit: 347771 abort: 45445 (0/45445/0), network size: 0, avg network size: 0, si_in_serializable: 0 0 %, local: 0 %
I0312 09:03:14.791563 305970 Coordinator.h:126] commit: 343896 abort: 45224 (0/45224/0), network size: 0, avg network size: 0, si_in_serializable: 0 0 %, local: 0 %
I0312 09:03:15.791687 305970 Coordinator.h:126] commit: 344024 abort: 45096 (0/45096/0), network size: 0, avg network size: 0, si_in_serializable: 0 0 %, local: 0 %
I0312 09:03:15.791723 305970 Coordinator.h:152] average commit: 343346 abort: 44954.8 (0/44954.8/0), network size: 0, avg network size: 0, si_in_serializable: 0 0 %, local: 0 %
I0312 09:03:15.796501 305995 AriaExecutor.h:94] AriaExecutor 9 exits. 
I0312 09:03:15.796501 305988 AriaExecutor.h:94] AriaExecutor 2 exits. 
I0312 09:03:15.796526 305998 Manager.h:227] Manager(worker id = 12) on the coordinator node exits.
I0312 09:03:15.796501 305990 AriaExecutor.h:94] AriaExecutor 4 exits. 
I0312 09:03:15.796518 305997 AriaExecutor.h:94] AriaExecutor 11 exits. 
I0312 09:03:15.796520 305993 AriaExecutor.h:94] AriaExecutor 7 exits. 
I0312 09:03:15.796520 305991 AriaExecutor.h:94] AriaExecutor 5 exits. 
I0312 09:03:15.796521 305992 AriaExecutor.h:94] AriaExecutor 6 exits. 
I0312 09:03:15.796522 305996 AriaExecutor.h:94] AriaExecutor 10 exits. 
I0312 09:03:15.796501 305987 AriaExecutor.h:94] AriaExecutor 1 exits. 
I0312 09:03:15.796520 305994 AriaExecutor.h:94] AriaExecutor 8 exits. 
I0312 09:03:15.796521 305986 AriaExecutor.h:94] AriaExecutor 0 exits. 
I0312 09:03:15.796519 305989 AriaExecutor.h:94] AriaExecutor 3 exits. 
I0312 09:03:15.791769 305970 AriaExecutor.h:535] Worker 0 latency: 7252 us (50%) 8758 us (75%) 9889 us (95%) 10164 us (99%).
I0312 09:03:15.838982 305970 AriaExecutor.h:535] Worker 1 latency: 7253 us (50%) 8755 us (75%) 9885 us (95%) 10145 us (99%).
I0312 09:03:15.872047 305970 AriaExecutor.h:535] Worker 2 latency: 7254 us (50%) 8757 us (75%) 9886 us (95%) 10147 us (99%).
I0312 09:03:15.905083 305970 AriaExecutor.h:535] Worker 3 latency: 7250 us (50%) 8753 us (75%) 9884 us (95%) 10139 us (99%).
I0312 09:03:15.938614 305970 AriaExecutor.h:535] Worker 4 latency: 7259 us (50%) 8758 us (75%) 9886 us (95%) 10148 us (99%).
I0312 09:03:15.971987 305970 AriaExecutor.h:535] Worker 5 latency: 7255 us (50%) 8756 us (75%) 9884 us (95%) 10140 us (99%).
I0312 09:03:16.005266 305970 AriaExecutor.h:535] Worker 6 latency: 7261 us (50%) 8758 us (75%) 9887 us (95%) 10148 us (99%).
I0312 09:03:16.038636 305970 AriaExecutor.h:535] Worker 7 latency: 7257 us (50%) 8759 us (75%) 9886 us (95%) 10148 us (99%).
I0312 09:03:16.071292 305970 AriaExecutor.h:535] Worker 8 latency: 7257 us (50%) 8757 us (75%) 9885 us (95%) 10141 us (99%).
I0312 09:03:16.105829 305970 AriaExecutor.h:535] Worker 9 latency: 7259 us (50%) 8759 us (75%) 9886 us (95%) 10147 us (99%).
I0312 09:03:16.139248 305970 AriaExecutor.h:535] Worker 10 latency: 7259 us (50%) 8756 us (75%) 9883 us (95%) 10139 us (99%).
I0312 09:03:16.173007 305970 AriaExecutor.h:535] Worker 11 latency: 7258 us (50%) 8757 us (75%) 9886 us (95%) 10146 us (99%).
I0312 09:03:16.206862 305970 Coordinator.h:177] total commit: 343346
I0312 09:03:17.207067 305970 Coordinator.h:192] Coordinator exits.
=== current_aria_p12_t12_k40000_rw50_ops100_bs1024_zipf_0.2 ===
I0312 09:03:17.507318 306029 Database.h:65] ycsb initialization finished in 98 milliseconds.
I0312 09:03:17.507469 306029 Coordinator.h:30] Coordinator initializes 12 workers.
I0312 09:03:17.539026 306029 Coordinator.h:77] Coordinator starts to run 13 workers.
I0312 09:03:17.539124 306045 AriaExecutor.h:82] AriaExecutor 0 started. 
I0312 09:03:17.539175 306046 AriaExecutor.h:82] AriaExecutor 1 started. 
I0312 09:03:17.539305 306047 AriaExecutor.h:82] AriaExecutor 2 started. 
I0312 09:03:17.539423 306048 AriaExecutor.h:82] AriaExecutor 3 started. 
I0312 09:03:17.539538 306049 AriaExecutor.h:82] AriaExecutor 4 started. 
I0312 09:03:17.539661 306050 AriaExecutor.h:82] AriaExecutor 5 started. 
I0312 09:03:17.539778 306051 AriaExecutor.h:82] AriaExecutor 6 started. 
I0312 09:03:17.539897 306052 AriaExecutor.h:82] AriaExecutor 7 started. 
I0312 09:03:17.540011 306053 AriaExecutor.h:82] AriaExecutor 8 started. 
I0312 09:03:17.540130 306054 AriaExecutor.h:82] AriaExecutor 9 started. 
I0312 09:03:17.540189 306055 AriaExecutor.h:82] AriaExecutor 10 started. 
I0312 09:03:17.540300 306056 AriaExecutor.h:82] AriaExecutor 11 started. 
I0312 09:03:17.540356 306057 Manager.h:224] Manager(worker id = 12) on the coordinator node started.
I0312 09:03:18.540395 306029 Coordinator.h:126] commit: 7149 abort: 53267 (0/53267/0), network size: 0, avg network size: 0, si_in_serializable: 0 0 %, local: 0 %
I0312 09:03:19.540537 306029 Coordinator.h:126] commit: 8073 abort: 59511 (0/59511/0), network size: 0, avg network size: 0, si_in_serializable: 0 0 %, local: 0 %
I0312 09:03:20.540719 306029 Coordinator.h:126] commit: 8543 abort: 64161 (0/64161/0), network size: 0, avg network size: 0, si_in_serializable: 0 0 %, local: 0 %
I0312 09:03:21.540858 306029 Coordinator.h:126] commit: 8600 abort: 63080 (0/63080/0), network size: 0, avg network size: 0, si_in_serializable: 0 0 %, local: 0 %
I0312 09:03:22.540974 306029 Coordinator.h:126] commit: 8611 abort: 64093 (0/64093/0), network size: 0, avg network size: 0, si_in_serializable: 0 0 %, local: 0 %
I0312 09:03:23.541091 306029 Coordinator.h:126] commit: 8580 abort: 63100 (0/63100/0), network size: 0, avg network size: 0, si_in_serializable: 0 0 %, local: 0 %
I0312 09:03:24.541222 306029 Coordinator.h:126] commit: 8683 abort: 64021 (0/64021/0), network size: 0, avg network size: 0, si_in_serializable: 0 0 %, local: 0 %
I0312 09:03:25.541417 306029 Coordinator.h:126] commit: 8442 abort: 63238 (0/63238/0), network size: 0, avg network size: 0, si_in_serializable: 0 0 %, local: 0 %
I0312 09:03:26.541565 306029 Coordinator.h:126] commit: 8578 abort: 64126 (0/64126/0), network size: 0, avg network size: 0, si_in_serializable: 0 0 %, local: 0 %
I0312 09:03:27.541687 306029 Coordinator.h:126] commit: 8652 abort: 64052 (0/64052/0), network size: 0, avg network size: 0, si_in_serializable: 0 0 %, local: 0 %
I0312 09:03:28.541805 306029 Coordinator.h:126] commit: 8633 abort: 63047 (0/63047/0), network size: 0, avg network size: 0, si_in_serializable: 0 0 %, local: 0 %
I0312 09:03:29.541922 306029 Coordinator.h:126] commit: 8700 abort: 64004 (0/64004/0), network size: 0, avg network size: 0, si_in_serializable: 0 0 %, local: 0 %
I0312 09:03:30.542029 306029 Coordinator.h:126] commit: 8636 abort: 64068 (0/64068/0), network size: 0, avg network size: 0, si_in_serializable: 0 0 %, local: 0 %
I0312 09:03:31.542152 306029 Coordinator.h:126] commit: 8496 abort: 63184 (0/63184/0), network size: 0, avg network size: 0, si_in_serializable: 0 0 %, local: 0 %
I0312 09:03:32.542315 306029 Coordinator.h:126] commit: 8541 abort: 63139 (0/63139/0), network size: 0, avg network size: 0, si_in_serializable: 0 0 %, local: 0 %
I0312 09:03:33.542443 306029 Coordinator.h:126] commit: 8740 abort: 63964 (0/63964/0), network size: 0, avg network size: 0, si_in_serializable: 0 0 %, local: 0 %
I0312 09:03:34.542583 306029 Coordinator.h:126] commit: 8547 abort: 64157 (0/64157/0), network size: 0, avg network size: 0, si_in_serializable: 0 0 %, local: 0 %
I0312 09:03:35.542718 306029 Coordinator.h:126] commit: 8550 abort: 63130 (0/63130/0), network size: 0, avg network size: 0, si_in_serializable: 0 0 %, local: 0 %
I0312 09:03:36.542866 306029 Coordinator.h:126] commit: 8563 abort: 64141 (0/64141/0), network size: 0, avg network size: 0, si_in_serializable: 0 0 %, local: 0 %
I0312 09:03:37.543008 306029 Coordinator.h:126] commit: 8440 abort: 63240 (0/63240/0), network size: 0, avg network size: 0, si_in_serializable: 0 0 %, local: 0 %
I0312 09:03:38.543164 306029 Coordinator.h:126] commit: 8553 abort: 64151 (0/64151/0), network size: 0, avg network size: 0, si_in_serializable: 0 0 %, local: 0 %
I0312 09:03:39.543311 306029 Coordinator.h:126] commit: 8597 abort: 63083 (0/63083/0), network size: 0, avg network size: 0, si_in_serializable: 0 0 %, local: 0 %
I0312 09:03:40.543542 306029 Coordinator.h:126] commit: 8539 abort: 64165 (0/64165/0), network size: 0, avg network size: 0, si_in_serializable: 0 0 %, local: 0 %
I0312 09:03:41.543705 306029 Coordinator.h:126] commit: 8560 abort: 63120 (0/63120/0), network size: 0, avg network size: 0, si_in_serializable: 0 0 %, local: 0 %
I0312 09:03:42.543844 306029 Coordinator.h:126] commit: 8565 abort: 64139 (0/64139/0), network size: 0, avg network size: 0, si_in_serializable: 0 0 %, local: 0 %
I0312 09:03:42.543900 306029 Coordinator.h:152] average commit: 8584.6 abort: 63607.4 (0/63607.4/0), network size: 0, avg network size: 0, si_in_serializable: 0 0 %, local: 0 %
I0312 09:03:42.543943 306029 AriaExecutor.h:535] Worker 0 latency: 13687 us (50%) 13867 us (75%) 14390 us (95%) 16167 us (99%).
I0312 09:03:42.551405 306050 AriaExecutor.h:94] AriaExecutor 5 exits. 
I0312 09:03:42.551405 306054 AriaExecutor.h:94] AriaExecutor 9 exits. 
I0312 09:03:42.551405 306051 AriaExecutor.h:94] AriaExecutor 6 exits. 
I0312 09:03:42.551419 306055 AriaExecutor.h:94] AriaExecutor 10 exits. 
I0312 09:03:42.551420 306052 AriaExecutor.h:94] AriaExecutor 7 exits. 
I0312 09:03:42.551414 306046 AriaExecutor.h:94] AriaExecutor 1 exits. 
I0312 09:03:42.551417 306057 Manager.h:227] Manager(worker id = 12) on the coordinator node exits.
I0312 09:03:42.551419 306053 AriaExecutor.h:94] AriaExecutor 8 exits. 
I0312 09:03:42.551421 306049 AriaExecutor.h:94] AriaExecutor 4 exits. 
I0312 09:03:42.551421 306048 AriaExecutor.h:94] AriaExecutor 3 exits. 
I0312 09:03:42.551420 306056 AriaExecutor.h:94] AriaExecutor 11 exits. 
I0312 09:03:42.551405 306045 AriaExecutor.h:94] AriaExecutor 0 exits. 
I0312 09:03:42.551420 306047 AriaExecutor.h:94] AriaExecutor 2 exits. 
I0312 09:03:42.551757 306029 AriaExecutor.h:535] Worker 1 latency: 13682 us (50%) 13864 us (75%) 14367 us (95%) 16154 us (99%).
I0312 09:03:42.554446 306029 AriaExecutor.h:535] Worker 2 latency: 13687 us (50%) 13867 us (75%) 14372 us (95%) 16164 us (99%).
I0312 09:03:42.557021 306029 AriaExecutor.h:535] Worker 3 latency: 13682 us (50%) 13864 us (75%) 14383 us (95%) 16154 us (99%).
I0312 09:03:42.559578 306029 AriaExecutor.h:535] Worker 4 latency: 13684 us (50%) 13861 us (75%) 14363 us (95%) 16150 us (99%).
I0312 09:03:42.562217 306029 AriaExecutor.h:535] Worker 5 latency: 13677 us (50%) 13860 us (75%) 14365 us (95%) 16157 us (99%).
I0312 09:03:42.564795 306029 AriaExecutor.h:535] Worker 6 latency: 13679 us (50%) 13861 us (75%) 14348 us (95%) 16159 us (99%).
I0312 09:03:42.566699 306029 AriaExecutor.h:535] Worker 7 latency: 13680 us (50%) 13861 us (75%) 14375 us (95%) 16157 us (99%).
I0312 09:03:42.568287 306029 AriaExecutor.h:535] Worker 8 latency: 13679 us (50%) 13860 us (75%) 14354 us (95%) 16166 us (99%).
I0312 09:03:42.569880 306029 AriaExecutor.h:535] Worker 9 latency: 13684 us (50%) 13863 us (75%) 14371 us (95%) 16160 us (99%).
I0312 09:03:42.571429 306029 AriaExecutor.h:535] Worker 10 latency: 13679 us (50%) 13857 us (75%) 14354 us (95%) 16152 us (99%).
I0312 09:03:42.573004 306029 AriaExecutor.h:535] Worker 11 latency: 13680 us (50%) 13860 us (75%) 14308 us (95%) 16150 us (99%).
I0312 09:03:42.574561 306029 Coordinator.h:177] total commit: 8584.6
I0312 09:03:43.574774 306029 Coordinator.h:192] Coordinator exits.
=== current_aria_p12_t12_k40000_rw50_ops100_bs2048_zipf_0.2 ===
I0312 09:03:43.860687 306462 Database.h:65] ycsb initialization finished in 99 milliseconds.
I0312 09:03:43.860922 306462 Coordinator.h:30] Coordinator initializes 12 workers.
I0312 09:03:43.924829 306462 Coordinator.h:77] Coordinator starts to run 13 workers.
I0312 09:03:43.924926 306482 AriaExecutor.h:82] AriaExecutor 0 started. 
I0312 09:03:43.924973 306483 AriaExecutor.h:82] AriaExecutor 1 started. 
I0312 09:03:43.925093 306484 AriaExecutor.h:82] AriaExecutor 2 started. 
I0312 09:03:43.925127 306485 AriaExecutor.h:82] AriaExecutor 3 started. 
I0312 09:03:43.925238 306486 AriaExecutor.h:82] AriaExecutor 4 started. 
I0312 09:03:43.925339 306487 AriaExecutor.h:82] AriaExecutor 5 started. 
I0312 09:03:43.925438 306488 AriaExecutor.h:82] AriaExecutor 6 started. 
I0312 09:03:43.925539 306489 AriaExecutor.h:82] AriaExecutor 7 started. 
I0312 09:03:43.925638 306490 AriaExecutor.h:82] AriaExecutor 8 started. 
I0312 09:03:43.925741 306491 AriaExecutor.h:82] AriaExecutor 9 started. 
I0312 09:03:43.925840 306492 AriaExecutor.h:82] AriaExecutor 10 started. 
I0312 09:03:43.925944 306493 AriaExecutor.h:82] AriaExecutor 11 started. 
I0312 09:03:43.926069 306494 Manager.h:224] Manager(worker id = 12) on the coordinator node started.
I0312 09:03:44.926107 306462 Coordinator.h:126] commit: 3547 abort: 55883 (0/55883/0), network size: 0, avg network size: 0, si_in_serializable: 0 0 %, local: 0 %
I0312 09:03:45.926302 306462 Coordinator.h:126] commit: 4113 abort: 65481 (0/65481/0), network size: 0, avg network size: 0, si_in_serializable: 0 0 %, local: 0 %
I0312 09:03:46.926515 306462 Coordinator.h:126] commit: 4329 abort: 69399 (0/69399/0), network size: 0, avg network size: 0, si_in_serializable: 0 0 %, local: 0 %
I0312 09:03:47.926685 306462 Coordinator.h:126] commit: 4225 abort: 67455 (0/67455/0), network size: 0, avg network size: 0, si_in_serializable: 0 0 %, local: 0 %
I0312 09:03:48.926816 306462 Coordinator.h:126] commit: 4384 abort: 69344 (0/69344/0), network size: 0, avg network size: 0, si_in_serializable: 0 0 %, local: 0 %
I0312 09:03:49.926925 306462 Coordinator.h:126] commit: 4383 abort: 69345 (0/69345/0), network size: 0, avg network size: 0, si_in_serializable: 0 0 %, local: 0 %
I0312 09:03:50.927037 306462 Coordinator.h:126] commit: 4251 abort: 67429 (0/67429/0), network size: 0, avg network size: 0, si_in_serializable: 0 0 %, local: 0 %
I0312 09:03:51.927166 306462 Coordinator.h:126] commit: 4293 abort: 67387 (0/67387/0), network size: 0, avg network size: 0, si_in_serializable: 0 0 %, local: 0 %
I0312 09:03:52.927338 306462 Coordinator.h:126] commit: 4392 abort: 69336 (0/69336/0), network size: 0, avg network size: 0, si_in_serializable: 0 0 %, local: 0 %
I0312 09:03:53.927482 306462 Coordinator.h:126] commit: 4409 abort: 69319 (0/69319/0), network size: 0, avg network size: 0, si_in_serializable: 0 0 %, local: 0 %
I0312 09:03:54.927585 306462 Coordinator.h:126] commit: 4281 abort: 67399 (0/67399/0), network size: 0, avg network size: 0, si_in_serializable: 0 0 %, local: 0 %
I0312 09:03:55.927690 306462 Coordinator.h:126] commit: 4392 abort: 69336 (0/69336/0), network size: 0, avg network size: 0, si_in_serializable: 0 0 %, local: 0 %
I0312 09:03:56.927795 306462 Coordinator.h:126] commit: 4191 abort: 67489 (0/67489/0), network size: 0, avg network size: 0, si_in_serializable: 0 0 %, local: 0 %
I0312 09:03:57.927901 306462 Coordinator.h:126] commit: 4419 abort: 69309 (0/69309/0), network size: 0, avg network size: 0, si_in_serializable: 0 0 %, local: 0 %
I0312 09:03:58.928011 306462 Coordinator.h:126] commit: 4395 abort: 69333 (0/69333/0), network size: 0, avg network size: 0, si_in_serializable: 0 0 %, local: 0 %
I0312 09:03:59.928114 306462 Coordinator.h:126] commit: 4222 abort: 67458 (0/67458/0), network size: 0, avg network size: 0, si_in_serializable: 0 0 %, local: 0 %
I0312 09:04:00.928251 306462 Coordinator.h:126] commit: 4367 abort: 69361 (0/69361/0), network size: 0, avg network size: 0, si_in_serializable: 0 0 %, local: 0 %
I0312 09:04:01.928385 306462 Coordinator.h:126] commit: 4330 abort: 67350 (0/67350/0), network size: 0, avg network size: 0, si_in_serializable: 0 0 %, local: 0 %
I0312 09:04:02.928493 306462 Coordinator.h:126] commit: 4354 abort: 69374 (0/69374/0), network size: 0, avg network size: 0, si_in_serializable: 0 0 %, local: 0 %
I0312 09:04:03.928601 306462 Coordinator.h:126] commit: 4301 abort: 67379 (0/67379/0), network size: 0, avg network size: 0, si_in_serializable: 0 0 %, local: 0 %
I0312 09:04:04.928797 306462 Coordinator.h:126] commit: 4437 abort: 69291 (0/69291/0), network size: 0, avg network size: 0, si_in_serializable: 0 0 %, local: 0 %
I0312 09:04:05.928946 306462 Coordinator.h:126] commit: 4228 abort: 67452 (0/67452/0), network size: 0, avg network size: 0, si_in_serializable: 0 0 %, local: 0 %
I0312 09:04:06.929051 306462 Coordinator.h:126] commit: 4413 abort: 69315 (0/69315/0), network size: 0, avg network size: 0, si_in_serializable: 0 0 %, local: 0 %
I0312 09:04:07.929160 306462 Coordinator.h:126] commit: 4442 abort: 69286 (0/69286/0), network size: 0, avg network size: 0, si_in_serializable: 0 0 %, local: 0 %
I0312 09:04:08.929266 306462 Coordinator.h:126] commit: 4285 abort: 67395 (0/67395/0), network size: 0, avg network size: 0, si_in_serializable: 0 0 %, local: 0 %
I0312 09:04:08.929299 306462 Coordinator.h:152] average commit: 4325.2 abort: 68378.8 (0/68378.8/0), network size: 0, avg network size: 0, si_in_serializable: 0 0 %, local: 0 %
I0312 09:04:08.929345 306462 AriaExecutor.h:535] Worker 0 latency: 27607 us (50%) 27792 us (75%) 28661 us (95%) 32513 us (99%).
I0312 09:04:08.937450 306491 AriaExecutor.h:94] AriaExecutor 9 exits. 
I0312 09:04:08.937450 306486 AriaExecutor.h:94] AriaExecutor 4 exits. 
I0312 09:04:08.937456 306492 AriaExecutor.h:94] AriaExecutor 10 exits. 
I0312 09:04:08.937461 306490 AriaExecutor.h:94] AriaExecutor 8 exits. 
I0312 09:04:08.937461 306483 AriaExecutor.h:94] AriaExecutor 1 exits. 
I0312 09:04:08.937450 306484 AriaExecutor.h:94] AriaExecutor 2 exits. 
I0312 09:04:08.937450 306485 AriaExecutor.h:94] AriaExecutor 3 exits. 
I0312 09:04:08.937450 306482 AriaExecutor.h:94] AriaExecutor 0 exits. 
I0312 09:04:08.937466 306494 Manager.h:227] Manager(worker id = 12) on the coordinator node exits.
I0312 09:04:08.937450 306487 AriaExecutor.h:94] AriaExecutor 5 exits. 
I0312 09:04:08.937469 306488 AriaExecutor.h:94] AriaExecutor 6 exits. 
I0312 09:04:08.937458 306489 AriaExecutor.h:94] AriaExecutor 7 exits. 
I0312 09:04:08.937459 306493 AriaExecutor.h:94] AriaExecutor 11 exits. 
I0312 09:04:08.937799 306462 AriaExecutor.h:535] Worker 1 latency: 27593 us (50%) 27781 us (75%) 28617 us (95%) 32504 us (99%).
I0312 09:04:08.939163 306462 AriaExecutor.h:535] Worker 2 latency: 27600 us (50%) 27780 us (75%) 28674 us (95%) 32519 us (99%).
I0312 09:04:08.940507 306462 AriaExecutor.h:535] Worker 3 latency: 27596 us (50%) 27782 us (75%) 28682 us (95%) 32532 us (99%).
I0312 09:04:08.941807 306462 AriaExecutor.h:535] Worker 4 latency: 27604 us (50%) 27786 us (75%) 28699 us (95%) 32549 us (99%).
I0312 09:04:08.943128 306462 AriaExecutor.h:535] Worker 5 latency: 27604 us (50%) 27788 us (75%) 28666 us (95%) 32509 us (99%).
I0312 09:04:08.944464 306462 AriaExecutor.h:535] Worker 6 latency: 27607 us (50%) 27786 us (75%) 28723 us (95%) 32512 us (99%).
I0312 09:04:08.945753 306462 AriaExecutor.h:535] Worker 7 latency: 27601 us (50%) 27783 us (75%) 28651 us (95%) 32524 us (99%).
I0312 09:04:08.947057 306462 AriaExecutor.h:535] Worker 8 latency: 27601 us (50%) 27783 us (75%) 28678 us (95%) 32517 us (99%).
I0312 09:04:08.948345 306462 AriaExecutor.h:535] Worker 9 latency: 27590 us (50%) 27774 us (75%) 28583 us (95%) 32496 us (99%).
I0312 09:04:08.949599 306462 AriaExecutor.h:535] Worker 10 latency: 27592 us (50%) 27777 us (75%) 28601 us (95%) 32523 us (99%).
I0312 09:04:08.950850 306462 AriaExecutor.h:535] Worker 11 latency: 27601 us (50%) 27785 us (75%) 28658 us (95%) 32507 us (99%).
I0312 09:04:08.952139 306462 Coordinator.h:177] total commit: 4325.2
I0312 09:04:09.952340 306462 Coordinator.h:192] Coordinator exits.
=== current_aria_p12_t12_k40000_rw50_ops100_bs4096_zipf_0.2 ===
I0312 09:04:10.237911 306537 Database.h:65] ycsb initialization finished in 98 milliseconds.
I0312 09:04:10.238130 306537 Coordinator.h:30] Coordinator initializes 12 workers.
I0312 09:04:10.348332 306537 Coordinator.h:77] Coordinator starts to run 13 workers.
I0312 09:04:10.348438 306553 AriaExecutor.h:82] AriaExecutor 0 started. 
I0312 09:04:10.348485 306554 AriaExecutor.h:82] AriaExecutor 1 started. 
I0312 09:04:10.348594 306555 AriaExecutor.h:82] AriaExecutor 2 started. 
I0312 09:04:10.348639 306556 AriaExecutor.h:82] AriaExecutor 3 started. 
I0312 09:04:10.348728 306557 AriaExecutor.h:82] AriaExecutor 4 started. 
I0312 09:04:10.348845 306558 AriaExecutor.h:82] AriaExecutor 5 started. 
I0312 09:04:10.348876 306559 AriaExecutor.h:82] AriaExecutor 6 started. 
I0312 09:04:10.348976 306560 AriaExecutor.h:82] AriaExecutor 7 started. 
I0312 09:04:10.349095 306561 AriaExecutor.h:82] AriaExecutor 8 started. 
I0312 09:04:10.349126 306562 AriaExecutor.h:82] AriaExecutor 9 started. 
I0312 09:04:10.349232 306563 AriaExecutor.h:82] AriaExecutor 10 started. 
I0312 09:04:10.349346 306564 AriaExecutor.h:82] AriaExecutor 11 started. 
I0312 09:04:10.349472 306565 Manager.h:224] Manager(worker id = 12) on the coordinator node started.
I0312 09:04:11.349462 306537 Coordinator.h:126] commit: 1856 abort: 59584 (0/59584/0), network size: 0, avg network size: 0, si_in_serializable: 0 0 %, local: 0 %
I0312 09:04:12.349627 306537 Coordinator.h:126] commit: 1945 abort: 63591 (0/63591/0), network size: 0, avg network size: 0, si_in_serializable: 0 0 %, local: 0 %
I0312 09:04:13.349810 306537 Coordinator.h:126] commit: 2235 abort: 71493 (0/71493/0), network size: 0, avg network size: 0, si_in_serializable: 0 0 %, local: 0 %
I0312 09:04:14.349942 306537 Coordinator.h:126] commit: 2290 abort: 75534 (0/75534/0), network size: 0, avg network size: 0, si_in_serializable: 0 0 %, local: 0 %
I0312 09:04:15.350081 306537 Coordinator.h:126] commit: 2151 abort: 71577 (0/71577/0), network size: 0, avg network size: 0, si_in_serializable: 0 0 %, local: 0 %
I0312 09:04:16.350224 306537 Coordinator.h:126] commit: 2148 abort: 71580 (0/71580/0), network size: 0, avg network size: 0, si_in_serializable: 0 0 %, local: 0 %
I0312 09:04:17.350432 306537 Coordinator.h:126] commit: 2194 abort: 71534 (0/71534/0), network size: 0, avg network size: 0, si_in_serializable: 0 0 %, local: 0 %
I0312 09:04:18.350600 306537 Coordinator.h:126] commit: 2170 abort: 71558 (0/71558/0), network size: 0, avg network size: 0, si_in_serializable: 0 0 %, local: 0 %
I0312 09:04:19.350759 306537 Coordinator.h:126] commit: 2140 abort: 71588 (0/71588/0), network size: 0, avg network size: 0, si_in_serializable: 0 0 %, local: 0 %
I0312 09:04:20.350915 306537 Coordinator.h:126] commit: 2233 abort: 71495 (0/71495/0), network size: 0, avg network size: 0, si_in_serializable: 0 0 %, local: 0 %
I0312 09:04:21.351053 306537 Coordinator.h:126] commit: 2166 abort: 71562 (0/71562/0), network size: 0, avg network size: 0, si_in_serializable: 0 0 %, local: 0 %
I0312 09:04:22.351194 306537 Coordinator.h:126] commit: 2152 abort: 71576 (0/71576/0), network size: 0, avg network size: 0, si_in_serializable: 0 0 %, local: 0 %
I0312 09:04:23.351348 306537 Coordinator.h:126] commit: 2185 abort: 71543 (0/71543/0), network size: 0, avg network size: 0, si_in_serializable: 0 0 %, local: 0 %
I0312 09:04:24.351495 306537 Coordinator.h:126] commit: 2197 abort: 71531 (0/71531/0), network size: 0, avg network size: 0, si_in_serializable: 0 0 %, local: 0 %
I0312 09:04:25.351696 306537 Coordinator.h:126] commit: 2214 abort: 71514 (0/71514/0), network size: 0, avg network size: 0, si_in_serializable: 0 0 %, local: 0 %
I0312 09:04:26.351836 306537 Coordinator.h:126] commit: 2150 abort: 71578 (0/71578/0), network size: 0, avg network size: 0, si_in_serializable: 0 0 %, local: 0 %
I0312 09:04:27.351980 306537 Coordinator.h:126] commit: 2205 abort: 71523 (0/71523/0), network size: 0, avg network size: 0, si_in_serializable: 0 0 %, local: 0 %
I0312 09:04:28.352142 306537 Coordinator.h:126] commit: 2163 abort: 71565 (0/71565/0), network size: 0, avg network size: 0, si_in_serializable: 0 0 %, local: 0 %
I0312 09:04:29.352303 306537 Coordinator.h:126] commit: 2298 abort: 75526 (0/75526/0), network size: 0, avg network size: 0, si_in_serializable: 0 0 %, local: 0 %
I0312 09:04:30.352461 306537 Coordinator.h:126] commit: 2167 abort: 71561 (0/71561/0), network size: 0, avg network size: 0, si_in_serializable: 0 0 %, local: 0 %
I0312 09:04:31.352613 306537 Coordinator.h:126] commit: 2217 abort: 71511 (0/71511/0), network size: 0, avg network size: 0, si_in_serializable: 0 0 %, local: 0 %
I0312 09:04:32.352757 306537 Coordinator.h:126] commit: 2125 abort: 71603 (0/71603/0), network size: 0, avg network size: 0, si_in_serializable: 0 0 %, local: 0 %
I0312 09:04:33.352907 306537 Coordinator.h:126] commit: 2241 abort: 71487 (0/71487/0), network size: 0, avg network size: 0, si_in_serializable: 0 0 %, local: 0 %
I0312 09:04:34.353061 306537 Coordinator.h:126] commit: 2194 abort: 71534 (0/71534/0), network size: 0, avg network size: 0, si_in_serializable: 0 0 %, local: 0 %
I0312 09:04:35.353214 306537 Coordinator.h:126] commit: 2235 abort: 71493 (0/71493/0), network size: 0, avg network size: 0, si_in_serializable: 0 0 %, local: 0 %
I0312 09:04:35.353276 306537 Coordinator.h:152] average commit: 2189.7 abort: 71947.9 (0/71947.9/0), network size: 0, avg network size: 0, si_in_serializable: 0 0 %, local: 0 %
I0312 09:04:35.353320 306537 AriaExecutor.h:535] Worker 0 latency: 54767 us (50%) 54988 us (75%) 57016 us (95%) 65197 us (99%).
I0312 09:04:35.387128 306563 AriaExecutor.h:94] AriaExecutor 10 exits. 
I0312 09:04:35.387128 306553 AriaExecutor.h:94] AriaExecutor 0 exits. 
I0312 09:04:35.387143 306560 AriaExecutor.h:94] AriaExecutor 7 exits. 
I0312 09:04:35.387143 306559 AriaExecutor.h:94] AriaExecutor 6 exits. 
I0312 09:04:35.387128 306556 AriaExecutor.h:94] AriaExecutor 3 exits. 
I0312 09:04:35.387145 306554 AriaExecutor.h:94] AriaExecutor 1 exits. 
I0312 09:04:35.387140 306555 AriaExecutor.h:94] AriaExecutor 2 exits. 
I0312 09:04:35.387128 306561 AriaExecutor.h:94] AriaExecutor 8 exits. 
I0312 09:04:35.387142 306558 AriaExecutor.h:94] AriaExecutor 5 exits. 
I0312 09:04:35.387145 306557 AriaExecutor.h:94] AriaExecutor 4 exits. 
I0312 09:04:35.387145 306562 AriaExecutor.h:94] AriaExecutor 9 exits. 
I0312 09:04:35.387131 306565 Manager.h:227] Manager(worker id = 12) on the coordinator node exits.
I0312 09:04:35.387137 306564 AriaExecutor.h:94] AriaExecutor 11 exits. 
I0312 09:04:35.387492 306537 AriaExecutor.h:535] Worker 1 latency: 54758 us (50%) 54967 us (75%) 56717 us (95%) 65104 us (99%).
I0312 09:04:35.388171 306537 AriaExecutor.h:535] Worker 2 latency: 54778 us (50%) 54986 us (75%) 56840 us (95%) 65141 us (99%).
I0312 09:04:35.388831 306537 AriaExecutor.h:535] Worker 3 latency: 54768 us (50%) 54977 us (75%) 57233 us (95%) 65035 us (99%).
I0312 09:04:35.389480 306537 AriaExecutor.h:535] Worker 4 latency: 54757 us (50%) 54967 us (75%) 57149 us (95%) 65126 us (99%).
I0312 09:04:35.390174 306537 AriaExecutor.h:535] Worker 5 latency: 54769 us (50%) 54980 us (75%) 56995 us (95%) 65045 us (99%).
I0312 09:04:35.390851 306537 AriaExecutor.h:535] Worker 6 latency: 54754 us (50%) 54972 us (75%) 56809 us (95%) 65079 us (99%).
I0312 09:04:35.391521 306537 AriaExecutor.h:535] Worker 7 latency: 54748 us (50%) 54957 us (75%) 56862 us (95%) 65127 us (99%).
I0312 09:04:35.392172 306537 AriaExecutor.h:535] Worker 8 latency: 54761 us (50%) 54968 us (75%) 57179 us (95%) 65046 us (99%).
I0312 09:04:35.392827 306537 AriaExecutor.h:535] Worker 9 latency: 54772 us (50%) 54981 us (75%) 57919 us (95%) 65158 us (99%).
I0312 09:04:35.393481 306537 AriaExecutor.h:535] Worker 10 latency: 54746 us (50%) 54951 us (75%) 56782 us (95%) 65142 us (99%).
I0312 09:04:35.394129 306537 AriaExecutor.h:535] Worker 11 latency: 54755 us (50%) 54962 us (75%) 56776 us (95%) 65079 us (99%).
I0312 09:04:35.394806 306537 Coordinator.h:177] total commit: 2189.7
I0312 09:04:36.395035 306537 Coordinator.h:192] Coordinator exits.
=== current_aria_p12_t12_k40000_rw80_ops10_bs1024_zipf_0.2 ===
I0312 09:04:36.694293 307423 Database.h:65] ycsb initialization finished in 96 milliseconds.
I0312 09:04:36.694507 307423 Coordinator.h:30] Coordinator initializes 12 workers.
I0312 09:04:36.734433 307423 Coordinator.h:77] Coordinator starts to run 13 workers.
I0312 09:04:36.734535 307448 AriaExecutor.h:82] AriaExecutor 0 started. 
I0312 09:04:36.734586 307449 AriaExecutor.h:82] AriaExecutor 1 started. 
I0312 09:04:36.734707 307450 AriaExecutor.h:82] AriaExecutor 2 started. 
I0312 09:04:36.734822 307451 AriaExecutor.h:82] AriaExecutor 3 started. 
I0312 09:04:36.734879 307452 AriaExecutor.h:82] AriaExecutor 4 started. 
I0312 09:04:36.734968 307453 AriaExecutor.h:82] AriaExecutor 5 started. 
I0312 09:04:36.735091 307454 AriaExecutor.h:82] AriaExecutor 6 started. 
I0312 09:04:36.735141 307455 AriaExecutor.h:82] AriaExecutor 7 started. 
I0312 09:04:36.735225 307456 AriaExecutor.h:82] AriaExecutor 8 started. 
I0312 09:04:36.735337 307457 AriaExecutor.h:82] AriaExecutor 9 started. 
I0312 09:04:36.735399 307458 AriaExecutor.h:82] AriaExecutor 10 started. 
I0312 09:04:36.735473 307459 AriaExecutor.h:82] AriaExecutor 11 started. 
I0312 09:04:36.735556 307460 Manager.h:224] Manager(worker id = 12) on the coordinator node started.
I0312 09:04:37.735598 307423 Coordinator.h:126] commit: 483069 abort: 2307 (0/2307/0), network size: 0, avg network size: 0, si_in_serializable: 0 0 %, local: 0 %
I0312 09:04:38.735772 307423 Coordinator.h:126] commit: 494225 abort: 2415 (0/2415/0), network size: 0, avg network size: 0, si_in_serializable: 0 0 %, local: 0 %
I0312 09:04:39.735961 307423 Coordinator.h:126] commit: 505423 abort: 2481 (0/2481/0), network size: 0, avg network size: 0, si_in_serializable: 0 0 %, local: 0 %
I0312 09:04:40.736111 307423 Coordinator.h:126] commit: 506513 abort: 2415 (0/2415/0), network size: 0, avg network size: 0, si_in_serializable: 0 0 %, local: 0 %
I0312 09:04:41.736254 307423 Coordinator.h:126] commit: 507454 abort: 2498 (0/2498/0), network size: 0, avg network size: 0, si_in_serializable: 0 0 %, local: 0 %
I0312 09:04:42.736384 307423 Coordinator.h:126] commit: 505443 abort: 2461 (0/2461/0), network size: 0, avg network size: 0, si_in_serializable: 0 0 %, local: 0 %
I0312 09:04:43.736510 307423 Coordinator.h:126] commit: 502374 abort: 2458 (0/2458/0), network size: 0, avg network size: 0, si_in_serializable: 0 0 %, local: 0 %
I0312 09:04:44.736701 307423 Coordinator.h:126] commit: 506458 abort: 2470 (0/2470/0), network size: 0, avg network size: 0, si_in_serializable: 0 0 %, local: 0 %
I0312 09:04:45.736855 307423 Coordinator.h:126] commit: 508484 abort: 2492 (0/2492/0), network size: 0, avg network size: 0, si_in_serializable: 0 0 %, local: 0 %
I0312 09:04:46.736982 307423 Coordinator.h:126] commit: 507546 abort: 2406 (0/2406/0), network size: 0, avg network size: 0, si_in_serializable: 0 0 %, local: 0 %
I0312 09:04:47.737110 307423 Coordinator.h:126] commit: 508450 abort: 2526 (0/2526/0), network size: 0, avg network size: 0, si_in_serializable: 0 0 %, local: 0 %
I0312 09:04:48.737243 307423 Coordinator.h:126] commit: 506496 abort: 2432 (0/2432/0), network size: 0, avg network size: 0, si_in_serializable: 0 0 %, local: 0 %
I0312 09:04:49.737366 307423 Coordinator.h:126] commit: 494149 abort: 2491 (0/2491/0), network size: 0, avg network size: 0, si_in_serializable: 0 0 %, local: 0 %
I0312 09:04:50.737498 307423 Coordinator.h:126] commit: 507496 abort: 2456 (0/2456/0), network size: 0, avg network size: 0, si_in_serializable: 0 0 %, local: 0 %
I0312 09:04:51.737648 307423 Coordinator.h:126] commit: 506464 abort: 2464 (0/2464/0), network size: 0, avg network size: 0, si_in_serializable: 0 0 %, local: 0 %
I0312 09:04:52.737855 307423 Coordinator.h:126] commit: 507499 abort: 2453 (0/2453/0), network size: 0, avg network size: 0, si_in_serializable: 0 0 %, local: 0 %
I0312 09:04:53.738013 307423 Coordinator.h:126] commit: 508536 abort: 2440 (0/2440/0), network size: 0, avg network size: 0, si_in_serializable: 0 0 %, local: 0 %
I0312 09:04:54.738152 307423 Coordinator.h:126] commit: 507488 abort: 2464 (0/2464/0), network size: 0, avg network size: 0, si_in_serializable: 0 0 %, local: 0 %
I0312 09:04:55.738297 307423 Coordinator.h:126] commit: 508417 abort: 2559 (0/2559/0), network size: 0, avg network size: 0, si_in_serializable: 0 0 %, local: 0 %
I0312 09:04:56.738441 307423 Coordinator.h:126] commit: 507460 abort: 2492 (0/2492/0), network size: 0, avg network size: 0, si_in_serializable: 0 0 %, local: 0 %
I0312 09:04:57.738579 307423 Coordinator.h:126] commit: 508490 abort: 2486 (0/2486/0), network size: 0, avg network size: 0, si_in_serializable: 0 0 %, local: 0 %
I0312 09:04:58.738718 307423 Coordinator.h:126] commit: 507486 abort: 2466 (0/2466/0), network size: 0, avg network size: 0, si_in_serializable: 0 0 %, local: 0 %
I0312 09:04:59.738842 307423 Coordinator.h:126] commit: 508592 abort: 2384 (0/2384/0), network size: 0, avg network size: 0, si_in_serializable: 0 0 %, local: 0 %
I0312 09:05:00.738973 307423 Coordinator.h:126] commit: 507522 abort: 2430 (0/2430/0), network size: 0, avg network size: 0, si_in_serializable: 0 0 %, local: 0 %
I0312 09:05:01.739102 307423 Coordinator.h:126] commit: 496225 abort: 2463 (0/2463/0), network size: 0, avg network size: 0, si_in_serializable: 0 0 %, local: 0 %
I0312 09:05:01.739156 307423 Coordinator.h:152] average commit: 506246 abort: 2477.7 (0/2477.7/0), network size: 0, avg network size: 0, si_in_serializable: 0 0 %, local: 0 %
I0312 09:05:01.740718 307450 AriaExecutor.h:94] AriaExecutor 2 exits. 
I0312 09:05:01.740718 307458 AriaExecutor.h:94] AriaExecutor 10 exits. 
I0312 09:05:01.740718 307452 AriaExecutor.h:94] AriaExecutor 4 exits. 
I0312 09:05:01.740718 307454 AriaExecutor.h:94] AriaExecutor 6 exits. 
I0312 09:05:01.740734 307456 AriaExecutor.h:94] AriaExecutor 8 exits. 
I0312 09:05:01.740736 307451 AriaExecutor.h:94] AriaExecutor 3 exits. 
I0312 09:05:01.740736 307453 AriaExecutor.h:94] AriaExecutor 5 exits. 
I0312 09:05:01.740724 307460 Manager.h:227] Manager(worker id = 12) on the coordinator node exits.
I0312 09:05:01.740718 307457 AriaExecutor.h:94] AriaExecutor 9 exits. 
I0312 09:05:01.740732 307448 AriaExecutor.h:94] AriaExecutor 0 exits. 
I0312 09:05:01.740736 307449 AriaExecutor.h:94] AriaExecutor 1 exits. 
I0312 09:05:01.740737 307459 AriaExecutor.h:94] AriaExecutor 11 exits. 
I0312 09:05:01.740733 307455 AriaExecutor.h:94] AriaExecutor 7 exits. 
I0312 09:05:01.739202 307423 AriaExecutor.h:535] Worker 0 latency: 1196 us (50%) 1591 us (75%) 1906 us (95%) 1972 us (99%).
I0312 09:05:01.799840 307423 AriaExecutor.h:535] Worker 1 latency: 1199 us (50%) 1592 us (75%) 1906 us (95%) 1972 us (99%).
I0312 09:05:01.847549 307423 AriaExecutor.h:535] Worker 2 latency: 1199 us (50%) 1592 us (75%) 1906 us (95%) 1972 us (99%).
I0312 09:05:01.894541 307423 AriaExecutor.h:535] Worker 3 latency: 1200 us (50%) 1593 us (75%) 1906 us (95%) 1973 us (99%).
I0312 09:05:01.942529 307423 AriaExecutor.h:535] Worker 4 latency: 1207 us (50%) 1596 us (75%) 1906 us (95%) 1972 us (99%).
I0312 09:05:01.991387 307423 AriaExecutor.h:535] Worker 5 latency: 1206 us (50%) 1596 us (75%) 1906 us (95%) 1972 us (99%).
I0312 09:05:02.038421 307423 AriaExecutor.h:535] Worker 6 latency: 1206 us (50%) 1596 us (75%) 1906 us (95%) 1972 us (99%).
I0312 09:05:02.085089 307423 AriaExecutor.h:535] Worker 7 latency: 1207 us (50%) 1596 us (75%) 1906 us (95%) 1972 us (99%).
I0312 09:05:02.132259 307423 AriaExecutor.h:535] Worker 8 latency: 1209 us (50%) 1597 us (75%) 1906 us (95%) 1972 us (99%).
I0312 09:05:02.179536 307423 AriaExecutor.h:535] Worker 9 latency: 1207 us (50%) 1596 us (75%) 1907 us (95%) 1972 us (99%).
I0312 09:05:02.226980 307423 AriaExecutor.h:535] Worker 10 latency: 1209 us (50%) 1597 us (75%) 1907 us (95%) 1972 us (99%).
I0312 09:05:02.273864 307423 AriaExecutor.h:535] Worker 11 latency: 1207 us (50%) 1596 us (75%) 1906 us (95%) 1972 us (99%).
I0312 09:05:02.322012 307423 Coordinator.h:177] total commit: 506246
I0312 09:05:03.322218 307423 Coordinator.h:192] Coordinator exits.
=== current_aria_p12_t12_k40000_rw80_ops10_bs2048_zipf_0.2 ===
I0312 09:05:03.605603 308566 Database.h:65] ycsb initialization finished in 99 milliseconds.
I0312 09:05:03.605742 308566 Coordinator.h:30] Coordinator initializes 12 workers.
I0312 09:05:03.660725 308566 Coordinator.h:77] Coordinator starts to run 13 workers.
I0312 09:05:03.660820 308589 AriaExecutor.h:82] AriaExecutor 0 started. 
I0312 09:05:03.660880 308590 AriaExecutor.h:82] AriaExecutor 1 started. 
I0312 09:05:03.660990 308591 AriaExecutor.h:82] AriaExecutor 2 started. 
I0312 09:05:03.661110 308592 AriaExecutor.h:82] AriaExecutor 3 started. 
I0312 09:05:03.661156 308593 AriaExecutor.h:82] AriaExecutor 4 started. 
I0312 09:05:03.661245 308594 AriaExecutor.h:82] AriaExecutor 5 started. 
I0312 09:05:03.661362 308595 AriaExecutor.h:82] AriaExecutor 6 started. 
I0312 09:05:03.661481 308596 AriaExecutor.h:82] AriaExecutor 7 started. 
I0312 09:05:03.661597 308597 AriaExecutor.h:82] AriaExecutor 8 started. 
I0312 09:05:03.661715 308598 AriaExecutor.h:82] AriaExecutor 9 started. 
I0312 09:05:03.661774 308599 AriaExecutor.h:82] AriaExecutor 10 started. 
I0312 09:05:03.661877 308600 AriaExecutor.h:82] AriaExecutor 11 started. 
I0312 09:05:03.661937 308601 Manager.h:224] Manager(worker id = 12) on the coordinator node started.
I0312 09:05:04.661981 308566 Coordinator.h:126] commit: 460076 abort: 4820 (0/4820/0), network size: 0, avg network size: 0, si_in_serializable: 0 0 %, local: 0 %
I0312 09:05:05.662140 308566 Coordinator.h:126] commit: 482445 abort: 4979 (0/4979/0), network size: 0, avg network size: 0, si_in_serializable: 0 0 %, local: 0 %
I0312 09:05:06.662335 308566 Coordinator.h:126] commit: 500700 abort: 5156 (0/5156/0), network size: 0, avg network size: 0, si_in_serializable: 0 0 %, local: 0 %
I0312 09:05:07.662492 308566 Coordinator.h:126] commit: 502715 abort: 5189 (0/5189/0), network size: 0, avg network size: 0, si_in_serializable: 0 0 %, local: 0 %
I0312 09:05:08.662633 308566 Coordinator.h:126] commit: 502723 abort: 5181 (0/5181/0), network size: 0, avg network size: 0, si_in_serializable: 0 0 %, local: 0 %
I0312 09:05:09.662765 308566 Coordinator.h:126] commit: 500665 abort: 5191 (0/5191/0), network size: 0, avg network size: 0, si_in_serializable: 0 0 %, local: 0 %
I0312 09:05:10.662892 308566 Coordinator.h:126] commit: 498710 abort: 5098 (0/5098/0), network size: 0, avg network size: 0, si_in_serializable: 0 0 %, local: 0 %
I0312 09:05:11.663086 308566 Coordinator.h:126] commit: 502728 abort: 5176 (0/5176/0), network size: 0, avg network size: 0, si_in_serializable: 0 0 %, local: 0 %
I0312 09:05:12.663237 308566 Coordinator.h:126] commit: 504649 abort: 5303 (0/5303/0), network size: 0, avg network size: 0, si_in_serializable: 0 0 %, local: 0 %
I0312 09:05:13.663375 308566 Coordinator.h:126] commit: 502659 abort: 5245 (0/5245/0), network size: 0, avg network size: 0, si_in_serializable: 0 0 %, local: 0 %
I0312 09:05:14.663511 308566 Coordinator.h:126] commit: 504829 abort: 5123 (0/5123/0), network size: 0, avg network size: 0, si_in_serializable: 0 0 %, local: 0 %
I0312 09:05:15.663646 308566 Coordinator.h:126] commit: 500675 abort: 5181 (0/5181/0), network size: 0, avg network size: 0, si_in_serializable: 0 0 %, local: 0 %
I0312 09:05:16.663769 308566 Coordinator.h:126] commit: 494480 abort: 5232 (0/5232/0), network size: 0, avg network size: 0, si_in_serializable: 0 0 %, local: 0 %
I0312 09:05:17.663952 308566 Coordinator.h:126] commit: 498620 abort: 5188 (0/5188/0), network size: 0, avg network size: 0, si_in_serializable: 0 0 %, local: 0 %
I0312 09:05:18.664126 308566 Coordinator.h:126] commit: 502727 abort: 5177 (0/5177/0), network size: 0, avg network size: 0, si_in_serializable: 0 0 %, local: 0 %
I0312 09:05:19.664260 308566 Coordinator.h:126] commit: 504816 abort: 5136 (0/5136/0), network size: 0, avg network size: 0, si_in_serializable: 0 0 %, local: 0 %
I0312 09:05:20.664383 308566 Coordinator.h:126] commit: 504714 abort: 5238 (0/5238/0), network size: 0, avg network size: 0, si_in_serializable: 0 0 %, local: 0 %
I0312 09:05:21.664520 308566 Coordinator.h:126] commit: 502730 abort: 5174 (0/5174/0), network size: 0, avg network size: 0, si_in_serializable: 0 0 %, local: 0 %
I0312 09:05:22.664654 308566 Coordinator.h:126] commit: 504605 abort: 5347 (0/5347/0), network size: 0, avg network size: 0, si_in_serializable: 0 0 %, local: 0 %
I0312 09:05:23.664784 308566 Coordinator.h:126] commit: 502655 abort: 5249 (0/5249/0), network size: 0, avg network size: 0, si_in_serializable: 0 0 %, local: 0 %
I0312 09:05:24.664917 308566 Coordinator.h:126] commit: 504711 abort: 5241 (0/5241/0), network size: 0, avg network size: 0, si_in_serializable: 0 0 %, local: 0 %
I0312 09:05:25.665055 308566 Coordinator.h:126] commit: 502791 abort: 5113 (0/5113/0), network size: 0, avg network size: 0, si_in_serializable: 0 0 %, local: 0 %
I0312 09:05:26.665184 308566 Coordinator.h:126] commit: 502608 abort: 5296 (0/5296/0), network size: 0, avg network size: 0, si_in_serializable: 0 0 %, local: 0 %
I0312 09:05:27.665310 308566 Coordinator.h:126] commit: 504588 abort: 5364 (0/5364/0), network size: 0, avg network size: 0, si_in_serializable: 0 0 %, local: 0 %
I0312 09:05:28.665442 308566 Coordinator.h:126] commit: 502649 abort: 5255 (0/5255/0), network size: 0, avg network size: 0, si_in_serializable: 0 0 %, local: 0 %
I0312 09:05:28.665489 308566 Coordinator.h:152] average commit: 502085 abort: 5204.5 (0/5204.5/0), network size: 0, avg network size: 0, si_in_serializable: 0 0 %, local: 0 %
I0312 09:05:28.666350 308594 AriaExecutor.h:94] AriaExecutor 5 exits. 
I0312 09:05:28.666350 308599 AriaExecutor.h:94] AriaExecutor 10 exits. 
I0312 09:05:28.666352 308598 AriaExecutor.h:94] AriaExecutor 9 exits. 
I0312 09:05:28.666355 308601 Manager.h:227] Manager(worker id = 12) on the coordinator node exits.
I0312 09:05:28.666363 308593 AriaExecutor.h:94] AriaExecutor 4 exits. 
I0312 09:05:28.666364 308591 AriaExecutor.h:94] AriaExecutor 2 exits. 
I0312 09:05:28.666350 308589 AriaExecutor.h:94] AriaExecutor 0 exits. 
I0312 09:05:28.666364 308595 AriaExecutor.h:94] AriaExecutor 6 exits. 
I0312 09:05:28.666364 308600 AriaExecutor.h:94] AriaExecutor 11 exits. 
I0312 09:05:28.666364 308592 AriaExecutor.h:94] AriaExecutor 3 exits. 
I0312 09:05:28.666366 308597 AriaExecutor.h:94] AriaExecutor 8 exits. 
I0312 09:05:28.666350 308590 AriaExecutor.h:94] AriaExecutor 1 exits. 
I0312 09:05:28.666366 308596 AriaExecutor.h:94] AriaExecutor 7 exits. 
I0312 09:05:28.665534 308566 AriaExecutor.h:535] Worker 0 latency: 2405 us (50%) 3192 us (75%) 3820 us (95%) 3949 us (99%).
I0312 09:05:28.733783 308566 AriaExecutor.h:535] Worker 1 latency: 2413 us (50%) 3196 us (75%) 3820 us (95%) 3949 us (99%).
I0312 09:05:28.790323 308566 AriaExecutor.h:535] Worker 2 latency: 2411 us (50%) 3195 us (75%) 3820 us (95%) 3948 us (99%).
I0312 09:05:28.846328 308566 AriaExecutor.h:535] Worker 3 latency: 2411 us (50%) 3196 us (75%) 3820 us (95%) 3949 us (99%).
I0312 09:05:28.904505 308566 AriaExecutor.h:535] Worker 4 latency: 2409 us (50%) 3195 us (75%) 3820 us (95%) 3949 us (99%).
I0312 09:05:28.961252 308566 AriaExecutor.h:535] Worker 5 latency: 2402 us (50%) 3191 us (75%) 3819 us (95%) 3949 us (99%).
I0312 09:05:29.019119 308566 AriaExecutor.h:535] Worker 6 latency: 2408 us (50%) 3194 us (75%) 3819 us (95%) 3948 us (99%).
I0312 09:05:29.075965 308566 AriaExecutor.h:535] Worker 7 latency: 2411 us (50%) 3195 us (75%) 3820 us (95%) 3949 us (99%).
I0312 09:05:29.134703 308566 AriaExecutor.h:535] Worker 8 latency: 2422 us (50%) 3200 us (75%) 3820 us (95%) 3948 us (99%).
I0312 09:05:29.190646 308566 AriaExecutor.h:535] Worker 9 latency: 2418 us (50%) 3199 us (75%) 3820 us (95%) 3948 us (99%).
I0312 09:05:29.247288 308566 AriaExecutor.h:535] Worker 10 latency: 2423 us (50%) 3201 us (75%) 3821 us (95%) 3949 us (99%).
I0312 09:05:29.306069 308566 AriaExecutor.h:535] Worker 11 latency: 2416 us (50%) 3198 us (75%) 3820 us (95%) 3948 us (99%).
I0312 09:05:29.362161 308566 Coordinator.h:177] total commit: 502085
I0312 09:05:30.362365 308566 Coordinator.h:192] Coordinator exits.
=== current_aria_p12_t12_k40000_rw80_ops10_bs4096_zipf_0.2 ===
I0312 09:05:30.645272 309730 Database.h:65] ycsb initialization finished in 99 milliseconds.
I0312 09:05:30.645490 309730 Coordinator.h:30] Coordinator initializes 12 workers.
I0312 09:05:30.752810 309730 Coordinator.h:77] Coordinator starts to run 13 workers.
I0312 09:05:30.752909 309750 AriaExecutor.h:82] AriaExecutor 0 started. 
I0312 09:05:30.752956 309751 AriaExecutor.h:82] AriaExecutor 1 started. 
I0312 09:05:30.753077 309752 AriaExecutor.h:82] AriaExecutor 2 started. 
I0312 09:05:30.753167 309753 AriaExecutor.h:82] AriaExecutor 3 started. 
I0312 09:05:30.753232 309754 AriaExecutor.h:82] AriaExecutor 4 started. 
I0312 09:05:30.753294 309755 AriaExecutor.h:82] AriaExecutor 5 started. 
I0312 09:05:30.753355 309756 AriaExecutor.h:82] AriaExecutor 6 started. 
I0312 09:05:30.753451 309757 AriaExecutor.h:82] AriaExecutor 7 started. 
I0312 09:05:30.753554 309758 AriaExecutor.h:82] AriaExecutor 8 started. 
I0312 09:05:30.753660 309759 AriaExecutor.h:82] AriaExecutor 9 started. 
I0312 09:05:30.753710 309760 AriaExecutor.h:82] AriaExecutor 10 started. 
I0312 09:05:30.753795 309761 AriaExecutor.h:82] AriaExecutor 11 started. 
I0312 09:05:30.753895 309762 Manager.h:224] Manager(worker id = 12) on the coordinator node started.
I0312 09:05:31.753933 309730 Coordinator.h:126] commit: 424424 abort: 9859 (0/9859/0), network size: 0, avg network size: 0, si_in_serializable: 0 0 %, local: 0 %
I0312 09:05:32.754092 309730 Coordinator.h:126] commit: 468280 abort: 10843 (0/10843/0), network size: 0, avg network size: 0, si_in_serializable: 0 0 %, local: 0 %
I0312 09:05:33.754284 309730 Coordinator.h:126] commit: 484488 abort: 11128 (0/11128/0), network size: 0, avg network size: 0, si_in_serializable: 0 0 %, local: 0 %
I0312 09:05:34.754454 309730 Coordinator.h:126] commit: 484373 abort: 11243 (0/11243/0), network size: 0, avg network size: 0, si_in_serializable: 0 0 %, local: 0 %
I0312 09:05:35.754592 309730 Coordinator.h:126] commit: 488439 abort: 11273 (0/11273/0), network size: 0, avg network size: 0, si_in_serializable: 0 0 %, local: 0 %
I0312 09:05:36.754716 309730 Coordinator.h:126] commit: 488229 abort: 11483 (0/11483/0), network size: 0, avg network size: 0, si_in_serializable: 0 0 %, local: 0 %
I0312 09:05:37.754835 309730 Coordinator.h:126] commit: 484300 abort: 11316 (0/11316/0), network size: 0, avg network size: 0, si_in_serializable: 0 0 %, local: 0 %
I0312 09:05:38.755026 309730 Coordinator.h:126] commit: 488443 abort: 11269 (0/11269/0), network size: 0, avg network size: 0, si_in_serializable: 0 0 %, local: 0 %
I0312 09:05:39.755159 309730 Coordinator.h:126] commit: 488375 abort: 11337 (0/11337/0), network size: 0, avg network size: 0, si_in_serializable: 0 0 %, local: 0 %
I0312 09:05:40.755272 309730 Coordinator.h:126] commit: 484559 abort: 11057 (0/11057/0), network size: 0, avg network size: 0, si_in_serializable: 0 0 %, local: 0 %
I0312 09:05:41.755390 309730 Coordinator.h:126] commit: 488275 abort: 11437 (0/11437/0), network size: 0, avg network size: 0, si_in_serializable: 0 0 %, local: 0 %
I0312 09:05:42.755501 309730 Coordinator.h:126] commit: 488456 abort: 11256 (0/11256/0), network size: 0, avg network size: 0, si_in_serializable: 0 0 %, local: 0 %
I0312 09:05:43.755610 309730 Coordinator.h:126] commit: 488412 abort: 11300 (0/11300/0), network size: 0, avg network size: 0, si_in_serializable: 0 0 %, local: 0 %
I0312 09:05:44.755725 309730 Coordinator.h:126] commit: 480397 abort: 11123 (0/11123/0), network size: 0, avg network size: 0, si_in_serializable: 0 0 %, local: 0 %
I0312 09:05:45.755848 309730 Coordinator.h:126] commit: 488537 abort: 11175 (0/11175/0), network size: 0, avg network size: 0, si_in_serializable: 0 0 %, local: 0 %
I0312 09:05:46.755955 309730 Coordinator.h:126] commit: 488494 abort: 11218 (0/11218/0), network size: 0, avg network size: 0, si_in_serializable: 0 0 %, local: 0 %
I0312 09:05:47.756069 309730 Coordinator.h:126] commit: 488411 abort: 11301 (0/11301/0), network size: 0, avg network size: 0, si_in_serializable: 0 0 %, local: 0 %
I0312 09:05:48.756191 309730 Coordinator.h:126] commit: 488484 abort: 11228 (0/11228/0), network size: 0, avg network size: 0, si_in_serializable: 0 0 %, local: 0 %
I0312 09:05:49.756328 309730 Coordinator.h:126] commit: 484346 abort: 11270 (0/11270/0), network size: 0, avg network size: 0, si_in_serializable: 0 0 %, local: 0 %
I0312 09:05:50.756441 309730 Coordinator.h:126] commit: 488414 abort: 11298 (0/11298/0), network size: 0, avg network size: 0, si_in_serializable: 0 0 %, local: 0 %
I0312 09:05:51.756556 309730 Coordinator.h:126] commit: 488559 abort: 11153 (0/11153/0), network size: 0, avg network size: 0, si_in_serializable: 0 0 %, local: 0 %
I0312 09:05:52.756670 309730 Coordinator.h:126] commit: 488380 abort: 11332 (0/11332/0), network size: 0, avg network size: 0, si_in_serializable: 0 0 %, local: 0 %
I0312 09:05:53.756842 309730 Coordinator.h:126] commit: 488586 abort: 11126 (0/11126/0), network size: 0, avg network size: 0, si_in_serializable: 0 0 %, local: 0 %
I0312 09:05:54.756981 309730 Coordinator.h:126] commit: 488534 abort: 11178 (0/11178/0), network size: 0, avg network size: 0, si_in_serializable: 0 0 %, local: 0 %
I0312 09:05:55.757104 309730 Coordinator.h:126] commit: 488527 abort: 11185 (0/11185/0), network size: 0, avg network size: 0, si_in_serializable: 0 0 %, local: 0 %
I0312 09:05:55.757145 309730 Coordinator.h:152] average commit: 487223 abort: 11260.6 (0/11260.6/0), network size: 0, avg network size: 0, si_in_serializable: 0 0 %, local: 0 %
I0312 09:05:55.765121 309760 AriaExecutor.h:94] AriaExecutor 10 exits. 
I0312 09:05:55.765138 309751 AriaExecutor.h:94] AriaExecutor 1 exits. 
I0312 09:05:55.765128 309762 Manager.h:227] Manager(worker id = 12) on the coordinator node exits.
I0312 09:05:55.765122 309756 AriaExecutor.h:94] AriaExecutor 6 exits. 
I0312 09:05:55.765138 309753 AriaExecutor.h:94] AriaExecutor 3 exits. 
I0312 09:05:55.765139 309758 AriaExecutor.h:94] AriaExecutor 8 exits. 
I0312 09:05:55.765136 309759 AriaExecutor.h:94] AriaExecutor 9 exits. 
I0312 09:05:55.765138 309761 AriaExecutor.h:94] AriaExecutor 11 exits. 
I0312 09:05:55.765139 309750 AriaExecutor.h:94] AriaExecutor 0 exits. 
I0312 09:05:55.765137 309754 AriaExecutor.h:94] AriaExecutor 4 exits. 
I0312 09:05:55.765139 309752 AriaExecutor.h:94] AriaExecutor 2 exits. 
I0312 09:05:55.765139 309755 AriaExecutor.h:94] AriaExecutor 5 exits. 
I0312 09:05:55.765137 309757 AriaExecutor.h:94] AriaExecutor 7 exits. 
I0312 09:05:55.757189 309730 AriaExecutor.h:535] Worker 0 latency: 4959 us (50%) 6517 us (75%) 7751 us (95%) 8016 us (99%).
I0312 09:05:55.824781 309730 AriaExecutor.h:535] Worker 1 latency: 4972 us (50%) 6523 us (75%) 7751 us (95%) 8012 us (99%).
I0312 09:05:55.881189 309730 AriaExecutor.h:535] Worker 2 latency: 4966 us (50%) 6519 us (75%) 7750 us (95%) 8011 us (99%).
I0312 09:05:55.934979 309730 AriaExecutor.h:535] Worker 3 latency: 4971 us (50%) 6522 us (75%) 7751 us (95%) 8013 us (99%).
I0312 09:05:55.988273 309730 AriaExecutor.h:535] Worker 4 latency: 4972 us (50%) 6522 us (75%) 7750 us (95%) 8011 us (99%).
I0312 09:05:56.041944 309730 AriaExecutor.h:535] Worker 5 latency: 4969 us (50%) 6521 us (75%) 7750 us (95%) 8012 us (99%).
I0312 09:05:56.096959 309730 AriaExecutor.h:535] Worker 6 latency: 4971 us (50%) 6521 us (75%) 7749 us (95%) 8010 us (99%).
I0312 09:05:56.150163 309730 AriaExecutor.h:535] Worker 7 latency: 4974 us (50%) 6522 us (75%) 7750 us (95%) 8010 us (99%).
I0312 09:05:56.203258 309730 AriaExecutor.h:535] Worker 8 latency: 4977 us (50%) 6524 us (75%) 7751 us (95%) 8012 us (99%).
I0312 09:05:56.256697 309730 AriaExecutor.h:535] Worker 9 latency: 4973 us (50%) 6521 us (75%) 7750 us (95%) 8010 us (99%).
I0312 09:05:56.309182 309730 AriaExecutor.h:535] Worker 10 latency: 4979 us (50%) 6525 us (75%) 7751 us (95%) 8012 us (99%).
I0312 09:05:56.364360 309730 AriaExecutor.h:535] Worker 11 latency: 4971 us (50%) 6521 us (75%) 7750 us (95%) 8010 us (99%).
I0312 09:05:56.417352 309730 Coordinator.h:177] total commit: 487223
I0312 09:05:57.417557 309730 Coordinator.h:192] Coordinator exits.
=== current_aria_p12_t12_k40000_rw80_ops100_bs1024_zipf_0.2 ===
I0312 09:05:57.703110 309994 Database.h:65] ycsb initialization finished in 98 milliseconds.
I0312 09:05:57.703338 309994 Coordinator.h:30] Coordinator initializes 12 workers.
I0312 09:05:57.742210 309994 Coordinator.h:77] Coordinator starts to run 13 workers.
I0312 09:05:57.742304 310010 AriaExecutor.h:82] AriaExecutor 0 started. 
I0312 09:05:57.742352 310011 AriaExecutor.h:82] AriaExecutor 1 started. 
I0312 09:05:57.742456 310012 AriaExecutor.h:82] AriaExecutor 2 started. 
I0312 09:05:57.742578 310013 AriaExecutor.h:82] AriaExecutor 3 started. 
I0312 09:05:57.742610 310014 AriaExecutor.h:82] AriaExecutor 4 started. 
I0312 09:05:57.742712 310015 AriaExecutor.h:82] AriaExecutor 5 started. 
I0312 09:05:57.742758 310016 AriaExecutor.h:82] AriaExecutor 6 started. 
I0312 09:05:57.742841 310017 AriaExecutor.h:82] AriaExecutor 7 started. 
I0312 09:05:57.742889 310018 AriaExecutor.h:82] AriaExecutor 8 started. 
I0312 09:05:57.742971 310019 AriaExecutor.h:82] AriaExecutor 9 started. 
I0312 09:05:57.743023 310020 AriaExecutor.h:82] AriaExecutor 10 started. 
I0312 09:05:57.743109 310021 AriaExecutor.h:82] AriaExecutor 11 started. 
I0312 09:05:57.743228 310022 Manager.h:224] Manager(worker id = 12) on the coordinator node started.
I0312 09:05:58.743270 309994 Coordinator.h:126] commit: 27654 abort: 58362 (0/58362/0), network size: 0, avg network size: 0, si_in_serializable: 0 0 %, local: 0 %
I0312 09:05:59.743438 309994 Coordinator.h:126] commit: 32610 abort: 68766 (0/68766/0), network size: 0, avg network size: 0, si_in_serializable: 0 0 %, local: 0 %
I0312 09:06:00.743623 309994 Coordinator.h:126] commit: 34738 abort: 73806 (0/73806/0), network size: 0, avg network size: 0, si_in_serializable: 0 0 %, local: 0 %
I0312 09:06:01.743767 309994 Coordinator.h:126] commit: 35206 abort: 74362 (0/74362/0), network size: 0, avg network size: 0, si_in_serializable: 0 0 %, local: 0 %
I0312 09:06:02.743889 309994 Coordinator.h:126] commit: 35130 abort: 74438 (0/74438/0), network size: 0, avg network size: 0, si_in_serializable: 0 0 %, local: 0 %
I0312 09:06:03.744004 309994 Coordinator.h:126] commit: 34763 abort: 73781 (0/73781/0), network size: 0, avg network size: 0, si_in_serializable: 0 0 %, local: 0 %
I0312 09:06:04.744125 309994 Coordinator.h:126] commit: 35082 abort: 74486 (0/74486/0), network size: 0, avg network size: 0, si_in_serializable: 0 0 %, local: 0 %
I0312 09:06:05.744320 309994 Coordinator.h:126] commit: 35093 abort: 74475 (0/74475/0), network size: 0, avg network size: 0, si_in_serializable: 0 0 %, local: 0 %
I0312 09:06:06.744457 309994 Coordinator.h:126] commit: 35368 abort: 74200 (0/74200/0), network size: 0, avg network size: 0, si_in_serializable: 0 0 %, local: 0 %
I0312 09:06:07.744576 309994 Coordinator.h:126] commit: 35376 abort: 74192 (0/74192/0), network size: 0, avg network size: 0, si_in_serializable: 0 0 %, local: 0 %
I0312 09:06:08.744711 309994 Coordinator.h:126] commit: 34960 abort: 74608 (0/74608/0), network size: 0, avg network size: 0, si_in_serializable: 0 0 %, local: 0 %
I0312 09:06:09.744837 309994 Coordinator.h:126] commit: 35002 abort: 74566 (0/74566/0), network size: 0, avg network size: 0, si_in_serializable: 0 0 %, local: 0 %
I0312 09:06:10.744963 309994 Coordinator.h:126] commit: 35181 abort: 74387 (0/74387/0), network size: 0, avg network size: 0, si_in_serializable: 0 0 %, local: 0 %
I0312 09:06:11.745097 309994 Coordinator.h:126] commit: 35292 abort: 74276 (0/74276/0), network size: 0, avg network size: 0, si_in_serializable: 0 0 %, local: 0 %
I0312 09:06:12.745213 309994 Coordinator.h:126] commit: 34802 abort: 73742 (0/73742/0), network size: 0, avg network size: 0, si_in_serializable: 0 0 %, local: 0 %
I0312 09:06:13.745337 309994 Coordinator.h:126] commit: 35191 abort: 74377 (0/74377/0), network size: 0, avg network size: 0, si_in_serializable: 0 0 %, local: 0 %
I0312 09:06:14.745463 309994 Coordinator.h:126] commit: 35235 abort: 74333 (0/74333/0), network size: 0, avg network size: 0, si_in_serializable: 0 0 %, local: 0 %
I0312 09:06:15.745661 309994 Coordinator.h:126] commit: 35154 abort: 74414 (0/74414/0), network size: 0, avg network size: 0, si_in_serializable: 0 0 %, local: 0 %
I0312 09:06:16.745824 309994 Coordinator.h:126] commit: 35168 abort: 73562 (0/73562/0), network size: 0, avg network size: 0, si_in_serializable: 0 0 %, local: 0 %
I0312 09:06:17.745947 309994 Coordinator.h:126] commit: 34931 abort: 74451 (0/74451/0), network size: 0, avg network size: 0, si_in_serializable: 0 0 %, local: 0 %
I0312 09:06:18.746073 309994 Coordinator.h:126] commit: 35134 abort: 74434 (0/74434/0), network size: 0, avg network size: 0, si_in_serializable: 0 0 %, local: 0 %
I0312 09:06:19.746186 309994 Coordinator.h:126] commit: 35339 abort: 74229 (0/74229/0), network size: 0, avg network size: 0, si_in_serializable: 0 0 %, local: 0 %
I0312 09:06:20.746308 309994 Coordinator.h:126] commit: 35355 abort: 74213 (0/74213/0), network size: 0, avg network size: 0, si_in_serializable: 0 0 %, local: 0 %
I0312 09:06:21.746435 309994 Coordinator.h:126] commit: 34768 abort: 73776 (0/73776/0), network size: 0, avg network size: 0, si_in_serializable: 0 0 %, local: 0 %
I0312 09:06:22.746551 309994 Coordinator.h:126] commit: 35074 abort: 74494 (0/74494/0), network size: 0, avg network size: 0, si_in_serializable: 0 0 %, local: 0 %
I0312 09:06:22.746588 309994 Coordinator.h:152] average commit: 35091.6 abort: 74271.6 (0/74271.6/0), network size: 0, avg network size: 0, si_in_serializable: 0 0 %, local: 0 %
I0312 09:06:22.748087 310015 AriaExecutor.h:94] AriaExecutor 5 exits. 
I0312 09:06:22.748087 310013 AriaExecutor.h:94] AriaExecutor 3 exits. 
I0312 09:06:22.748087 310010 AriaExecutor.h:94] AriaExecutor 0 exits. 
I0312 09:06:22.748100 310016 AriaExecutor.h:94] AriaExecutor 6 exits. 
I0312 09:06:22.748087 310021 AriaExecutor.h:94] AriaExecutor 11 exits. 
I0312 09:06:22.748087 310020 AriaExecutor.h:94] AriaExecutor 10 exits. 
I0312 09:06:22.748100 310017 AriaExecutor.h:94] AriaExecutor 7 exits. 
I0312 09:06:22.748100 310018 AriaExecutor.h:94] AriaExecutor 8 exits. 
I0312 09:06:22.748101 310011 AriaExecutor.h:94] AriaExecutor 1 exits. 
I0312 09:06:22.748101 310014 AriaExecutor.h:94] AriaExecutor 4 exits. 
I0312 09:06:22.748104 310012 AriaExecutor.h:94] AriaExecutor 2 exits. 
I0312 09:06:22.748106 310022 Manager.h:227] Manager(worker id = 12) on the coordinator node exits.
I0312 09:06:22.748087 310019 AriaExecutor.h:94] AriaExecutor 9 exits. 
I0312 09:06:22.746632 309994 AriaExecutor.h:535] Worker 0 latency: 8328 us (50%) 8845 us (75%) 9199 us (95%) 10986 us (99%).
I0312 09:06:22.757735 309994 AriaExecutor.h:535] Worker 1 latency: 8338 us (50%) 8846 us (75%) 9195 us (95%) 10949 us (99%).
I0312 09:06:22.766780 309994 AriaExecutor.h:535] Worker 2 latency: 8333 us (50%) 8843 us (75%) 9191 us (95%) 10950 us (99%).
I0312 09:06:22.773468 309994 AriaExecutor.h:535] Worker 3 latency: 8336 us (50%) 8845 us (75%) 9191 us (95%) 10971 us (99%).
I0312 09:06:22.778121 309994 AriaExecutor.h:535] Worker 4 latency: 8333 us (50%) 8845 us (75%) 9192 us (95%) 10955 us (99%).
I0312 09:06:22.782611 309994 AriaExecutor.h:535] Worker 5 latency: 8326 us (50%) 8840 us (75%) 9188 us (95%) 10947 us (99%).
I0312 09:06:22.786798 309994 AriaExecutor.h:535] Worker 6 latency: 8328 us (50%) 8842 us (75%) 9190 us (95%) 10962 us (99%).
I0312 09:06:22.790688 309994 AriaExecutor.h:535] Worker 7 latency: 8336 us (50%) 8843 us (75%) 9190 us (95%) 10959 us (99%).
I0312 09:06:22.794539 309994 AriaExecutor.h:535] Worker 8 latency: 8328 us (50%) 8842 us (75%) 9187 us (95%) 10947 us (99%).
I0312 09:06:22.798332 309994 AriaExecutor.h:535] Worker 9 latency: 8336 us (50%) 8844 us (75%) 9190 us (95%) 10969 us (99%).
I0312 09:06:22.802122 309994 AriaExecutor.h:535] Worker 10 latency: 8336 us (50%) 8844 us (75%) 9190 us (95%) 10960 us (99%).
I0312 09:06:22.805887 309994 AriaExecutor.h:535] Worker 11 latency: 8330 us (50%) 8841 us (75%) 9188 us (95%) 10952 us (99%).
I0312 09:06:22.809701 309994 Coordinator.h:177] total commit: 35091.6
I0312 09:06:23.809892 309994 Coordinator.h:192] Coordinator exits.
=== current_aria_p12_t12_k40000_rw80_ops100_bs2048_zipf_0.2 ===
I0312 09:06:24.079468 310061 Database.h:65] ycsb initialization finished in 96 milliseconds.
I0312 09:06:24.079605 310061 Coordinator.h:30] Coordinator initializes 12 workers.
I0312 09:06:24.132714 310061 Coordinator.h:77] Coordinator starts to run 13 workers.
I0312 09:06:24.132798 310077 AriaExecutor.h:82] AriaExecutor 0 started. 
I0312 09:06:24.132848 310078 AriaExecutor.h:82] AriaExecutor 1 started. 
I0312 09:06:24.132958 310079 AriaExecutor.h:82] AriaExecutor 2 started. 
I0312 09:06:24.133078 310080 AriaExecutor.h:82] AriaExecutor 3 started. 
I0312 09:06:24.133114 310081 AriaExecutor.h:82] AriaExecutor 4 started. 
I0312 09:06:24.133208 310082 AriaExecutor.h:82] AriaExecutor 5 started. 
I0312 09:06:24.133317 310083 AriaExecutor.h:82] AriaExecutor 6 started. 
I0312 09:06:24.133431 310084 AriaExecutor.h:82] AriaExecutor 7 started. 
I0312 09:06:24.133472 310085 AriaExecutor.h:82] AriaExecutor 8 started. 
I0312 09:06:24.133565 310086 AriaExecutor.h:82] AriaExecutor 9 started. 
I0312 09:06:24.133625 310087 AriaExecutor.h:82] AriaExecutor 10 started. 
I0312 09:06:24.133731 310088 AriaExecutor.h:82] AriaExecutor 11 started. 
I0312 09:06:24.133838 310089 Manager.h:224] Manager(worker id = 12) on the coordinator node started.
I0312 09:06:25.133882 310061 Coordinator.h:126] commit: 13699 abort: 70269 (0/70269/0), network size: 0, avg network size: 0, si_in_serializable: 0 0 %, local: 0 %
I0312 09:06:26.134033 310061 Coordinator.h:126] commit: 16839 abort: 85561 (0/85561/0), network size: 0, avg network size: 0, si_in_serializable: 0 0 %, local: 0 %
I0312 09:06:27.134218 310061 Coordinator.h:126] commit: 17555 abort: 88941 (0/88941/0), network size: 0, avg network size: 0, si_in_serializable: 0 0 %, local: 0 %
I0312 09:06:28.134367 310061 Coordinator.h:126] commit: 17769 abort: 90775 (0/90775/0), network size: 0, avg network size: 0, si_in_serializable: 0 0 %, local: 0 %
I0312 09:06:29.134505 310061 Coordinator.h:126] commit: 17825 abort: 90719 (0/90719/0), network size: 0, avg network size: 0, si_in_serializable: 0 0 %, local: 0 %
I0312 09:06:30.134621 310061 Coordinator.h:126] commit: 17712 abort: 90832 (0/90832/0), network size: 0, avg network size: 0, si_in_serializable: 0 0 %, local: 0 %
I0312 09:06:31.134805 310061 Coordinator.h:126] commit: 17672 abort: 90872 (0/90872/0), network size: 0, avg network size: 0, si_in_serializable: 0 0 %, local: 0 %
I0312 09:06:32.134960 310061 Coordinator.h:126] commit: 17808 abort: 90736 (0/90736/0), network size: 0, avg network size: 0, si_in_serializable: 0 0 %, local: 0 %
I0312 09:06:33.135097 310061 Coordinator.h:126] commit: 17823 abort: 90721 (0/90721/0), network size: 0, avg network size: 0, si_in_serializable: 0 0 %, local: 0 %
I0312 09:06:34.135236 310061 Coordinator.h:126] commit: 18126 abort: 92466 (0/92466/0), network size: 0, avg network size: 0, si_in_serializable: 0 0 %, local: 0 %
I0312 09:06:35.135376 310061 Coordinator.h:126] commit: 17755 abort: 90789 (0/90789/0), network size: 0, avg network size: 0, si_in_serializable: 0 0 %, local: 0 %
I0312 09:06:36.135531 310061 Coordinator.h:126] commit: 17856 abort: 90688 (0/90688/0), network size: 0, avg network size: 0, si_in_serializable: 0 0 %, local: 0 %
I0312 09:06:37.135679 310061 Coordinator.h:126] commit: 17841 abort: 90703 (0/90703/0), network size: 0, avg network size: 0, si_in_serializable: 0 0 %, local: 0 %
I0312 09:06:38.135825 310061 Coordinator.h:126] commit: 17842 abort: 90702 (0/90702/0), network size: 0, avg network size: 0, si_in_serializable: 0 0 %, local: 0 %
I0312 09:06:39.135963 310061 Coordinator.h:126] commit: 17767 abort: 90777 (0/90777/0), network size: 0, avg network size: 0, si_in_serializable: 0 0 %, local: 0 %
I0312 09:06:40.136088 310061 Coordinator.h:126] commit: 17434 abort: 89062 (0/89062/0), network size: 0, avg network size: 0, si_in_serializable: 0 0 %, local: 0 %
I0312 09:06:41.136229 310061 Coordinator.h:126] commit: 17623 abort: 90921 (0/90921/0), network size: 0, avg network size: 0, si_in_serializable: 0 0 %, local: 0 %
I0312 09:06:42.136374 310061 Coordinator.h:126] commit: 17836 abort: 90708 (0/90708/0), network size: 0, avg network size: 0, si_in_serializable: 0 0 %, local: 0 %
I0312 09:06:43.136488 310061 Coordinator.h:126] commit: 17866 abort: 90859 (0/90859/0), network size: 0, avg network size: 0, si_in_serializable: 0 0 %, local: 0 %
I0312 09:06:44.136597 310061 Coordinator.h:126] commit: 17939 abort: 92472 (0/92472/0), network size: 0, avg network size: 0, si_in_serializable: 0 0 %, local: 0 %
I0312 09:06:45.136795 310061 Coordinator.h:126] commit: 17907 abort: 90637 (0/90637/0), network size: 0, avg network size: 0, si_in_serializable: 0 0 %, local: 0 %
I0312 09:06:46.136942 310061 Coordinator.h:126] commit: 17810 abort: 90734 (0/90734/0), network size: 0, avg network size: 0, si_in_serializable: 0 0 %, local: 0 %
I0312 09:06:47.137059 310061 Coordinator.h:126] commit: 17780 abort: 90764 (0/90764/0), network size: 0, avg network size: 0, si_in_serializable: 0 0 %, local: 0 %
I0312 09:06:48.137178 310061 Coordinator.h:126] commit: 17789 abort: 90755 (0/90755/0), network size: 0, avg network size: 0, si_in_serializable: 0 0 %, local: 0 %
I0312 09:06:49.137295 310061 Coordinator.h:126] commit: 17878 abort: 90666 (0/90666/0), network size: 0, avg network size: 0, si_in_serializable: 0 0 %, local: 0 %
I0312 09:06:49.137333 310061 Coordinator.h:152] average commit: 17775.9 abort: 90768.1 (0/90768.1/0), network size: 0, avg network size: 0, si_in_serializable: 0 0 %, local: 0 %
I0312 09:06:49.137375 310061 AriaExecutor.h:535] Worker 0 latency: 17753 us (50%) 18284 us (75%) 18734 us (95%) 22866 us (99%).
I0312 09:06:49.154124 310085 AriaExecutor.h:94] AriaExecutor 8 exits. 
I0312 09:06:49.154145 310078 AriaExecutor.h:94] AriaExecutor 1 exits. 
I0312 09:06:49.154135 310088 AriaExecutor.h:94] AriaExecutor 11 exits. 
I0312 09:06:49.154124 310083 AriaExecutor.h:94] AriaExecutor 6 exits. 
I0312 09:06:49.154137 310079 AriaExecutor.h:94] AriaExecutor 2 exits. 
I0312 09:06:49.154145 310081 AriaExecutor.h:94] AriaExecutor 4 exits. 
I0312 09:06:49.154127 310087 AriaExecutor.h:94] AriaExecutor 10 exits. 
I0312 09:06:49.154136 310086 AriaExecutor.h:94] AriaExecutor 9 exits. 
I0312 09:06:49.154124 310077 AriaExecutor.h:94] AriaExecutor 0 exits. 
I0312 09:06:49.154124 310082 AriaExecutor.h:94] AriaExecutor 5 exits. 
I0312 09:06:49.154145 310080 AriaExecutor.h:94] AriaExecutor 3 exits. 
I0312 09:06:49.154137 310084 AriaExecutor.h:94] AriaExecutor 7 exits. 
I0312 09:06:49.154143 310089 Manager.h:227] Manager(worker id = 12) on the coordinator node exits.
I0312 09:06:49.154431 310061 AriaExecutor.h:535] Worker 1 latency: 17755 us (50%) 18284 us (75%) 18721 us (95%) 22869 us (99%).
I0312 09:06:49.160043 310061 AriaExecutor.h:535] Worker 2 latency: 17748 us (50%) 18284 us (75%) 18731 us (95%) 22887 us (99%).
I0312 09:06:49.165465 310061 AriaExecutor.h:535] Worker 3 latency: 17757 us (50%) 18284 us (75%) 18719 us (95%) 22845 us (99%).
I0312 09:06:49.169665 310061 AriaExecutor.h:535] Worker 4 latency: 17759 us (50%) 18288 us (75%) 18763 us (95%) 22879 us (99%).
I0312 09:06:49.173111 310061 AriaExecutor.h:535] Worker 5 latency: 17750 us (50%) 18284 us (75%) 18732 us (95%) 22862 us (99%).
I0312 09:06:49.176545 310061 AriaExecutor.h:535] Worker 6 latency: 17760 us (50%) 18286 us (75%) 18719 us (95%) 22873 us (99%).
I0312 09:06:49.179163 310061 AriaExecutor.h:535] Worker 7 latency: 17753 us (50%) 18283 us (75%) 18715 us (95%) 22842 us (99%).
I0312 09:06:49.181495 310061 AriaExecutor.h:535] Worker 8 latency: 17761 us (50%) 18288 us (75%) 18726 us (95%) 22885 us (99%).
I0312 09:06:49.183789 310061 AriaExecutor.h:535] Worker 9 latency: 17753 us (50%) 18281 us (75%) 18729 us (95%) 22891 us (99%).
I0312 09:06:49.186054 310061 AriaExecutor.h:535] Worker 10 latency: 17758 us (50%) 18284 us (75%) 18717 us (95%) 22847 us (99%).
I0312 09:06:49.188300 310061 AriaExecutor.h:535] Worker 11 latency: 17751 us (50%) 18283 us (75%) 18727 us (95%) 22851 us (99%).
I0312 09:06:49.190256 310061 Coordinator.h:177] total commit: 17775.9
I0312 09:06:50.190439 310061 Coordinator.h:192] Coordinator exits.
=== current_aria_p12_t12_k40000_rw80_ops100_bs4096_zipf_0.2 ===
I0312 09:06:50.463855 310284 Database.h:65] ycsb initialization finished in 98 milliseconds.
I0312 09:06:50.464085 310284 Coordinator.h:30] Coordinator initializes 12 workers.
I0312 09:06:50.575739 310284 Coordinator.h:77] Coordinator starts to run 13 workers.
I0312 09:06:50.575839 310300 AriaExecutor.h:82] AriaExecutor 0 started. 
I0312 09:06:50.575902 310301 AriaExecutor.h:82] AriaExecutor 1 started. 
I0312 09:06:50.576000 310302 AriaExecutor.h:82] AriaExecutor 2 started. 
I0312 09:06:50.576052 310303 AriaExecutor.h:82] AriaExecutor 3 started. 
I0312 09:06:50.576143 310304 AriaExecutor.h:82] AriaExecutor 4 started. 
I0312 09:06:50.576202 310305 AriaExecutor.h:82] AriaExecutor 5 started. 
I0312 09:06:50.576323 310306 AriaExecutor.h:82] AriaExecutor 6 started. 
I0312 09:06:50.576437 310307 AriaExecutor.h:82] AriaExecutor 7 started. 
I0312 09:06:50.576488 310308 AriaExecutor.h:82] AriaExecutor 8 started. 
I0312 09:06:50.576587 310309 AriaExecutor.h:82] AriaExecutor 9 started. 
I0312 09:06:50.576704 310310 AriaExecutor.h:82] AriaExecutor 10 started. 
I0312 09:06:50.576819 310311 AriaExecutor.h:82] AriaExecutor 11 started. 
I0312 09:06:50.576937 310312 Manager.h:224] Manager(worker id = 12) on the coordinator node started.
I0312 09:06:51.576972 310284 Coordinator.h:126] commit: 7070 abort: 78946 (0/78946/0), network size: 0, avg network size: 0, si_in_serializable: 0 0 %, local: 0 %
I0312 09:06:52.577152 310284 Coordinator.h:126] commit: 8399 abort: 94001 (0/94001/0), network size: 0, avg network size: 0, si_in_serializable: 0 0 %, local: 0 %
I0312 09:06:53.577351 310284 Coordinator.h:126] commit: 9136 abort: 101456 (0/101456/0), network size: 0, avg network size: 0, si_in_serializable: 0 0 %, local: 0 %
I0312 09:06:54.577495 310284 Coordinator.h:126] commit: 9171 abort: 101421 (0/101421/0), network size: 0, avg network size: 0, si_in_serializable: 0 0 %, local: 0 %
I0312 09:06:55.577631 310284 Coordinator.h:126] commit: 9494 abort: 105194 (0/105194/0), network size: 0, avg network size: 0, si_in_serializable: 0 0 %, local: 0 %
I0312 09:06:56.577757 310284 Coordinator.h:126] commit: 9000 abort: 101592 (0/101592/0), network size: 0, avg network size: 0, si_in_serializable: 0 0 %, local: 0 %
I0312 09:06:57.577888 310284 Coordinator.h:126] commit: 9106 abort: 101486 (0/101486/0), network size: 0, avg network size: 0, si_in_serializable: 0 0 %, local: 0 %
I0312 09:06:58.578084 310284 Coordinator.h:126] commit: 9144 abort: 101448 (0/101448/0), network size: 0, avg network size: 0, si_in_serializable: 0 0 %, local: 0 %
I0312 09:06:59.578222 310284 Coordinator.h:126] commit: 9060 abort: 101532 (0/101532/0), network size: 0, avg network size: 0, si_in_serializable: 0 0 %, local: 0 %
I0312 09:07:00.578346 310284 Coordinator.h:126] commit: 9174 abort: 101418 (0/101418/0), network size: 0, avg network size: 0, si_in_serializable: 0 0 %, local: 0 %
I0312 09:07:01.578461 310284 Coordinator.h:126] commit: 9329 abort: 105092 (0/105092/0), network size: 0, avg network size: 0, si_in_serializable: 0 0 %, local: 0 %
I0312 09:07:02.578589 310284 Coordinator.h:126] commit: 9049 abort: 101810 (0/101810/0), network size: 0, avg network size: 0, si_in_serializable: 0 0 %, local: 0 %
I0312 09:07:03.578706 310284 Coordinator.h:126] commit: 8964 abort: 101628 (0/101628/0), network size: 0, avg network size: 0, si_in_serializable: 0 0 %, local: 0 %
I0312 09:07:04.578827 310284 Coordinator.h:126] commit: 9242 abort: 101350 (0/101350/0), network size: 0, avg network size: 0, si_in_serializable: 0 0 %, local: 0 %
I0312 09:07:05.578950 310284 Coordinator.h:126] commit: 9125 abort: 101467 (0/101467/0), network size: 0, avg network size: 0, si_in_serializable: 0 0 %, local: 0 %
I0312 09:07:06.579069 310284 Coordinator.h:126] commit: 9118 abort: 101474 (0/101474/0), network size: 0, avg network size: 0, si_in_serializable: 0 0 %, local: 0 %
I0312 09:07:07.579205 310284 Coordinator.h:126] commit: 9152 abort: 101440 (0/101440/0), network size: 0, avg network size: 0, si_in_serializable: 0 0 %, local: 0 %
I0312 09:07:08.579325 310284 Coordinator.h:126] commit: 9485 abort: 105203 (0/105203/0), network size: 0, avg network size: 0, si_in_serializable: 0 0 %, local: 0 %
I0312 09:07:09.579439 310284 Coordinator.h:126] commit: 9049 abort: 101543 (0/101543/0), network size: 0, avg network size: 0, si_in_serializable: 0 0 %, local: 0 %
I0312 09:07:10.579613 310284 Coordinator.h:126] commit: 9114 abort: 101478 (0/101478/0), network size: 0, avg network size: 0, si_in_serializable: 0 0 %, local: 0 %
I0312 09:07:11.579756 310284 Coordinator.h:126] commit: 9110 abort: 101482 (0/101482/0), network size: 0, avg network size: 0, si_in_serializable: 0 0 %, local: 0 %
I0312 09:07:12.579883 310284 Coordinator.h:126] commit: 9439 abort: 105249 (0/105249/0), network size: 0, avg network size: 0, si_in_serializable: 0 0 %, local: 0 %
I0312 09:07:13.580003 310284 Coordinator.h:126] commit: 9023 abort: 101569 (0/101569/0), network size: 0, avg network size: 0, si_in_serializable: 0 0 %, local: 0 %
I0312 09:07:14.580129 310284 Coordinator.h:126] commit: 9085 abort: 101507 (0/101507/0), network size: 0, avg network size: 0, si_in_serializable: 0 0 %, local: 0 %
I0312 09:07:15.580310 310284 Coordinator.h:126] commit: 9036 abort: 101556 (0/101556/0), network size: 0, avg network size: 0, si_in_serializable: 0 0 %, local: 0 %
I0312 09:07:15.580355 310284 Coordinator.h:152] average commit: 9162.7 abort: 102248 (0/102248/0), network size: 0, avg network size: 0, si_in_serializable: 0 0 %, local: 0 %
I0312 09:07:15.580400 310284 AriaExecutor.h:535] Worker 0 latency: 35671 us (50%) 36191 us (75%) 37674 us (95%) 44595 us (99%).
I0312 09:07:15.594468 310307 AriaExecutor.h:94] AriaExecutor 7 exits. 
I0312 09:07:15.594475 310304 AriaExecutor.h:94] AriaExecutor 4 exits. 
I0312 09:07:15.594468 310305 AriaExecutor.h:94] AriaExecutor 5 exits. 
I0312 09:07:15.594468 310303 AriaExecutor.h:94] AriaExecutor 3 exits. 
I0312 09:07:15.594468 310302 AriaExecutor.h:94] AriaExecutor 2 exits. 
I0312 09:07:15.594483 310312 Manager.h:227] Manager(worker id = 12) on the coordinator node exits.
I0312 09:07:15.594468 310309 AriaExecutor.h:94] AriaExecutor 9 exits. 
I0312 09:07:15.594468 310310 AriaExecutor.h:94] AriaExecutor 10 exits. 
I0312 09:07:15.594476 310306 AriaExecutor.h:94] AriaExecutor 6 exits. 
I0312 09:07:15.594468 310311 AriaExecutor.h:94] AriaExecutor 11 exits. 
I0312 09:07:15.594477 310301 AriaExecutor.h:94] AriaExecutor 1 exits. 
I0312 09:07:15.594478 310308 AriaExecutor.h:94] AriaExecutor 8 exits. 
I0312 09:07:15.594468 310300 AriaExecutor.h:94] AriaExecutor 0 exits. 
I0312 09:07:15.594770 310284 AriaExecutor.h:535] Worker 1 latency: 35682 us (50%) 36190 us (75%) 37783 us (95%) 44638 us (99%).
I0312 09:07:15.597592 310284 AriaExecutor.h:535] Worker 2 latency: 35677 us (50%) 36191 us (75%) 37757 us (95%) 44629 us (99%).
I0312 09:07:15.600421 310284 AriaExecutor.h:535] Worker 3 latency: 35679 us (50%) 36193 us (75%) 37678 us (95%) 44611 us (99%).
I0312 09:07:15.603138 310284 AriaExecutor.h:535] Worker 4 latency: 35679 us (50%) 36189 us (75%) 37728 us (95%) 44646 us (99%).
I0312 09:07:15.605679 310284 AriaExecutor.h:535] Worker 5 latency: 35668 us (50%) 36188 us (75%) 37687 us (95%) 44636 us (99%).
I0312 09:07:15.607843 310284 AriaExecutor.h:535] Worker 6 latency: 35672 us (50%) 36189 us (75%) 37769 us (95%) 44602 us (99%).
I0312 09:07:15.609984 310284 AriaExecutor.h:535] Worker 7 latency: 35672 us (50%) 36188 us (75%) 37702 us (95%) 44623 us (99%).
I0312 09:07:15.612097 310284 AriaExecutor.h:535] Worker 8 latency: 35677 us (50%) 36187 us (75%) 37695 us (95%) 44638 us (99%).
I0312 09:07:15.614228 310284 AriaExecutor.h:535] Worker 9 latency: 35687 us (50%) 36192 us (75%) 37752 us (95%) 44603 us (99%).
I0312 09:07:15.615842 310284 AriaExecutor.h:535] Worker 10 latency: 35684 us (50%) 36187 us (75%) 37742 us (95%) 44619 us (99%).
I0312 09:07:15.617233 310284 AriaExecutor.h:535] Worker 11 latency: 35681 us (50%) 36192 us (75%) 37724 us (95%) 44603 us (99%).
I0312 09:07:15.618624 310284 Coordinator.h:177] total commit: 9162.7
I0312 09:07:16.618814 310284 Coordinator.h:192] Coordinator exits.
=== current_aria_p12_t12_k40000_rw50_ops10_bs1024_zipf_0.4 ===
I0312 09:07:16.924798 310351 Database.h:65] ycsb initialization finished in 99 milliseconds.
I0312 09:07:16.925024 310351 Coordinator.h:30] Coordinator initializes 12 workers.
I0312 09:07:16.961761 310351 Coordinator.h:77] Coordinator starts to run 13 workers.
I0312 09:07:16.961858 310367 AriaExecutor.h:82] AriaExecutor 0 started. 
I0312 09:07:16.961897 310368 AriaExecutor.h:82] AriaExecutor 1 started. 
I0312 09:07:16.962013 310369 AriaExecutor.h:82] AriaExecutor 2 started. 
I0312 09:07:16.962127 310370 AriaExecutor.h:82] AriaExecutor 3 started. 
I0312 09:07:16.962247 310371 AriaExecutor.h:82] AriaExecutor 4 started. 
I0312 09:07:16.962364 310372 AriaExecutor.h:82] AriaExecutor 5 started. 
I0312 09:07:16.962481 310373 AriaExecutor.h:82] AriaExecutor 6 started. 
I0312 09:07:16.962596 310374 AriaExecutor.h:82] AriaExecutor 7 started. 
I0312 09:07:16.962713 310375 AriaExecutor.h:82] AriaExecutor 8 started. 
I0312 09:07:16.962826 310376 AriaExecutor.h:82] AriaExecutor 9 started. 
I0312 09:07:16.962939 310377 AriaExecutor.h:82] AriaExecutor 10 started. 
I0312 09:07:16.963053 310378 AriaExecutor.h:82] AriaExecutor 11 started. 
I0312 09:07:16.963171 310379 Manager.h:224] Manager(worker id = 12) on the coordinator node started.
I0312 09:07:17.963194 310351 Coordinator.h:126] commit: 371734 abort: 17386 (0/17386/0), network size: 0, avg network size: 0, si_in_serializable: 0 0 %, local: 0 %
I0312 09:07:18.963366 310351 Coordinator.h:126] commit: 383536 abort: 17872 (0/17872/0), network size: 0, avg network size: 0, si_in_serializable: 0 0 %, local: 0 %
I0312 09:07:19.963560 310351 Coordinator.h:126] commit: 395363 abort: 18333 (0/18333/0), network size: 0, avg network size: 0, si_in_serializable: 0 0 %, local: 0 %
I0312 09:07:20.963702 310351 Coordinator.h:126] commit: 399207 abort: 18491 (0/18491/0), network size: 0, avg network size: 0, si_in_serializable: 0 0 %, local: 0 %
I0312 09:07:21.963824 310351 Coordinator.h:126] commit: 395402 abort: 18386 (0/18386/0), network size: 0, avg network size: 0, si_in_serializable: 0 0 %, local: 0 %
I0312 09:07:22.963944 310351 Coordinator.h:126] commit: 395998 abort: 18722 (0/18722/0), network size: 0, avg network size: 0, si_in_serializable: 0 0 %, local: 0 %
I0312 09:07:23.964061 310351 Coordinator.h:126] commit: 399260 abort: 18532 (0/18532/0), network size: 0, avg network size: 0, si_in_serializable: 0 0 %, local: 0 %
I0312 09:07:24.964236 310351 Coordinator.h:126] commit: 396283 abort: 18437 (0/18437/0), network size: 0, avg network size: 0, si_in_serializable: 0 0 %, local: 0 %
I0312 09:07:25.964395 310351 Coordinator.h:126] commit: 392384 abort: 18240 (0/18240/0), network size: 0, avg network size: 0, si_in_serializable: 0 0 %, local: 0 %
I0312 09:07:26.964524 310351 Coordinator.h:126] commit: 398142 abort: 18626 (0/18626/0), network size: 0, avg network size: 0, si_in_serializable: 0 0 %, local: 0 %
I0312 09:07:27.964648 310351 Coordinator.h:126] commit: 398757 abort: 18594 (0/18594/0), network size: 0, avg network size: 0, si_in_serializable: 0 0 %, local: 0 %
I0312 09:07:28.964766 310351 Coordinator.h:126] commit: 398419 abort: 18788 (0/18788/0), network size: 0, avg network size: 0, si_in_serializable: 0 0 %, local: 0 %
I0312 09:07:29.964880 310351 Coordinator.h:126] commit: 396296 abort: 18424 (0/18424/0), network size: 0, avg network size: 0, si_in_serializable: 0 0 %, local: 0 %
I0312 09:07:30.965008 310351 Coordinator.h:126] commit: 399104 abort: 18688 (0/18688/0), network size: 0, avg network size: 0, si_in_serializable: 0 0 %, local: 0 %
I0312 09:07:31.965191 310351 Coordinator.h:126] commit: 398202 abort: 18566 (0/18566/0), network size: 0, avg network size: 0, si_in_serializable: 0 0 %, local: 0 %
I0312 09:07:32.965333 310351 Coordinator.h:126] commit: 390529 abort: 18047 (0/18047/0), network size: 0, avg network size: 0, si_in_serializable: 0 0 %, local: 0 %
I0312 09:07:33.965446 310351 Coordinator.h:126] commit: 384613 abort: 17819 (0/17819/0), network size: 0, avg network size: 0, si_in_serializable: 0 0 %, local: 0 %
I0312 09:07:34.965569 310351 Coordinator.h:126] commit: 396094 abort: 18626 (0/18626/0), network size: 0, avg network size: 0, si_in_serializable: 0 0 %, local: 0 %
I0312 09:07:35.965711 310351 Coordinator.h:126] commit: 398461 abort: 18732 (0/18732/0), network size: 0, avg network size: 0, si_in_serializable: 0 0 %, local: 0 %
I0312 09:07:36.965832 310351 Coordinator.h:126] commit: 398527 abort: 18839 (0/18839/0), network size: 0, avg network size: 0, si_in_serializable: 0 0 %, local: 0 %
I0312 09:07:37.965961 310351 Coordinator.h:126] commit: 399462 abort: 18330 (0/18330/0), network size: 0, avg network size: 0, si_in_serializable: 0 0 %, local: 0 %
I0312 09:07:38.966094 310351 Coordinator.h:126] commit: 398323 abort: 18445 (0/18445/0), network size: 0, avg network size: 0, si_in_serializable: 0 0 %, local: 0 %
I0312 09:07:39.966219 310351 Coordinator.h:126] commit: 398079 abort: 18689 (0/18689/0), network size: 0, avg network size: 0, si_in_serializable: 0 0 %, local: 0 %
I0312 09:07:40.966346 310351 Coordinator.h:126] commit: 399060 abort: 18732 (0/18732/0), network size: 0, avg network size: 0, si_in_serializable: 0 0 %, local: 0 %
I0312 09:07:41.966470 310351 Coordinator.h:126] commit: 399283 abort: 18509 (0/18509/0), network size: 0, avg network size: 0, si_in_serializable: 0 0 %, local: 0 %
I0312 09:07:41.966509 310351 Coordinator.h:152] average commit: 395900 abort: 18512.3 (0/18512.3/0), network size: 0, avg network size: 0, si_in_serializable: 0 0 %, local: 0 %
I0312 09:07:41.968984 310374 AriaExecutor.h:94] AriaExecutor 7 exits. 
I0312 09:07:41.969002 310371 AriaExecutor.h:94] AriaExecutor 4 exits. 
I0312 09:07:41.968990 310379 Manager.h:227] Manager(worker id = 12) on the coordinator node exits.
I0312 09:07:41.968998 310376 AriaExecutor.h:94] AriaExecutor 9 exits. 
I0312 09:07:41.968984 310370 AriaExecutor.h:94] AriaExecutor 3 exits. 
I0312 09:07:41.968999 310378 AriaExecutor.h:94] AriaExecutor 11 exits. 
I0312 09:07:41.968998 310367 AriaExecutor.h:94] AriaExecutor 0 exits. 
I0312 09:07:41.968984 310373 AriaExecutor.h:94] AriaExecutor 6 exits. 
I0312 09:07:41.969000 310369 AriaExecutor.h:94] AriaExecutor 2 exits. 
I0312 09:07:41.969000 310368 AriaExecutor.h:94] AriaExecutor 1 exits. 
I0312 09:07:41.969000 310375 AriaExecutor.h:94] AriaExecutor 8 exits. 
I0312 09:07:41.968999 310372 AriaExecutor.h:94] AriaExecutor 5 exits. 
I0312 09:07:41.968984 310377 AriaExecutor.h:94] AriaExecutor 10 exits. 
I0312 09:07:41.966557 310351 AriaExecutor.h:535] Worker 0 latency: 1649 us (50%) 2036 us (75%) 2338 us (95%) 2406 us (99%).
I0312 09:07:42.018584 310351 AriaExecutor.h:535] Worker 1 latency: 1652 us (50%) 2037 us (75%) 2339 us (95%) 2406 us (99%).
I0312 09:07:42.056051 310351 AriaExecutor.h:535] Worker 2 latency: 1652 us (50%) 2037 us (75%) 2338 us (95%) 2406 us (99%).
I0312 09:07:42.093478 310351 AriaExecutor.h:535] Worker 3 latency: 1652 us (50%) 2037 us (75%) 2338 us (95%) 2406 us (99%).
I0312 09:07:42.131045 310351 AriaExecutor.h:535] Worker 4 latency: 1659 us (50%) 2040 us (75%) 2339 us (95%) 2405 us (99%).
I0312 09:07:42.167891 310351 AriaExecutor.h:535] Worker 5 latency: 1658 us (50%) 2040 us (75%) 2339 us (95%) 2406 us (99%).
I0312 09:07:42.204572 310351 AriaExecutor.h:535] Worker 6 latency: 1658 us (50%) 2040 us (75%) 2339 us (95%) 2405 us (99%).
I0312 09:07:42.240926 310351 AriaExecutor.h:535] Worker 7 latency: 1659 us (50%) 2041 us (75%) 2339 us (95%) 2406 us (99%).
I0312 09:07:42.276748 310351 AriaExecutor.h:535] Worker 8 latency: 1660 us (50%) 2041 us (75%) 2339 us (95%) 2406 us (99%).
I0312 09:07:42.313194 310351 AriaExecutor.h:535] Worker 9 latency: 1659 us (50%) 2040 us (75%) 2339 us (95%) 2406 us (99%).
I0312 09:07:42.349817 310351 AriaExecutor.h:535] Worker 10 latency: 1661 us (50%) 2041 us (75%) 2339 us (95%) 2406 us (99%).
I0312 09:07:42.385923 310351 AriaExecutor.h:535] Worker 11 latency: 1659 us (50%) 2040 us (75%) 2339 us (95%) 2406 us (99%).
I0312 09:07:42.422339 310351 Coordinator.h:177] total commit: 395900
I0312 09:07:43.422536 310351 Coordinator.h:192] Coordinator exits.
=== current_aria_p12_t12_k40000_rw50_ops10_bs2048_zipf_0.4 ===
I0312 09:07:43.701210 310576 Database.h:65] ycsb initialization finished in 97 milliseconds.
I0312 09:07:43.701439 310576 Coordinator.h:30] Coordinator initializes 12 workers.
I0312 09:07:43.764079 310576 Coordinator.h:77] Coordinator starts to run 13 workers.
I0312 09:07:43.764168 310592 AriaExecutor.h:82] AriaExecutor 0 started. 
I0312 09:07:43.764221 310593 AriaExecutor.h:82] AriaExecutor 1 started. 
I0312 09:07:43.764348 310594 AriaExecutor.h:82] AriaExecutor 2 started. 
I0312 09:07:43.764379 310595 AriaExecutor.h:82] AriaExecutor 3 started. 
I0312 09:07:43.764501 310596 AriaExecutor.h:82] AriaExecutor 4 started. 
I0312 09:07:43.764516 310597 AriaExecutor.h:82] AriaExecutor 5 started. 
I0312 09:07:43.764614 310598 AriaExecutor.h:82] AriaExecutor 6 started. 
I0312 09:07:43.764676 310599 AriaExecutor.h:82] AriaExecutor 7 started. 
I0312 09:07:43.764763 310600 AriaExecutor.h:82] AriaExecutor 8 started. 
I0312 09:07:43.764816 310601 AriaExecutor.h:82] AriaExecutor 9 started. 
I0312 09:07:43.764894 310602 AriaExecutor.h:82] AriaExecutor 10 started. 
I0312 09:07:43.764972 310603 AriaExecutor.h:82] AriaExecutor 11 started. 
I0312 09:07:43.765095 310604 Manager.h:224] Manager(worker id = 12) on the coordinator node started.
I0312 09:07:44.765096 310576 Coordinator.h:126] commit: 341902 abort: 32882 (0/32882/0), network size: 0, avg network size: 0, si_in_serializable: 0 0 %, local: 0 %
I0312 09:07:45.765242 310576 Coordinator.h:126] commit: 356858 abort: 34310 (0/34310/0), network size: 0, avg network size: 0, si_in_serializable: 0 0 %, local: 0 %
I0312 09:07:46.765431 310576 Coordinator.h:126] commit: 370276 abort: 35345 (0/35345/0), network size: 0, avg network size: 0, si_in_serializable: 0 0 %, local: 0 %
I0312 09:07:47.765568 310576 Coordinator.h:126] commit: 373262 abort: 36219 (0/36219/0), network size: 0, avg network size: 0, si_in_serializable: 0 0 %, local: 0 %
I0312 09:07:48.765693 310576 Coordinator.h:126] commit: 368375 abort: 35081 (0/35081/0), network size: 0, avg network size: 0, si_in_serializable: 0 0 %, local: 0 %
I0312 09:07:49.765816 310576 Coordinator.h:126] commit: 370165 abort: 35339 (0/35339/0), network size: 0, avg network size: 0, si_in_serializable: 0 0 %, local: 0 %
I0312 09:07:50.765935 310576 Coordinator.h:126] commit: 373374 abort: 36226 (0/36226/0), network size: 0, avg network size: 0, si_in_serializable: 0 0 %, local: 0 %
I0312 09:07:51.766117 310576 Coordinator.h:126] commit: 371603 abort: 35949 (0/35949/0), network size: 0, avg network size: 0, si_in_serializable: 0 0 %, local: 0 %
I0312 09:07:52.766252 310576 Coordinator.h:126] commit: 366218 abort: 35190 (0/35190/0), network size: 0, avg network size: 0, si_in_serializable: 0 0 %, local: 0 %
I0312 09:07:53.766374 310576 Coordinator.h:126] commit: 371648 abort: 35904 (0/35904/0), network size: 0, avg network size: 0, si_in_serializable: 0 0 %, local: 0 %
I0312 09:07:54.766494 310576 Coordinator.h:126] commit: 371771 abort: 35781 (0/35781/0), network size: 0, avg network size: 0, si_in_serializable: 0 0 %, local: 0 %
I0312 09:07:55.766618 310576 Coordinator.h:126] commit: 372134 abort: 35418 (0/35418/0), network size: 0, avg network size: 0, si_in_serializable: 0 0 %, local: 0 %
I0312 09:07:56.766738 310576 Coordinator.h:126] commit: 371865 abort: 35687 (0/35687/0), network size: 0, avg network size: 0, si_in_serializable: 0 0 %, local: 0 %
I0312 09:07:57.766855 310576 Coordinator.h:126] commit: 370026 abort: 35478 (0/35478/0), network size: 0, avg network size: 0, si_in_serializable: 0 0 %, local: 0 %
I0312 09:07:58.767037 310576 Coordinator.h:126] commit: 370506 abort: 34998 (0/34998/0), network size: 0, avg network size: 0, si_in_serializable: 0 0 %, local: 0 %
I0312 09:07:59.767168 310576 Coordinator.h:126] commit: 371854 abort: 35698 (0/35698/0), network size: 0, avg network size: 0, si_in_serializable: 0 0 %, local: 0 %
I0312 09:08:00.767280 310576 Coordinator.h:126] commit: 373774 abort: 35826 (0/35826/0), network size: 0, avg network size: 0, si_in_serializable: 0 0 %, local: 0 %
I0312 09:08:01.767393 310576 Coordinator.h:126] commit: 358699 abort: 34517 (0/34517/0), network size: 0, avg network size: 0, si_in_serializable: 0 0 %, local: 0 %
I0312 09:08:02.767505 310576 Coordinator.h:126] commit: 371477 abort: 36075 (0/36075/0), network size: 0, avg network size: 0, si_in_serializable: 0 0 %, local: 0 %
I0312 09:08:03.767619 310576 Coordinator.h:126] commit: 371986 abort: 35566 (0/35566/0), network size: 0, avg network size: 0, si_in_serializable: 0 0 %, local: 0 %
I0312 09:08:04.767728 310576 Coordinator.h:126] commit: 371682 abort: 35870 (0/35870/0), network size: 0, avg network size: 0, si_in_serializable: 0 0 %, local: 0 %
I0312 09:08:05.767848 310576 Coordinator.h:126] commit: 371899 abort: 35653 (0/35653/0), network size: 0, avg network size: 0, si_in_serializable: 0 0 %, local: 0 %
I0312 09:08:06.767961 310576 Coordinator.h:126] commit: 371812 abort: 35740 (0/35740/0), network size: 0, avg network size: 0, si_in_serializable: 0 0 %, local: 0 %
I0312 09:08:07.768070 310576 Coordinator.h:126] commit: 369903 abort: 35601 (0/35601/0), network size: 0, avg network size: 0, si_in_serializable: 0 0 %, local: 0 %
I0312 09:08:08.768184 310576 Coordinator.h:126] commit: 371804 abort: 35748 (0/35748/0), network size: 0, avg network size: 0, si_in_serializable: 0 0 %, local: 0 %
I0312 09:08:08.768221 310576 Coordinator.h:152] average commit: 370409 abort: 35504.4 (0/35504.4/0), network size: 0, avg network size: 0, si_in_serializable: 0 0 %, local: 0 %
I0312 09:08:08.770849 310603 AriaExecutor.h:94] AriaExecutor 11 exits. 
I0312 09:08:08.770849 310597 AriaExecutor.h:94] AriaExecutor 5 exits. 
I0312 09:08:08.770849 310601 AriaExecutor.h:94] AriaExecutor 9 exits. 
I0312 09:08:08.770869 310593 AriaExecutor.h:94] AriaExecutor 1 exits. 
I0312 09:08:08.770866 310594 AriaExecutor.h:94] AriaExecutor 2 exits. 
I0312 09:08:08.770849 310600 AriaExecutor.h:94] AriaExecutor 8 exits. 
I0312 09:08:08.770870 310602 AriaExecutor.h:94] AriaExecutor 10 exits. 
I0312 09:08:08.770866 310595 AriaExecutor.h:94] AriaExecutor 3 exits. 
I0312 09:08:08.770869 310596 AriaExecutor.h:94] AriaExecutor 4 exits. 
I0312 09:08:08.770867 310599 AriaExecutor.h:94] AriaExecutor 7 exits. 
I0312 09:08:08.770869 310592 AriaExecutor.h:94] AriaExecutor 0 exits. 
I0312 09:08:08.770866 310598 AriaExecutor.h:94] AriaExecutor 6 exits. 
I0312 09:08:08.770874 310604 Manager.h:227] Manager(worker id = 12) on the coordinator node exits.
I0312 09:08:08.768278 310576 AriaExecutor.h:535] Worker 0 latency: 3420 us (50%) 4184 us (75%) 4767 us (95%) 4894 us (99%).
I0312 09:08:08.823995 310576 AriaExecutor.h:535] Worker 1 latency: 3426 us (50%) 4186 us (75%) 4767 us (95%) 4893 us (99%).
I0312 09:08:08.865571 310576 AriaExecutor.h:535] Worker 2 latency: 3425 us (50%) 4186 us (75%) 4767 us (95%) 4893 us (99%).
I0312 09:08:08.908896 310576 AriaExecutor.h:535] Worker 3 latency: 3425 us (50%) 4186 us (75%) 4767 us (95%) 4893 us (99%).
I0312 09:08:08.949991 310576 AriaExecutor.h:535] Worker 4 latency: 3423 us (50%) 4185 us (75%) 4766 us (95%) 4893 us (99%).
I0312 09:08:08.991895 310576 AriaExecutor.h:535] Worker 5 latency: 3418 us (50%) 4183 us (75%) 4766 us (95%) 4893 us (99%).
I0312 09:08:09.032974 310576 AriaExecutor.h:535] Worker 6 latency: 3424 us (50%) 4185 us (75%) 4766 us (95%) 4893 us (99%).
I0312 09:08:09.074033 310576 AriaExecutor.h:535] Worker 7 latency: 3423 us (50%) 4184 us (75%) 4766 us (95%) 4891 us (99%).
I0312 09:08:09.115199 310576 AriaExecutor.h:535] Worker 8 latency: 3432 us (50%) 4188 us (75%) 4767 us (95%) 4892 us (99%).
I0312 09:08:09.158555 310576 AriaExecutor.h:535] Worker 9 latency: 3432 us (50%) 4190 us (75%) 4767 us (95%) 4893 us (99%).
I0312 09:08:09.200102 310576 AriaExecutor.h:535] Worker 10 latency: 3433 us (50%) 4190 us (75%) 4767 us (95%) 4893 us (99%).
I0312 09:08:09.241274 310576 AriaExecutor.h:535] Worker 11 latency: 3430 us (50%) 4189 us (75%) 4768 us (95%) 4894 us (99%).
I0312 09:08:09.282508 310576 Coordinator.h:177] total commit: 370409
I0312 09:08:10.282712 310576 Coordinator.h:192] Coordinator exits.
=== current_aria_p12_t12_k40000_rw50_ops10_bs4096_zipf_0.4 ===
I0312 09:08:10.563784 310634 Database.h:65] ycsb initialization finished in 97 milliseconds.
I0312 09:08:10.564023 310634 Coordinator.h:30] Coordinator initializes 12 workers.
I0312 09:08:10.674891 310634 Coordinator.h:77] Coordinator starts to run 13 workers.
I0312 09:08:10.675004 310651 AriaExecutor.h:82] AriaExecutor 0 started. 
I0312 09:08:10.675037 310652 AriaExecutor.h:82] AriaExecutor 1 started. 
I0312 09:08:10.675172 310653 AriaExecutor.h:82] AriaExecutor 2 started. 
I0312 09:08:10.675273 310654 AriaExecutor.h:82] AriaExecutor 3 started. 
I0312 09:08:10.675379 310655 AriaExecutor.h:82] AriaExecutor 4 started. 
I0312 09:08:10.675427 310656 AriaExecutor.h:82] AriaExecutor 5 started. 
I0312 09:08:10.675529 310657 AriaExecutor.h:82] AriaExecutor 6 started. 
I0312 09:08:10.675630 310658 AriaExecutor.h:82] AriaExecutor 7 started. 
I0312 09:08:10.675675 310659 AriaExecutor.h:82] AriaExecutor 8 started. 
I0312 09:08:10.675765 310660 AriaExecutor.h:82] AriaExecutor 9 started. 
I0312 09:08:10.675801 310661 AriaExecutor.h:82] AriaExecutor 10 started. 
I0312 09:08:10.675900 310662 AriaExecutor.h:82] AriaExecutor 11 started. 
I0312 09:08:10.675940 310663 Manager.h:224] Manager(worker id = 12) on the coordinator node started.
I0312 09:08:11.675981 310634 Coordinator.h:126] commit: 293099 abort: 59157 (0/59157/0), network size: 0, avg network size: 0, si_in_serializable: 0 0 %, local: 0 %
I0312 09:08:12.676128 310634 Coordinator.h:126] commit: 309810 abort: 62926 (0/62926/0), network size: 0, avg network size: 0, si_in_serializable: 0 0 %, local: 0 %
I0312 09:08:13.676324 310634 Coordinator.h:126] commit: 327561 abort: 65655 (0/65655/0), network size: 0, avg network size: 0, si_in_serializable: 0 0 %, local: 0 %
I0312 09:08:14.676463 310634 Coordinator.h:126] commit: 324133 abort: 64987 (0/64987/0), network size: 0, avg network size: 0, si_in_serializable: 0 0 %, local: 0 %
I0312 09:08:15.676595 310634 Coordinator.h:126] commit: 323685 abort: 65435 (0/65435/0), network size: 0, avg network size: 0, si_in_serializable: 0 0 %, local: 0 %
I0312 09:08:16.676743 310634 Coordinator.h:126] commit: 323836 abort: 65284 (0/65284/0), network size: 0, avg network size: 0, si_in_serializable: 0 0 %, local: 0 %
I0312 09:08:17.676867 310634 Coordinator.h:126] commit: 326991 abort: 66225 (0/66225/0), network size: 0, avg network size: 0, si_in_serializable: 0 0 %, local: 0 %
I0312 09:08:18.677067 310634 Coordinator.h:126] commit: 327293 abort: 65923 (0/65923/0), network size: 0, avg network size: 0, si_in_serializable: 0 0 %, local: 0 %
I0312 09:08:19.677213 310634 Coordinator.h:126] commit: 323745 abort: 65375 (0/65375/0), network size: 0, avg network size: 0, si_in_serializable: 0 0 %, local: 0 %
I0312 09:08:20.677333 310634 Coordinator.h:126] commit: 319832 abort: 65192 (0/65192/0), network size: 0, avg network size: 0, si_in_serializable: 0 0 %, local: 0 %
I0312 09:08:21.677450 310634 Coordinator.h:126] commit: 327508 abort: 65708 (0/65708/0), network size: 0, avg network size: 0, si_in_serializable: 0 0 %, local: 0 %
I0312 09:08:22.677567 310634 Coordinator.h:126] commit: 323703 abort: 65417 (0/65417/0), network size: 0, avg network size: 0, si_in_serializable: 0 0 %, local: 0 %
I0312 09:08:23.677685 310634 Coordinator.h:126] commit: 327103 abort: 66113 (0/66113/0), network size: 0, avg network size: 0, si_in_serializable: 0 0 %, local: 0 %
I0312 09:08:24.677806 310634 Coordinator.h:126] commit: 327616 abort: 65600 (0/65600/0), network size: 0, avg network size: 0, si_in_serializable: 0 0 %, local: 0 %
I0312 09:08:25.677932 310634 Coordinator.h:126] commit: 323692 abort: 65428 (0/65428/0), network size: 0, avg network size: 0, si_in_serializable: 0 0 %, local: 0 %
I0312 09:08:26.678053 310634 Coordinator.h:126] commit: 327514 abort: 65702 (0/65702/0), network size: 0, avg network size: 0, si_in_serializable: 0 0 %, local: 0 %
I0312 09:08:27.678169 310634 Coordinator.h:126] commit: 323665 abort: 65455 (0/65455/0), network size: 0, avg network size: 0, si_in_serializable: 0 0 %, local: 0 %
I0312 09:08:28.678288 310634 Coordinator.h:126] commit: 327432 abort: 65784 (0/65784/0), network size: 0, avg network size: 0, si_in_serializable: 0 0 %, local: 0 %
I0312 09:08:29.678467 310634 Coordinator.h:126] commit: 323736 abort: 65384 (0/65384/0), network size: 0, avg network size: 0, si_in_serializable: 0 0 %, local: 0 %
I0312 09:08:30.678599 310634 Coordinator.h:126] commit: 310180 abort: 62556 (0/62556/0), network size: 0, avg network size: 0, si_in_serializable: 0 0 %, local: 0 %
I0312 09:08:31.678719 310634 Coordinator.h:126] commit: 327295 abort: 65921 (0/65921/0), network size: 0, avg network size: 0, si_in_serializable: 0 0 %, local: 0 %
I0312 09:08:32.678835 310634 Coordinator.h:126] commit: 323976 abort: 65144 (0/65144/0), network size: 0, avg network size: 0, si_in_serializable: 0 0 %, local: 0 %
I0312 09:08:33.678951 310634 Coordinator.h:126] commit: 327374 abort: 65842 (0/65842/0), network size: 0, avg network size: 0, si_in_serializable: 0 0 %, local: 0 %
I0312 09:08:34.679075 310634 Coordinator.h:126] commit: 323769 abort: 65351 (0/65351/0), network size: 0, avg network size: 0, si_in_serializable: 0 0 %, local: 0 %
I0312 09:08:35.679215 310634 Coordinator.h:126] commit: 327247 abort: 65969 (0/65969/0), network size: 0, avg network size: 0, si_in_serializable: 0 0 %, local: 0 %
I0312 09:08:35.679277 310634 Coordinator.h:152] average commit: 324215 abort: 65314.7 (0/65314.7/0), network size: 0, avg network size: 0, si_in_serializable: 0 0 %, local: 0 %
I0312 09:08:35.686462 310651 AriaExecutor.h:94] AriaExecutor 0 exits. 
I0312 09:08:35.686486 310663 Manager.h:227] Manager(worker id = 12) on the coordinator node exits.
I0312 09:08:35.686476 310652 AriaExecutor.h:94] AriaExecutor 1 exits. 
I0312 09:08:35.686477 310656 AriaExecutor.h:94] AriaExecutor 5 exits. 
I0312 09:08:35.686462 310657 AriaExecutor.h:94] AriaExecutor 6 exits. 
I0312 09:08:35.686478 310659 AriaExecutor.h:94] AriaExecutor 8 exits. 
I0312 09:08:35.686475 310660 AriaExecutor.h:94] AriaExecutor 9 exits. 
I0312 09:08:35.686479 310655 AriaExecutor.h:94] AriaExecutor 4 exits. 
I0312 09:08:35.686462 310662 AriaExecutor.h:94] AriaExecutor 11 exits. 
I0312 09:08:35.686477 310654 AriaExecutor.h:94] AriaExecutor 3 exits. 
I0312 09:08:35.686479 310653 AriaExecutor.h:94] AriaExecutor 2 exits. 
I0312 09:08:35.686478 310661 AriaExecutor.h:94] AriaExecutor 10 exits. 
I0312 09:08:35.686462 310658 AriaExecutor.h:94] AriaExecutor 7 exits. 
I0312 09:08:35.679322 310634 AriaExecutor.h:535] Worker 0 latency: 7318 us (50%) 8798 us (75%) 9881 us (95%) 10135 us (99%).
I0312 09:08:35.723505 310634 AriaExecutor.h:535] Worker 1 latency: 7326 us (50%) 8801 us (75%) 9881 us (95%) 10134 us (99%).
I0312 09:08:35.755599 310634 AriaExecutor.h:535] Worker 2 latency: 7327 us (50%) 8800 us (75%) 9881 us (95%) 10129 us (99%).
I0312 09:08:35.787245 310634 AriaExecutor.h:535] Worker 3 latency: 7326 us (50%) 8800 us (75%) 9879 us (95%) 10124 us (99%).
I0312 09:08:35.819521 310634 AriaExecutor.h:535] Worker 4 latency: 7328 us (50%) 8800 us (75%) 9879 us (95%) 10128 us (99%).
I0312 09:08:35.851040 310634 AriaExecutor.h:535] Worker 5 latency: 7323 us (50%) 8798 us (75%) 9880 us (95%) 10129 us (99%).
I0312 09:08:35.882519 310634 AriaExecutor.h:535] Worker 6 latency: 7331 us (50%) 8800 us (75%) 9880 us (95%) 10126 us (99%).
I0312 09:08:35.913955 310634 AriaExecutor.h:535] Worker 7 latency: 7336 us (50%) 8803 us (75%) 9880 us (95%) 10128 us (99%).
I0312 09:08:35.944895 310634 AriaExecutor.h:535] Worker 8 latency: 7327 us (50%) 8800 us (75%) 9878 us (95%) 10122 us (99%).
I0312 09:08:35.976524 310634 AriaExecutor.h:535] Worker 9 latency: 7327 us (50%) 8801 us (75%) 9881 us (95%) 10134 us (99%).
I0312 09:08:36.008574 310634 AriaExecutor.h:535] Worker 10 latency: 7334 us (50%) 8804 us (75%) 9880 us (95%) 10128 us (99%).
I0312 09:08:36.040392 310634 AriaExecutor.h:535] Worker 11 latency: 7331 us (50%) 8803 us (75%) 9880 us (95%) 10124 us (99%).
I0312 09:08:36.071969 310634 Coordinator.h:177] total commit: 324215
I0312 09:08:37.072184 310634 Coordinator.h:192] Coordinator exits.
=== current_aria_p12_t12_k40000_rw50_ops100_bs1024_zipf_0.4 ===
I0312 09:08:37.387276 310823 Database.h:65] ycsb initialization finished in 98 milliseconds.
I0312 09:08:37.387413 310823 Coordinator.h:30] Coordinator initializes 12 workers.
I0312 09:08:37.415097 310823 Coordinator.h:77] Coordinator starts to run 13 workers.
I0312 09:08:37.415197 310840 AriaExecutor.h:82] AriaExecutor 0 started. 
I0312 09:08:37.415249 310841 AriaExecutor.h:82] AriaExecutor 1 started. 
I0312 09:08:37.415359 310842 AriaExecutor.h:82] AriaExecutor 2 started. 
I0312 09:08:37.415480 310843 AriaExecutor.h:82] AriaExecutor 3 started. 
I0312 09:08:37.415588 310844 AriaExecutor.h:82] AriaExecutor 4 started. 
I0312 09:08:37.415699 310845 AriaExecutor.h:82] AriaExecutor 5 started. 
I0312 09:08:37.415813 310846 AriaExecutor.h:82] AriaExecutor 6 started. 
I0312 09:08:37.415932 310847 AriaExecutor.h:82] AriaExecutor 7 started. 
I0312 09:08:37.416052 310848 AriaExecutor.h:82] AriaExecutor 8 started. 
I0312 09:08:37.416173 310849 AriaExecutor.h:82] AriaExecutor 9 started. 
I0312 09:08:37.416302 310850 AriaExecutor.h:82] AriaExecutor 10 started. 
I0312 09:08:37.416402 310851 AriaExecutor.h:82] AriaExecutor 11 started. 
I0312 09:08:37.416462 310852 Manager.h:224] Manager(worker id = 12) on the coordinator node started.
I0312 09:08:38.416509 310823 Coordinator.h:126] commit: 4890 abort: 56550 (0/56550/0), network size: 0, avg network size: 0, si_in_serializable: 0 0 %, local: 0 %
I0312 09:08:39.416680 310823 Coordinator.h:126] commit: 5415 abort: 63193 (0/63193/0), network size: 0, avg network size: 0, si_in_serializable: 0 0 %, local: 0 %
I0312 09:08:40.416868 310823 Coordinator.h:126] commit: 5716 abort: 65964 (0/65964/0), network size: 0, avg network size: 0, si_in_serializable: 0 0 %, local: 0 %
I0312 09:08:41.417007 310823 Coordinator.h:126] commit: 5777 abort: 66927 (0/66927/0), network size: 0, avg network size: 0, si_in_serializable: 0 0 %, local: 0 %
I0312 09:08:42.417126 310823 Coordinator.h:126] commit: 5900 abort: 67828 (0/67828/0), network size: 0, avg network size: 0, si_in_serializable: 0 0 %, local: 0 %
I0312 09:08:43.417241 310823 Coordinator.h:126] commit: 5705 abort: 66999 (0/66999/0), network size: 0, avg network size: 0, si_in_serializable: 0 0 %, local: 0 %
I0312 09:08:44.417361 310823 Coordinator.h:126] commit: 5776 abort: 66928 (0/66928/0), network size: 0, avg network size: 0, si_in_serializable: 0 0 %, local: 0 %
I0312 09:08:45.417549 310823 Coordinator.h:126] commit: 5808 abort: 67920 (0/67920/0), network size: 0, avg network size: 0, si_in_serializable: 0 0 %, local: 0 %
I0312 09:08:46.417691 310823 Coordinator.h:126] commit: 5780 abort: 66924 (0/66924/0), network size: 0, avg network size: 0, si_in_serializable: 0 0 %, local: 0 %
I0312 09:08:47.417802 310823 Coordinator.h:126] commit: 5808 abort: 66896 (0/66896/0), network size: 0, avg network size: 0, si_in_serializable: 0 0 %, local: 0 %
I0312 09:08:48.417925 310823 Coordinator.h:126] commit: 5777 abort: 67951 (0/67951/0), network size: 0, avg network size: 0, si_in_serializable: 0 0 %, local: 0 %
I0312 09:08:49.418033 310823 Coordinator.h:126] commit: 5747 abort: 66957 (0/66957/0), network size: 0, avg network size: 0, si_in_serializable: 0 0 %, local: 0 %
I0312 09:08:50.418143 310823 Coordinator.h:126] commit: 5804 abort: 66900 (0/66900/0), network size: 0, avg network size: 0, si_in_serializable: 0 0 %, local: 0 %
I0312 09:08:51.418259 310823 Coordinator.h:126] commit: 5688 abort: 67016 (0/67016/0), network size: 0, avg network size: 0, si_in_serializable: 0 0 %, local: 0 %
I0312 09:08:52.418376 310823 Coordinator.h:126] commit: 5906 abort: 67822 (0/67822/0), network size: 0, avg network size: 0, si_in_serializable: 0 0 %, local: 0 %
I0312 09:08:53.418488 310823 Coordinator.h:126] commit: 5772 abort: 66932 (0/66932/0), network size: 0, avg network size: 0, si_in_serializable: 0 0 %, local: 0 %
I0312 09:08:54.418601 310823 Coordinator.h:126] commit: 5888 abort: 66816 (0/66816/0), network size: 0, avg network size: 0, si_in_serializable: 0 0 %, local: 0 %
I0312 09:08:55.418722 310823 Coordinator.h:126] commit: 5824 abort: 67904 (0/67904/0), network size: 0, avg network size: 0, si_in_serializable: 0 0 %, local: 0 %
I0312 09:08:56.418918 310823 Coordinator.h:126] commit: 5710 abort: 66994 (0/66994/0), network size: 0, avg network size: 0, si_in_serializable: 0 0 %, local: 0 %
I0312 09:08:57.419075 310823 Coordinator.h:126] commit: 5835 abort: 66869 (0/66869/0), network size: 0, avg network size: 0, si_in_serializable: 0 0 %, local: 0 %
I0312 09:08:58.419211 310823 Coordinator.h:126] commit: 5817 abort: 67911 (0/67911/0), network size: 0, avg network size: 0, si_in_serializable: 0 0 %, local: 0 %
I0312 09:08:59.419332 310823 Coordinator.h:126] commit: 5865 abort: 66839 (0/66839/0), network size: 0, avg network size: 0, si_in_serializable: 0 0 %, local: 0 %
I0312 09:09:00.419462 310823 Coordinator.h:126] commit: 5841 abort: 67887 (0/67887/0), network size: 0, avg network size: 0, si_in_serializable: 0 0 %, local: 0 %
I0312 09:09:01.419576 310823 Coordinator.h:126] commit: 5838 abort: 66866 (0/66866/0), network size: 0, avg network size: 0, si_in_serializable: 0 0 %, local: 0 %
I0312 09:09:02.419698 310823 Coordinator.h:126] commit: 5807 abort: 66897 (0/66897/0), network size: 0, avg network size: 0, si_in_serializable: 0 0 %, local: 0 %
I0312 09:09:02.419745 310823 Coordinator.h:152] average commit: 5795.1 abort: 67216.1 (0/67216.1/0), network size: 0, avg network size: 0, si_in_serializable: 0 0 %, local: 0 %
I0312 09:09:02.420514 310850 AriaExecutor.h:94] AriaExecutor 10 exits. 
I0312 09:09:02.420514 310848 AriaExecutor.h:94] AriaExecutor 8 exits. 
I0312 09:09:02.420524 310843 AriaExecutor.h:94] AriaExecutor 3 exits. 
I0312 09:09:02.420527 310845 AriaExecutor.h:94] AriaExecutor 5 exits. 
I0312 09:09:02.420528 310846 AriaExecutor.h:94] AriaExecutor 6 exits. 
I0312 09:09:02.420528 310840 AriaExecutor.h:94] AriaExecutor 0 exits. 
I0312 09:09:02.420526 310842 AriaExecutor.h:94] AriaExecutor 2 exits. 
I0312 09:09:02.420526 310847 AriaExecutor.h:94] AriaExecutor 7 exits. 
I0312 09:09:02.420528 310841 AriaExecutor.h:94] AriaExecutor 1 exits. 
I0312 09:09:02.420529 310851 AriaExecutor.h:94] AriaExecutor 11 exits. 
I0312 09:09:02.420529 310844 AriaExecutor.h:94] AriaExecutor 4 exits. 
I0312 09:09:02.420514 310849 AriaExecutor.h:94] AriaExecutor 9 exits. 
I0312 09:09:02.420549 310852 Manager.h:227] Manager(worker id = 12) on the coordinator node exits.
I0312 09:09:02.419790 310823 AriaExecutor.h:535] Worker 0 latency: 13683 us (50%) 13812 us (75%) 14383 us (95%) 16125 us (99%).
I0312 09:09:02.421841 310823 AriaExecutor.h:535] Worker 1 latency: 13686 us (50%) 13811 us (75%) 14391 us (95%) 16117 us (99%).
I0312 09:09:02.423628 310823 AriaExecutor.h:535] Worker 2 latency: 13684 us (50%) 13811 us (75%) 14393 us (95%) 16110 us (99%).
I0312 09:09:02.425400 310823 AriaExecutor.h:535] Worker 3 latency: 13688 us (50%) 13812 us (75%) 14411 us (95%) 16116 us (99%).
I0312 09:09:02.427165 310823 AriaExecutor.h:535] Worker 4 latency: 13685 us (50%) 13809 us (75%) 14380 us (95%) 16102 us (99%).
I0312 09:09:02.428984 310823 AriaExecutor.h:535] Worker 5 latency: 13685 us (50%) 13809 us (75%) 14387 us (95%) 16115 us (99%).
I0312 09:09:02.430697 310823 AriaExecutor.h:535] Worker 6 latency: 13676 us (50%) 13807 us (75%) 14389 us (95%) 16095 us (99%).
I0312 09:09:02.432430 310823 AriaExecutor.h:535] Worker 7 latency: 13683 us (50%) 13807 us (75%) 14395 us (95%) 16098 us (99%).
I0312 09:09:02.434115 310823 AriaExecutor.h:535] Worker 8 latency: 13682 us (50%) 13807 us (75%) 14402 us (95%) 16123 us (99%).
I0312 09:09:02.435782 310823 AriaExecutor.h:535] Worker 9 latency: 13680 us (50%) 13806 us (75%) 14365 us (95%) 16107 us (99%).
I0312 09:09:02.437310 310823 AriaExecutor.h:535] Worker 10 latency: 13679 us (50%) 13806 us (75%) 14379 us (95%) 16105 us (99%).
I0312 09:09:02.438318 310823 AriaExecutor.h:535] Worker 11 latency: 13682 us (50%) 13807 us (75%) 14390 us (95%) 16110 us (99%).
I0312 09:09:02.439342 310823 Coordinator.h:177] total commit: 5795.1
I0312 09:09:03.439536 310823 Coordinator.h:192] Coordinator exits.
=== current_aria_p12_t12_k40000_rw50_ops100_bs2048_zipf_0.4 ===
I0312 09:09:03.709038 310919 Database.h:65] ycsb initialization finished in 98 milliseconds.
I0312 09:09:03.709178 310919 Coordinator.h:30] Coordinator initializes 12 workers.
I0312 09:09:03.760401 310919 Coordinator.h:77] Coordinator starts to run 13 workers.
I0312 09:09:03.760519 310935 AriaExecutor.h:82] AriaExecutor 0 started. 
I0312 09:09:03.760550 310936 AriaExecutor.h:82] AriaExecutor 1 started. 
I0312 09:09:03.760664 310937 AriaExecutor.h:82] AriaExecutor 2 started. 
I0312 09:09:03.760782 310938 AriaExecutor.h:82] AriaExecutor 3 started. 
I0312 09:09:03.760835 310939 AriaExecutor.h:82] AriaExecutor 4 started. 
I0312 09:09:03.760916 310940 AriaExecutor.h:82] AriaExecutor 5 started. 
I0312 09:09:03.760986 310941 AriaExecutor.h:82] AriaExecutor 6 started. 
I0312 09:09:03.761066 310942 AriaExecutor.h:82] AriaExecutor 7 started. 
I0312 09:09:03.761140 310943 AriaExecutor.h:82] AriaExecutor 8 started. 
I0312 09:09:03.761215 310944 AriaExecutor.h:82] AriaExecutor 9 started. 
I0312 09:09:03.761291 310945 AriaExecutor.h:82] AriaExecutor 10 started. 
I0312 09:09:03.761366 310946 AriaExecutor.h:82] AriaExecutor 11 started. 
I0312 09:09:03.761440 310947 Manager.h:224] Manager(worker id = 12) on the coordinator node started.
I0312 09:09:04.761488 310919 Coordinator.h:126] commit: 2330 abort: 57062 (0/57062/0), network size: 0, avg network size: 0, si_in_serializable: 0 0 %, local: 0 %
I0312 09:09:05.761637 310919 Coordinator.h:126] commit: 2812 abort: 66820 (0/66820/0), network size: 0, avg network size: 0, si_in_serializable: 0 0 %, local: 0 %
I0312 09:09:06.761828 310919 Coordinator.h:126] commit: 2895 abort: 70833 (0/70833/0), network size: 0, avg network size: 0, si_in_serializable: 0 0 %, local: 0 %
I0312 09:09:07.761969 310919 Coordinator.h:126] commit: 2928 abort: 70800 (0/70800/0), network size: 0, avg network size: 0, si_in_serializable: 0 0 %, local: 0 %
I0312 09:09:08.762097 310919 Coordinator.h:126] commit: 3000 abort: 70728 (0/70728/0), network size: 0, avg network size: 0, si_in_serializable: 0 0 %, local: 0 %
I0312 09:09:09.762223 310919 Coordinator.h:126] commit: 2881 abort: 70847 (0/70847/0), network size: 0, avg network size: 0, si_in_serializable: 0 0 %, local: 0 %
I0312 09:09:10.762346 310919 Coordinator.h:126] commit: 2918 abort: 70810 (0/70810/0), network size: 0, avg network size: 0, si_in_serializable: 0 0 %, local: 0 %
I0312 09:09:11.762530 310919 Coordinator.h:126] commit: 2975 abort: 70753 (0/70753/0), network size: 0, avg network size: 0, si_in_serializable: 0 0 %, local: 0 %
I0312 09:09:12.762678 310919 Coordinator.h:126] commit: 2830 abort: 68850 (0/68850/0), network size: 0, avg network size: 0, si_in_serializable: 0 0 %, local: 0 %
I0312 09:09:13.762797 310919 Coordinator.h:126] commit: 2894 abort: 70834 (0/70834/0), network size: 0, avg network size: 0, si_in_serializable: 0 0 %, local: 0 %
I0312 09:09:14.762907 310919 Coordinator.h:126] commit: 2919 abort: 70809 (0/70809/0), network size: 0, avg network size: 0, si_in_serializable: 0 0 %, local: 0 %
I0312 09:09:15.763020 310919 Coordinator.h:126] commit: 2877 abort: 70851 (0/70851/0), network size: 0, avg network size: 0, si_in_serializable: 0 0 %, local: 0 %
I0312 09:09:16.763125 310919 Coordinator.h:126] commit: 2994 abort: 70734 (0/70734/0), network size: 0, avg network size: 0, si_in_serializable: 0 0 %, local: 0 %
I0312 09:09:17.763235 310919 Coordinator.h:126] commit: 2870 abort: 70858 (0/70858/0), network size: 0, avg network size: 0, si_in_serializable: 0 0 %, local: 0 %
I0312 09:09:18.763360 310919 Coordinator.h:126] commit: 2908 abort: 70820 (0/70820/0), network size: 0, avg network size: 0, si_in_serializable: 0 0 %, local: 0 %
I0312 09:09:19.763469 310919 Coordinator.h:126] commit: 2862 abort: 70866 (0/70866/0), network size: 0, avg network size: 0, si_in_serializable: 0 0 %, local: 0 %
I0312 09:09:20.763588 310919 Coordinator.h:126] commit: 2884 abort: 70844 (0/70844/0), network size: 0, avg network size: 0, si_in_serializable: 0 0 %, local: 0 %
I0312 09:09:21.763712 310919 Coordinator.h:126] commit: 2883 abort: 70845 (0/70845/0), network size: 0, avg network size: 0, si_in_serializable: 0 0 %, local: 0 %
I0312 09:09:22.763911 310919 Coordinator.h:126] commit: 2927 abort: 70801 (0/70801/0), network size: 0, avg network size: 0, si_in_serializable: 0 0 %, local: 0 %
I0312 09:09:23.764041 310919 Coordinator.h:126] commit: 2931 abort: 70797 (0/70797/0), network size: 0, avg network size: 0, si_in_serializable: 0 0 %, local: 0 %
I0312 09:09:24.764161 310919 Coordinator.h:126] commit: 2899 abort: 70829 (0/70829/0), network size: 0, avg network size: 0, si_in_serializable: 0 0 %, local: 0 %
I0312 09:09:25.764283 310919 Coordinator.h:126] commit: 2989 abort: 70739 (0/70739/0), network size: 0, avg network size: 0, si_in_serializable: 0 0 %, local: 0 %
I0312 09:09:26.764403 310919 Coordinator.h:126] commit: 2920 abort: 70808 (0/70808/0), network size: 0, avg network size: 0, si_in_serializable: 0 0 %, local: 0 %
I0312 09:09:27.764515 310919 Coordinator.h:126] commit: 2881 abort: 68799 (0/68799/0), network size: 0, avg network size: 0, si_in_serializable: 0 0 %, local: 0 %
I0312 09:09:28.764633 310919 Coordinator.h:126] commit: 2942 abort: 70786 (0/70786/0), network size: 0, avg network size: 0, si_in_serializable: 0 0 %, local: 0 %
I0312 09:09:28.764669 310919 Coordinator.h:152] average commit: 2905.5 abort: 70822.5 (0/70822.5/0), network size: 0, avg network size: 0, si_in_serializable: 0 0 %, local: 0 %
I0312 09:09:28.764714 310919 AriaExecutor.h:535] Worker 0 latency: 27486 us (50%) 27621 us (75%) 28525 us (95%) 32915 us (99%).
I0312 09:09:28.767068 310941 AriaExecutor.h:94] AriaExecutor 6 exits. 
I0312 09:09:28.767068 310936 AriaExecutor.h:94] AriaExecutor 1 exits. 
I0312 09:09:28.767068 310939 AriaExecutor.h:94] AriaExecutor 4 exits. 
I0312 09:09:28.767068 310944 AriaExecutor.h:94] AriaExecutor 9 exits. 
I0312 09:09:28.767069 310935 AriaExecutor.h:94] AriaExecutor 0 exits. 
I0312 09:09:28.767077 310943 AriaExecutor.h:94] AriaExecutor 8 exits. 
I0312 09:09:28.767068 310938 AriaExecutor.h:94] AriaExecutor 3 exits. 
I0312 09:09:28.767068 310937 AriaExecutor.h:94] AriaExecutor 2 exits. 
I0312 09:09:28.767078 310947 Manager.h:227] Manager(worker id = 12) on the coordinator node exits.
I0312 09:09:28.767068 310942 AriaExecutor.h:94] AriaExecutor 7 exits. 
I0312 09:09:28.767079 310946 AriaExecutor.h:94] AriaExecutor 11 exits. 
I0312 09:09:28.767079 310945 AriaExecutor.h:94] AriaExecutor 10 exits. 
I0312 09:09:28.767068 310940 AriaExecutor.h:94] AriaExecutor 5 exits. 
I0312 09:09:28.767392 310919 AriaExecutor.h:535] Worker 1 latency: 27479 us (50%) 27611 us (75%) 28436 us (95%) 32900 us (99%).
I0312 09:09:28.768389 310919 AriaExecutor.h:535] Worker 2 latency: 27474 us (50%) 27606 us (75%) 28419 us (95%) 32911 us (99%).
I0312 09:09:28.769287 310919 AriaExecutor.h:535] Worker 3 latency: 27475 us (50%) 27611 us (75%) 28512 us (95%) 32916 us (99%).
I0312 09:09:28.770155 310919 AriaExecutor.h:535] Worker 4 latency: 27476 us (50%) 27609 us (75%) 28496 us (95%) 32937 us (99%).
I0312 09:09:28.771075 310919 AriaExecutor.h:535] Worker 5 latency: 27481 us (50%) 27614 us (75%) 28442 us (95%) 32931 us (99%).
I0312 09:09:28.771966 310919 AriaExecutor.h:535] Worker 6 latency: 27478 us (50%) 27612 us (75%) 28430 us (95%) 32907 us (99%).
I0312 09:09:28.772863 310919 AriaExecutor.h:535] Worker 7 latency: 27475 us (50%) 27609 us (75%) 28488 us (95%) 32928 us (99%).
I0312 09:09:28.773736 310919 AriaExecutor.h:535] Worker 8 latency: 27474 us (50%) 27607 us (75%) 28450 us (95%) 32933 us (99%).
I0312 09:09:28.774595 310919 AriaExecutor.h:535] Worker 9 latency: 27469 us (50%) 27603 us (75%) 28463 us (95%) 32940 us (99%).
I0312 09:09:28.775447 310919 AriaExecutor.h:535] Worker 10 latency: 27466 us (50%) 27603 us (75%) 28449 us (95%) 32915 us (99%).
I0312 09:09:28.776298 310919 AriaExecutor.h:535] Worker 11 latency: 27468 us (50%) 27604 us (75%) 28441 us (95%) 32898 us (99%).
I0312 09:09:28.777153 310919 Coordinator.h:177] total commit: 2905.5
I0312 09:09:29.777359 310919 Coordinator.h:192] Coordinator exits.
=== current_aria_p12_t12_k40000_rw50_ops100_bs4096_zipf_0.4 ===
I0312 09:09:30.050657 310985 Database.h:65] ycsb initialization finished in 100 milliseconds.
I0312 09:09:30.050873 310985 Coordinator.h:30] Coordinator initializes 12 workers.
I0312 09:09:30.160620 310985 Coordinator.h:77] Coordinator starts to run 13 workers.
I0312 09:09:30.160710 311001 AriaExecutor.h:82] AriaExecutor 0 started. 
I0312 09:09:30.160748 311002 AriaExecutor.h:82] AriaExecutor 1 started. 
I0312 09:09:30.160862 311003 AriaExecutor.h:82] AriaExecutor 2 started. 
I0312 09:09:30.160910 311004 AriaExecutor.h:82] AriaExecutor 3 started. 
I0312 09:09:30.161002 311005 AriaExecutor.h:82] AriaExecutor 4 started. 
I0312 09:09:30.161108 311006 AriaExecutor.h:82] AriaExecutor 5 started. 
I0312 09:09:30.161155 311007 AriaExecutor.h:82] AriaExecutor 6 started. 
I0312 09:09:30.161237 311008 AriaExecutor.h:82] AriaExecutor 7 started. 
I0312 09:09:30.161352 311009 AriaExecutor.h:82] AriaExecutor 8 started. 
I0312 09:09:30.161386 311010 AriaExecutor.h:82] AriaExecutor 9 started. 
I0312 09:09:30.161484 311011 AriaExecutor.h:82] AriaExecutor 10 started. 
I0312 09:09:30.161520 311012 AriaExecutor.h:82] AriaExecutor 11 started. 
I0312 09:09:30.161633 311013 Manager.h:224] Manager(worker id = 12) on the coordinator node started.
I0312 09:09:31.161662 310985 Coordinator.h:126] commit: 1219 abort: 60221 (0/60221/0), network size: 0, avg network size: 0, si_in_serializable: 0 0 %, local: 0 %
I0312 09:09:32.161829 310985 Coordinator.h:126] commit: 1363 abort: 68269 (0/68269/0), network size: 0, avg network size: 0, si_in_serializable: 0 0 %, local: 0 %
I0312 09:09:33.162009 310985 Coordinator.h:126] commit: 1523 abort: 72205 (0/72205/0), network size: 0, avg network size: 0, si_in_serializable: 0 0 %, local: 0 %
I0312 09:09:34.162142 310985 Coordinator.h:126] commit: 1542 abort: 72186 (0/72186/0), network size: 0, avg network size: 0, si_in_serializable: 0 0 %, local: 0 %
I0312 09:09:35.162272 310985 Coordinator.h:126] commit: 1533 abort: 76291 (0/76291/0), network size: 0, avg network size: 0, si_in_serializable: 0 0 %, local: 0 %
I0312 09:09:36.162413 310985 Coordinator.h:126] commit: 1492 abort: 72236 (0/72236/0), network size: 0, avg network size: 0, si_in_serializable: 0 0 %, local: 0 %
I0312 09:09:37.162546 310985 Coordinator.h:126] commit: 1434 abort: 72294 (0/72294/0), network size: 0, avg network size: 0, si_in_serializable: 0 0 %, local: 0 %
I0312 09:09:38.162741 310985 Coordinator.h:126] commit: 1497 abort: 72231 (0/72231/0), network size: 0, avg network size: 0, si_in_serializable: 0 0 %, local: 0 %
I0312 09:09:39.162886 310985 Coordinator.h:126] commit: 1543 abort: 76281 (0/76281/0), network size: 0, avg network size: 0, si_in_serializable: 0 0 %, local: 0 %
I0312 09:09:40.163013 310985 Coordinator.h:126] commit: 1463 abort: 72265 (0/72265/0), network size: 0, avg network size: 0, si_in_serializable: 0 0 %, local: 0 %
I0312 09:09:41.163136 310985 Coordinator.h:126] commit: 1421 abort: 72307 (0/72307/0), network size: 0, avg network size: 0, si_in_serializable: 0 0 %, local: 0 %
I0312 09:09:42.163256 310985 Coordinator.h:126] commit: 1465 abort: 72263 (0/72263/0), network size: 0, avg network size: 0, si_in_serializable: 0 0 %, local: 0 %
I0312 09:09:43.163378 310985 Coordinator.h:126] commit: 1543 abort: 76281 (0/76281/0), network size: 0, avg network size: 0, si_in_serializable: 0 0 %, local: 0 %
I0312 09:09:44.163501 310985 Coordinator.h:126] commit: 1459 abort: 72269 (0/72269/0), network size: 0, avg network size: 0, si_in_serializable: 0 0 %, local: 0 %
I0312 09:09:45.163619 310985 Coordinator.h:126] commit: 1510 abort: 72218 (0/72218/0), network size: 0, avg network size: 0, si_in_serializable: 0 0 %, local: 0 %
I0312 09:09:46.163746 310985 Coordinator.h:126] commit: 1470 abort: 72258 (0/72258/0), network size: 0, avg network size: 0, si_in_serializable: 0 0 %, local: 0 %
I0312 09:09:47.163929 310985 Coordinator.h:126] commit: 1584 abort: 76240 (0/76240/0), network size: 0, avg network size: 0, si_in_serializable: 0 0 %, local: 0 %
I0312 09:09:48.164067 310985 Coordinator.h:126] commit: 1462 abort: 72266 (0/72266/0), network size: 0, avg network size: 0, si_in_serializable: 0 0 %, local: 0 %
I0312 09:09:49.164181 310985 Coordinator.h:126] commit: 1429 abort: 72299 (0/72299/0), network size: 0, avg network size: 0, si_in_serializable: 0 0 %, local: 0 %
I0312 09:09:50.164294 310985 Coordinator.h:126] commit: 1528 abort: 76296 (0/76296/0), network size: 0, avg network size: 0, si_in_serializable: 0 0 %, local: 0 %
I0312 09:09:51.164413 310985 Coordinator.h:126] commit: 1438 abort: 72290 (0/72290/0), network size: 0, avg network size: 0, si_in_serializable: 0 0 %, local: 0 %
I0312 09:09:52.164534 310985 Coordinator.h:126] commit: 1454 abort: 72274 (0/72274/0), network size: 0, avg network size: 0, si_in_serializable: 0 0 %, local: 0 %
I0312 09:09:53.164649 310985 Coordinator.h:126] commit: 1480 abort: 72248 (0/72248/0), network size: 0, avg network size: 0, si_in_serializable: 0 0 %, local: 0 %
I0312 09:09:54.164769 310985 Coordinator.h:126] commit: 1592 abort: 76232 (0/76232/0), network size: 0, avg network size: 0, si_in_serializable: 0 0 %, local: 0 %
I0312 09:09:55.164894 310985 Coordinator.h:126] commit: 1444 abort: 72284 (0/72284/0), network size: 0, avg network size: 0, si_in_serializable: 0 0 %, local: 0 %
I0312 09:09:55.164938 310985 Coordinator.h:152] average commit: 1487.1 abort: 73469.7 (0/73469.7/0), network size: 0, avg network size: 0, si_in_serializable: 0 0 %, local: 0 %
I0312 09:09:55.164994 310985 AriaExecutor.h:535] Worker 0 latency: 54362 us (50%) 54533 us (75%) 56258 us (95%) 64483 us (99%).
I0312 09:09:55.201423 311007 AriaExecutor.h:94] AriaExecutor 6 exits. 
I0312 09:09:55.201423 311003 AriaExecutor.h:94] AriaExecutor 2 exits. 
I0312 09:09:55.201431 311012 AriaExecutor.h:94] AriaExecutor 11 exits. 
I0312 09:09:55.201423 311011 AriaExecutor.h:94] AriaExecutor 10 exits. 
I0312 09:09:55.201423 311002 AriaExecutor.h:94] AriaExecutor 1 exits. 
I0312 09:09:55.201429 311013 Manager.h:227] Manager(worker id = 12) on the coordinator node exits.
I0312 09:09:55.201431 311010 AriaExecutor.h:94] AriaExecutor 9 exits. 
I0312 09:09:55.201432 311001 AriaExecutor.h:94] AriaExecutor 0 exits. 
I0312 09:09:55.201432 311008 AriaExecutor.h:94] AriaExecutor 7 exits. 
I0312 09:09:55.201433 311006 AriaExecutor.h:94] AriaExecutor 5 exits. 
I0312 09:09:55.201423 311004 AriaExecutor.h:94] AriaExecutor 3 exits. 
I0312 09:09:55.201423 311005 AriaExecutor.h:94] AriaExecutor 4 exits. 
I0312 09:09:55.201423 311009 AriaExecutor.h:94] AriaExecutor 8 exits. 
I0312 09:09:55.201766 310985 AriaExecutor.h:535] Worker 1 latency: 54345 us (50%) 54506 us (75%) 55995 us (95%) 64484 us (99%).
I0312 09:09:55.202224 310985 AriaExecutor.h:535] Worker 2 latency: 54346 us (50%) 54509 us (75%) 56140 us (95%) 64481 us (99%).
I0312 09:09:55.202674 310985 AriaExecutor.h:535] Worker 3 latency: 54352 us (50%) 54521 us (75%) 56017 us (95%) 64422 us (99%).
I0312 09:09:55.203110 310985 AriaExecutor.h:535] Worker 4 latency: 54346 us (50%) 54510 us (75%) 56087 us (95%) 64466 us (99%).
I0312 09:09:55.203608 310985 AriaExecutor.h:535] Worker 5 latency: 54358 us (50%) 54528 us (75%) 56076 us (95%) 64540 us (99%).
I0312 09:09:55.204074 310985 AriaExecutor.h:535] Worker 6 latency: 54349 us (50%) 54517 us (75%) 56148 us (95%) 64528 us (99%).
I0312 09:09:55.204550 310985 AriaExecutor.h:535] Worker 7 latency: 54337 us (50%) 54509 us (75%) 56186 us (95%) 64489 us (99%).
I0312 09:09:55.204999 310985 AriaExecutor.h:535] Worker 8 latency: 54361 us (50%) 54528 us (75%) 56175 us (95%) 64528 us (99%).
I0312 09:09:55.205446 310985 AriaExecutor.h:535] Worker 9 latency: 54351 us (50%) 54518 us (75%) 56084 us (95%) 64495 us (99%).
I0312 09:09:55.205891 310985 AriaExecutor.h:535] Worker 10 latency: 54338 us (50%) 54504 us (75%) 56070 us (95%) 64497 us (99%).
I0312 09:09:55.206328 310985 AriaExecutor.h:535] Worker 11 latency: 54348 us (50%) 54520 us (75%) 56162 us (95%) 64513 us (99%).
I0312 09:09:55.206785 310985 Coordinator.h:177] total commit: 1487.1
I0312 09:09:56.206986 310985 Coordinator.h:192] Coordinator exits.
=== current_aria_p12_t12_k40000_rw80_ops10_bs1024_zipf_0.4 ===
I0312 09:09:56.491317 311202 Database.h:65] ycsb initialization finished in 99 milliseconds.
I0312 09:09:56.491564 311202 Coordinator.h:30] Coordinator initializes 12 workers.
I0312 09:09:56.529562 311202 Coordinator.h:77] Coordinator starts to run 13 workers.
I0312 09:09:56.529651 311218 AriaExecutor.h:82] AriaExecutor 0 started. 
I0312 09:09:56.529709 311219 AriaExecutor.h:82] AriaExecutor 1 started. 
I0312 09:09:56.529819 311220 AriaExecutor.h:82] AriaExecutor 2 started. 
I0312 09:09:56.529937 311221 AriaExecutor.h:82] AriaExecutor 3 started. 
I0312 09:09:56.529978 311222 AriaExecutor.h:82] AriaExecutor 4 started. 
I0312 09:09:56.530067 311223 AriaExecutor.h:82] AriaExecutor 5 started. 
I0312 09:09:56.530180 311224 AriaExecutor.h:82] AriaExecutor 6 started. 
I0312 09:09:56.530293 311225 AriaExecutor.h:82] AriaExecutor 7 started. 
I0312 09:09:56.530345 311226 AriaExecutor.h:82] AriaExecutor 8 started. 
I0312 09:09:56.530441 311227 AriaExecutor.h:82] AriaExecutor 9 started. 
I0312 09:09:56.530550 311228 AriaExecutor.h:82] AriaExecutor 10 started. 
I0312 09:09:56.530658 311229 AriaExecutor.h:82] AriaExecutor 11 started. 
I0312 09:09:56.530778 311230 Manager.h:224] Manager(worker id = 12) on the coordinator node started.
I0312 09:09:57.530804 311202 Coordinator.h:126] commit: 469446 abort: 3642 (0/3642/0), network size: 0, avg network size: 0, si_in_serializable: 0 0 %, local: 0 %
I0312 09:09:58.530948 311202 Coordinator.h:126] commit: 493671 abort: 3993 (0/3993/0), network size: 0, avg network size: 0, si_in_serializable: 0 0 %, local: 0 %
I0312 09:09:59.531128 311202 Coordinator.h:126] commit: 510061 abort: 3987 (0/3987/0), network size: 0, avg network size: 0, si_in_serializable: 0 0 %, local: 0 %
I0312 09:10:00.531263 311202 Coordinator.h:126] commit: 509987 abort: 4061 (0/4061/0), network size: 0, avg network size: 0, si_in_serializable: 0 0 %, local: 0 %
I0312 09:10:01.531383 311202 Coordinator.h:126] commit: 513028 abort: 4092 (0/4092/0), network size: 0, avg network size: 0, si_in_serializable: 0 0 %, local: 0 %
I0312 09:10:02.531498 311202 Coordinator.h:126] commit: 510130 abort: 3918 (0/3918/0), network size: 0, avg network size: 0, si_in_serializable: 0 0 %, local: 0 %
I0312 09:10:03.531616 311202 Coordinator.h:126] commit: 505989 abort: 3963 (0/3963/0), network size: 0, avg network size: 0, si_in_serializable: 0 0 %, local: 0 %
I0312 09:10:04.531795 311202 Coordinator.h:126] commit: 511994 abort: 4102 (0/4102/0), network size: 0, avg network size: 0, si_in_serializable: 0 0 %, local: 0 %
I0312 09:10:05.531930 311202 Coordinator.h:126] commit: 513101 abort: 4019 (0/4019/0), network size: 0, avg network size: 0, si_in_serializable: 0 0 %, local: 0 %
I0312 09:10:06.532043 311202 Coordinator.h:126] commit: 513156 abort: 3964 (0/3964/0), network size: 0, avg network size: 0, si_in_serializable: 0 0 %, local: 0 %
I0312 09:10:07.532156 311202 Coordinator.h:126] commit: 512986 abort: 4134 (0/4134/0), network size: 0, avg network size: 0, si_in_serializable: 0 0 %, local: 0 %
I0312 09:10:08.532272 311202 Coordinator.h:126] commit: 513079 abort: 4041 (0/4041/0), network size: 0, avg network size: 0, si_in_serializable: 0 0 %, local: 0 %
I0312 09:10:09.532384 311202 Coordinator.h:126] commit: 497703 abort: 4057 (0/4057/0), network size: 0, avg network size: 0, si_in_serializable: 0 0 %, local: 0 %
I0312 09:10:10.532500 311202 Coordinator.h:126] commit: 510907 abort: 4165 (0/4165/0), network size: 0, avg network size: 0, si_in_serializable: 0 0 %, local: 0 %
I0312 09:10:11.532614 311202 Coordinator.h:126] commit: 513108 abort: 4012 (0/4012/0), network size: 0, avg network size: 0, si_in_serializable: 0 0 %, local: 0 %
I0312 09:10:12.532727 311202 Coordinator.h:126] commit: 513100 abort: 4020 (0/4020/0), network size: 0, avg network size: 0, si_in_serializable: 0 0 %, local: 0 %
I0312 09:10:13.532895 311202 Coordinator.h:126] commit: 511061 abort: 4011 (0/4011/0), network size: 0, avg network size: 0, si_in_serializable: 0 0 %, local: 0 %
I0312 09:10:14.533026 311202 Coordinator.h:126] commit: 513058 abort: 4062 (0/4062/0), network size: 0, avg network size: 0, si_in_serializable: 0 0 %, local: 0 %
I0312 09:10:15.533156 311202 Coordinator.h:126] commit: 512080 abort: 4016 (0/4016/0), network size: 0, avg network size: 0, si_in_serializable: 0 0 %, local: 0 %
I0312 09:10:16.533279 311202 Coordinator.h:126] commit: 512987 abort: 4133 (0/4133/0), network size: 0, avg network size: 0, si_in_serializable: 0 0 %, local: 0 %
I0312 09:10:17.533406 311202 Coordinator.h:126] commit: 513008 abort: 4112 (0/4112/0), network size: 0, avg network size: 0, si_in_serializable: 0 0 %, local: 0 %
I0312 09:10:18.533529 311202 Coordinator.h:126] commit: 513079 abort: 4041 (0/4041/0), network size: 0, avg network size: 0, si_in_serializable: 0 0 %, local: 0 %
I0312 09:10:19.533653 311202 Coordinator.h:126] commit: 512011 abort: 4085 (0/4085/0), network size: 0, avg network size: 0, si_in_serializable: 0 0 %, local: 0 %
I0312 09:10:20.533773 311202 Coordinator.h:126] commit: 513072 abort: 4048 (0/4048/0), network size: 0, avg network size: 0, si_in_serializable: 0 0 %, local: 0 %
I0312 09:10:21.533906 311202 Coordinator.h:126] commit: 477566 abort: 3714 (0/3714/0), network size: 0, avg network size: 0, si_in_serializable: 0 0 %, local: 0 %
I0312 09:10:21.533960 311202 Coordinator.h:152] average commit: 511007 abort: 4065.1 (0/4065.1/0), network size: 0, avg network size: 0, si_in_serializable: 0 0 %, local: 0 %
I0312 09:10:21.535542 311220 AriaExecutor.h:94] AriaExecutor 2 exits. 
I0312 09:10:21.535542 311224 AriaExecutor.h:94] AriaExecutor 6 exits. 
I0312 09:10:21.535563 311221 AriaExecutor.h:94] AriaExecutor 3 exits. 
I0312 09:10:21.535542 311222 AriaExecutor.h:94] AriaExecutor 4 exits. 
I0312 09:10:21.535542 311227 AriaExecutor.h:94] AriaExecutor 9 exits. 
I0312 09:10:21.535542 311218 AriaExecutor.h:94] AriaExecutor 0 exits. 
I0312 09:10:21.535542 311223 AriaExecutor.h:94] AriaExecutor 5 exits. 
I0312 09:10:21.535568 311229 AriaExecutor.h:94] AriaExecutor 11 exits. 
I0312 09:10:21.535557 311225 AriaExecutor.h:94] AriaExecutor 7 exits. 
I0312 09:10:21.535542 311219 AriaExecutor.h:94] AriaExecutor 1 exits. 
I0312 09:10:21.535557 311226 AriaExecutor.h:94] AriaExecutor 8 exits. 
I0312 09:10:21.535562 311228 AriaExecutor.h:94] AriaExecutor 10 exits. 
I0312 09:10:21.535547 311230 Manager.h:227] Manager(worker id = 12) on the coordinator node exits.
I0312 09:10:21.534015 311202 AriaExecutor.h:535] Worker 0 latency: 1181 us (50%) 1572 us (75%) 1884 us (95%) 1950 us (99%).
I0312 09:10:21.595450 311202 AriaExecutor.h:535] Worker 1 latency: 1184 us (50%) 1574 us (75%) 1884 us (95%) 1950 us (99%).
I0312 09:10:21.643186 311202 AriaExecutor.h:535] Worker 2 latency: 1184 us (50%) 1574 us (75%) 1884 us (95%) 1950 us (99%).
I0312 09:10:21.690471 311202 AriaExecutor.h:535] Worker 3 latency: 1184 us (50%) 1574 us (75%) 1884 us (95%) 1950 us (99%).
I0312 09:10:21.737283 311202 AriaExecutor.h:535] Worker 4 latency: 1192 us (50%) 1577 us (75%) 1885 us (95%) 1950 us (99%).
I0312 09:10:21.784057 311202 AriaExecutor.h:535] Worker 5 latency: 1190 us (50%) 1576 us (75%) 1885 us (95%) 1950 us (99%).
I0312 09:10:21.830181 311202 AriaExecutor.h:535] Worker 6 latency: 1191 us (50%) 1577 us (75%) 1885 us (95%) 1950 us (99%).
I0312 09:10:21.876667 311202 AriaExecutor.h:535] Worker 7 latency: 1192 us (50%) 1577 us (75%) 1885 us (95%) 1950 us (99%).
I0312 09:10:21.922863 311202 AriaExecutor.h:535] Worker 8 latency: 1193 us (50%) 1578 us (75%) 1885 us (95%) 1950 us (99%).
I0312 09:10:21.970006 311202 AriaExecutor.h:535] Worker 9 latency: 1191 us (50%) 1577 us (75%) 1885 us (95%) 1950 us (99%).
I0312 09:10:22.016958 311202 AriaExecutor.h:535] Worker 10 latency: 1193 us (50%) 1578 us (75%) 1885 us (95%) 1950 us (99%).
I0312 09:10:22.063710 311202 AriaExecutor.h:535] Worker 11 latency: 1191 us (50%) 1577 us (75%) 1885 us (95%) 1950 us (99%).
I0312 09:10:22.111786 311202 Coordinator.h:177] total commit: 511007
I0312 09:10:23.111982 311202 Coordinator.h:192] Coordinator exits.
=== current_aria_p12_t12_k40000_rw80_ops10_bs2048_zipf_0.4 ===
I0312 09:10:23.409039 311269 Database.h:65] ycsb initialization finished in 99 milliseconds.
I0312 09:10:23.409277 311269 Coordinator.h:30] Coordinator initializes 12 workers.
I0312 09:10:23.473189 311269 Coordinator.h:77] Coordinator starts to run 13 workers.
I0312 09:10:23.473286 311285 AriaExecutor.h:82] AriaExecutor 0 started. 
I0312 09:10:23.473340 311286 AriaExecutor.h:82] AriaExecutor 1 started. 
I0312 09:10:23.473448 311287 AriaExecutor.h:82] AriaExecutor 2 started. 
I0312 09:10:23.473549 311288 AriaExecutor.h:82] AriaExecutor 3 started. 
I0312 09:10:23.473608 311289 AriaExecutor.h:82] AriaExecutor 4 started. 
I0312 09:10:23.473692 311290 AriaExecutor.h:82] AriaExecutor 5 started. 
I0312 09:10:23.473790 311291 AriaExecutor.h:82] AriaExecutor 6 started. 
I0312 09:10:23.473855 311292 AriaExecutor.h:82] AriaExecutor 7 started. 
I0312 09:10:23.473945 311293 AriaExecutor.h:82] AriaExecutor 8 started. 
I0312 09:10:23.473991 311294 AriaExecutor.h:82] AriaExecutor 9 started. 
I0312 09:10:23.474076 311295 AriaExecutor.h:82] AriaExecutor 10 started. 
I0312 09:10:23.474176 311296 AriaExecutor.h:82] AriaExecutor 11 started. 
I0312 09:10:23.474299 311297 Manager.h:224] Manager(worker id = 12) on the coordinator node started.
I0312 09:10:24.474331 311269 Coordinator.h:126] commit: 459204 abort: 7740 (0/7740/0), network size: 0, avg network size: 0, si_in_serializable: 0 0 %, local: 0 %
I0312 09:10:25.474488 311269 Coordinator.h:126] commit: 477195 abort: 8181 (0/8181/0), network size: 0, avg network size: 0, si_in_serializable: 0 0 %, local: 0 %
I0312 09:10:26.474676 311269 Coordinator.h:126] commit: 497444 abort: 8412 (0/8412/0), network size: 0, avg network size: 0, si_in_serializable: 0 0 %, local: 0 %
I0312 09:10:27.474820 311269 Coordinator.h:126] commit: 495323 abort: 8485 (0/8485/0), network size: 0, avg network size: 0, si_in_serializable: 0 0 %, local: 0 %
I0312 09:10:28.474936 311269 Coordinator.h:126] commit: 499520 abort: 8384 (0/8384/0), network size: 0, avg network size: 0, si_in_serializable: 0 0 %, local: 0 %
I0312 09:10:29.475059 311269 Coordinator.h:126] commit: 495441 abort: 8367 (0/8367/0), network size: 0, avg network size: 0, si_in_serializable: 0 0 %, local: 0 %
I0312 09:10:30.475178 311269 Coordinator.h:126] commit: 493408 abort: 8352 (0/8352/0), network size: 0, avg network size: 0, si_in_serializable: 0 0 %, local: 0 %
I0312 09:10:31.475363 311269 Coordinator.h:126] commit: 497261 abort: 8595 (0/8595/0), network size: 0, avg network size: 0, si_in_serializable: 0 0 %, local: 0 %
I0312 09:10:32.475500 311269 Coordinator.h:126] commit: 499475 abort: 8429 (0/8429/0), network size: 0, avg network size: 0, si_in_serializable: 0 0 %, local: 0 %
I0312 09:10:33.475615 311269 Coordinator.h:126] commit: 497411 abort: 8445 (0/8445/0), network size: 0, avg network size: 0, si_in_serializable: 0 0 %, local: 0 %
I0312 09:10:34.475736 311269 Coordinator.h:126] commit: 499491 abort: 8413 (0/8413/0), network size: 0, avg network size: 0, si_in_serializable: 0 0 %, local: 0 %
I0312 09:10:35.475876 311269 Coordinator.h:126] commit: 496569 abort: 8546 (0/8546/0), network size: 0, avg network size: 0, si_in_serializable: 0 0 %, local: 0 %
I0312 09:10:36.476011 311269 Coordinator.h:126] commit: 484136 abort: 8121 (0/8121/0), network size: 0, avg network size: 0, si_in_serializable: 0 0 %, local: 0 %
I0312 09:10:37.476151 311269 Coordinator.h:126] commit: 497480 abort: 8376 (0/8376/0), network size: 0, avg network size: 0, si_in_serializable: 0 0 %, local: 0 %
I0312 09:10:38.476297 311269 Coordinator.h:126] commit: 499538 abort: 8366 (0/8366/0), network size: 0, avg network size: 0, si_in_serializable: 0 0 %, local: 0 %
I0312 09:10:39.476439 311269 Coordinator.h:126] commit: 497337 abort: 8519 (0/8519/0), network size: 0, avg network size: 0, si_in_serializable: 0 0 %, local: 0 %
I0312 09:10:40.476634 311269 Coordinator.h:126] commit: 497460 abort: 8396 (0/8396/0), network size: 0, avg network size: 0, si_in_serializable: 0 0 %, local: 0 %
I0312 09:10:41.476789 311269 Coordinator.h:126] commit: 497298 abort: 8558 (0/8558/0), network size: 0, avg network size: 0, si_in_serializable: 0 0 %, local: 0 %
I0312 09:10:42.476925 311269 Coordinator.h:126] commit: 499245 abort: 8659 (0/8659/0), network size: 0, avg network size: 0, si_in_serializable: 0 0 %, local: 0 %
I0312 09:10:43.477051 311269 Coordinator.h:126] commit: 497407 abort: 8449 (0/8449/0), network size: 0, avg network size: 0, si_in_serializable: 0 0 %, local: 0 %
I0312 09:10:44.477171 311269 Coordinator.h:126] commit: 499464 abort: 8440 (0/8440/0), network size: 0, avg network size: 0, si_in_serializable: 0 0 %, local: 0 %
I0312 09:10:45.477298 311269 Coordinator.h:126] commit: 499447 abort: 8457 (0/8457/0), network size: 0, avg network size: 0, si_in_serializable: 0 0 %, local: 0 %
I0312 09:10:46.477423 311269 Coordinator.h:126] commit: 497348 abort: 8508 (0/8508/0), network size: 0, avg network size: 0, si_in_serializable: 0 0 %, local: 0 %
I0312 09:10:47.477545 311269 Coordinator.h:126] commit: 499439 abort: 8465 (0/8465/0), network size: 0, avg network size: 0, si_in_serializable: 0 0 %, local: 0 %
I0312 09:10:48.477669 311269 Coordinator.h:126] commit: 497437 abort: 8419 (0/8419/0), network size: 0, avg network size: 0, si_in_serializable: 0 0 %, local: 0 %
I0312 09:10:48.477712 311269 Coordinator.h:152] average commit: 496596 abort: 8440.3 (0/8440.3/0), network size: 0, avg network size: 0, si_in_serializable: 0 0 %, local: 0 %
I0312 09:10:48.478762 311285 AriaExecutor.h:94] AriaExecutor 0 exits. 
I0312 09:10:48.478780 311293 AriaExecutor.h:94] AriaExecutor 8 exits. 
I0312 09:10:48.478777 311288 AriaExecutor.h:94] AriaExecutor 3 exits. 
I0312 09:10:48.478780 311291 AriaExecutor.h:94] AriaExecutor 6 exits. 
I0312 09:10:48.478766 311297 Manager.h:227] Manager(worker id = 12) on the coordinator node exits.
I0312 09:10:48.478775 311287 AriaExecutor.h:94] AriaExecutor 2 exits. 
I0312 09:10:48.478787 311294 AriaExecutor.h:94] AriaExecutor 9 exits. 
I0312 09:10:48.478777 311290 AriaExecutor.h:94] AriaExecutor 5 exits. 
I0312 09:10:48.478780 311286 AriaExecutor.h:94] AriaExecutor 1 exits. 
I0312 09:10:48.478783 311295 AriaExecutor.h:94] AriaExecutor 10 exits. 
I0312 09:10:48.478776 311289 AriaExecutor.h:94] AriaExecutor 4 exits. 
I0312 09:10:48.478778 311292 AriaExecutor.h:94] AriaExecutor 7 exits. 
I0312 09:10:48.478777 311296 AriaExecutor.h:94] AriaExecutor 11 exits. 
I0312 09:10:48.477758 311269 AriaExecutor.h:535] Worker 0 latency: 2427 us (50%) 3213 us (75%) 3836 us (95%) 3966 us (99%).
I0312 09:10:48.540412 311269 AriaExecutor.h:535] Worker 1 latency: 2434 us (50%) 3216 us (75%) 3836 us (95%) 3964 us (99%).
I0312 09:10:48.586959 311269 AriaExecutor.h:535] Worker 2 latency: 2431 us (50%) 3215 us (75%) 3835 us (95%) 3965 us (99%).
I0312 09:10:48.633561 311269 AriaExecutor.h:535] Worker 3 latency: 2434 us (50%) 3216 us (75%) 3836 us (95%) 3965 us (99%).
I0312 09:10:48.680441 311269 AriaExecutor.h:535] Worker 4 latency: 2430 us (50%) 3215 us (75%) 3835 us (95%) 3964 us (99%).
I0312 09:10:48.726933 311269 AriaExecutor.h:535] Worker 5 latency: 2426 us (50%) 3212 us (75%) 3835 us (95%) 3964 us (99%).
I0312 09:10:48.774997 311269 AriaExecutor.h:535] Worker 6 latency: 2429 us (50%) 3214 us (75%) 3836 us (95%) 3965 us (99%).
I0312 09:10:48.822249 311269 AriaExecutor.h:535] Worker 7 latency: 2431 us (50%) 3215 us (75%) 3836 us (95%) 3966 us (99%).
I0312 09:10:48.868673 311269 AriaExecutor.h:535] Worker 8 latency: 2440 us (50%) 3219 us (75%) 3836 us (95%) 3964 us (99%).
I0312 09:10:48.915517 311269 AriaExecutor.h:535] Worker 9 latency: 2439 us (50%) 3218 us (75%) 3836 us (95%) 3965 us (99%).
I0312 09:10:48.961920 311269 AriaExecutor.h:535] Worker 10 latency: 2444 us (50%) 3221 us (75%) 3836 us (95%) 3964 us (99%).
I0312 09:10:49.008188 311269 AriaExecutor.h:535] Worker 11 latency: 2438 us (50%) 3218 us (75%) 3836 us (95%) 3965 us (99%).
I0312 09:10:49.054719 311269 Coordinator.h:177] total commit: 496596
I0312 09:10:50.054924 311269 Coordinator.h:192] Coordinator exits.
=== current_aria_p12_t12_k40000_rw80_ops10_bs4096_zipf_0.4 ===
I0312 09:10:50.365111 311492 Database.h:65] ycsb initialization finished in 95 milliseconds.
I0312 09:10:50.365340 311492 Coordinator.h:30] Coordinator initializes 12 workers.
I0312 09:10:50.476761 311492 Coordinator.h:77] Coordinator starts to run 13 workers.
I0312 09:10:50.476855 311508 AriaExecutor.h:82] AriaExecutor 0 started. 
I0312 09:10:50.476909 311509 AriaExecutor.h:82] AriaExecutor 1 started. 
I0312 09:10:50.477013 311510 AriaExecutor.h:82] AriaExecutor 2 started. 
I0312 09:10:50.477061 311511 AriaExecutor.h:82] AriaExecutor 3 started. 
I0312 09:10:50.477154 311512 AriaExecutor.h:82] AriaExecutor 4 started. 
I0312 09:10:50.477218 311513 AriaExecutor.h:82] AriaExecutor 5 started. 
I0312 09:10:50.477314 311514 AriaExecutor.h:82] AriaExecutor 6 started. 
I0312 09:10:50.477427 311515 AriaExecutor.h:82] AriaExecutor 7 started. 
I0312 09:10:50.477458 311516 AriaExecutor.h:82] AriaExecutor 8 started. 
I0312 09:10:50.477562 311517 AriaExecutor.h:82] AriaExecutor 9 started. 
I0312 09:10:50.477609 311518 AriaExecutor.h:82] AriaExecutor 10 started. 
I0312 09:10:50.477695 311519 AriaExecutor.h:82] AriaExecutor 11 started. 
I0312 09:10:50.477811 311520 Manager.h:224] Manager(worker id = 12) on the coordinator node started.
I0312 09:10:51.477814 311492 Coordinator.h:126] commit: 430631 abort: 15833 (0/15833/0), network size: 0, avg network size: 0, si_in_serializable: 0 0 %, local: 0 %
I0312 09:10:52.477982 311492 Coordinator.h:126] commit: 454126 abort: 16914 (0/16914/0), network size: 0, avg network size: 0, si_in_serializable: 0 0 %, local: 0 %
I0312 09:10:53.478169 311492 Coordinator.h:126] commit: 477393 abort: 18223 (0/18223/0), network size: 0, avg network size: 0, si_in_serializable: 0 0 %, local: 0 %
I0312 09:10:54.478318 311492 Coordinator.h:126] commit: 473502 abort: 18018 (0/18018/0), network size: 0, avg network size: 0, si_in_serializable: 0 0 %, local: 0 %
I0312 09:10:55.478456 311492 Coordinator.h:126] commit: 477465 abort: 18151 (0/18151/0), network size: 0, avg network size: 0, si_in_serializable: 0 0 %, local: 0 %
I0312 09:10:56.478595 311492 Coordinator.h:126] commit: 473553 abort: 17967 (0/17967/0), network size: 0, avg network size: 0, si_in_serializable: 0 0 %, local: 0 %
I0312 09:10:57.478791 311492 Coordinator.h:126] commit: 473536 abort: 17984 (0/17984/0), network size: 0, avg network size: 0, si_in_serializable: 0 0 %, local: 0 %
I0312 09:10:58.478941 311492 Coordinator.h:126] commit: 477770 abort: 17846 (0/17846/0), network size: 0, avg network size: 0, si_in_serializable: 0 0 %, local: 0 %
I0312 09:10:59.479061 311492 Coordinator.h:126] commit: 477578 abort: 18038 (0/18038/0), network size: 0, avg network size: 0, si_in_serializable: 0 0 %, local: 0 %
I0312 09:11:00.479176 311492 Coordinator.h:126] commit: 477709 abort: 17907 (0/17907/0), network size: 0, avg network size: 0, si_in_serializable: 0 0 %, local: 0 %
I0312 09:11:01.479285 311492 Coordinator.h:126] commit: 477688 abort: 17928 (0/17928/0), network size: 0, avg network size: 0, si_in_serializable: 0 0 %, local: 0 %
I0312 09:11:02.479408 311492 Coordinator.h:126] commit: 473656 abort: 17864 (0/17864/0), network size: 0, avg network size: 0, si_in_serializable: 0 0 %, local: 0 %
I0312 09:11:03.479534 311492 Coordinator.h:126] commit: 477746 abort: 17870 (0/17870/0), network size: 0, avg network size: 0, si_in_serializable: 0 0 %, local: 0 %
I0312 09:11:04.479720 311492 Coordinator.h:126] commit: 465873 abort: 17455 (0/17455/0), network size: 0, avg network size: 0, si_in_serializable: 0 0 %, local: 0 %
I0312 09:11:05.479861 311492 Coordinator.h:126] commit: 477505 abort: 18111 (0/18111/0), network size: 0, avg network size: 0, si_in_serializable: 0 0 %, local: 0 %
I0312 09:11:06.479975 311492 Coordinator.h:126] commit: 477624 abort: 17992 (0/17992/0), network size: 0, avg network size: 0, si_in_serializable: 0 0 %, local: 0 %
I0312 09:11:07.480094 311492 Coordinator.h:126] commit: 477788 abort: 17828 (0/17828/0), network size: 0, avg network size: 0, si_in_serializable: 0 0 %, local: 0 %
I0312 09:11:08.480217 311492 Coordinator.h:126] commit: 477626 abort: 17990 (0/17990/0), network size: 0, avg network size: 0, si_in_serializable: 0 0 %, local: 0 %
I0312 09:11:09.480343 311492 Coordinator.h:126] commit: 477625 abort: 17991 (0/17991/0), network size: 0, avg network size: 0, si_in_serializable: 0 0 %, local: 0 %
I0312 09:11:10.480459 311492 Coordinator.h:126] commit: 477447 abort: 18169 (0/18169/0), network size: 0, avg network size: 0, si_in_serializable: 0 0 %, local: 0 %
I0312 09:11:11.480579 311492 Coordinator.h:126] commit: 477397 abort: 18219 (0/18219/0), network size: 0, avg network size: 0, si_in_serializable: 0 0 %, local: 0 %
I0312 09:11:12.480705 311492 Coordinator.h:126] commit: 477563 abort: 18053 (0/18053/0), network size: 0, avg network size: 0, si_in_serializable: 0 0 %, local: 0 %
I0312 09:11:13.480830 311492 Coordinator.h:126] commit: 477501 abort: 18115 (0/18115/0), network size: 0, avg network size: 0, si_in_serializable: 0 0 %, local: 0 %
I0312 09:11:14.480963 311492 Coordinator.h:126] commit: 477395 abort: 18221 (0/18221/0), network size: 0, avg network size: 0, si_in_serializable: 0 0 %, local: 0 %
I0312 09:11:15.481091 311492 Coordinator.h:126] commit: 477748 abort: 17868 (0/17868/0), network size: 0, avg network size: 0, si_in_serializable: 0 0 %, local: 0 %
I0312 09:11:15.481130 311492 Coordinator.h:152] average commit: 476058 abort: 17919.8 (0/17919.8/0), network size: 0, avg network size: 0, si_in_serializable: 0 0 %, local: 0 %
I0312 09:11:15.484165 311519 AriaExecutor.h:94] AriaExecutor 11 exits. 
I0312 09:11:15.484182 311517 AriaExecutor.h:94] AriaExecutor 9 exits. 
I0312 09:11:15.484190 311520 Manager.h:227] Manager(worker id = 12) on the coordinator node exits.
I0312 09:11:15.484166 311515 AriaExecutor.h:94] AriaExecutor 7 exits. 
I0312 09:11:15.484166 311516 AriaExecutor.h:94] AriaExecutor 8 exits. 
I0312 09:11:15.484180 311512 AriaExecutor.h:94] AriaExecutor 4 exits. 
I0312 09:11:15.484180 311511 AriaExecutor.h:94] AriaExecutor 3 exits. 
I0312 09:11:15.484166 311510 AriaExecutor.h:94] AriaExecutor 2 exits. 
I0312 09:11:15.484181 311518 AriaExecutor.h:94] AriaExecutor 10 exits. 
I0312 09:11:15.484180 311508 AriaExecutor.h:94] AriaExecutor 0 exits. 
I0312 09:11:15.484184 311513 AriaExecutor.h:94] AriaExecutor 5 exits. 
I0312 09:11:15.484182 311514 AriaExecutor.h:94] AriaExecutor 6 exits. 
I0312 09:11:15.484166 311509 AriaExecutor.h:94] AriaExecutor 1 exits. 
I0312 09:11:15.481175 311492 AriaExecutor.h:535] Worker 0 latency: 5009 us (50%) 6578 us (75%) 7812 us (95%) 8067 us (99%).
I0312 09:11:15.542045 311492 AriaExecutor.h:535] Worker 1 latency: 5017 us (50%) 6580 us (75%) 7809 us (95%) 8060 us (99%).
I0312 09:11:15.587880 311492 AriaExecutor.h:535] Worker 2 latency: 5017 us (50%) 6580 us (75%) 7809 us (95%) 8061 us (99%).
I0312 09:11:15.633719 311492 AriaExecutor.h:535] Worker 3 latency: 5017 us (50%) 6580 us (75%) 7809 us (95%) 8060 us (99%).
I0312 09:11:15.679258 311492 AriaExecutor.h:535] Worker 4 latency: 5023 us (50%) 6584 us (75%) 7810 us (95%) 8062 us (99%).
I0312 09:11:15.724954 311492 AriaExecutor.h:535] Worker 5 latency: 5016 us (50%) 6580 us (75%) 7809 us (95%) 8061 us (99%).
I0312 09:11:15.771863 311492 AriaExecutor.h:535] Worker 6 latency: 5022 us (50%) 6583 us (75%) 7810 us (95%) 8061 us (99%).
I0312 09:11:15.818156 311492 AriaExecutor.h:535] Worker 7 latency: 5024 us (50%) 6583 us (75%) 7809 us (95%) 8059 us (99%).
I0312 09:11:15.863339 311492 AriaExecutor.h:535] Worker 8 latency: 5030 us (50%) 6585 us (75%) 7810 us (95%) 8061 us (99%).
I0312 09:11:15.909049 311492 AriaExecutor.h:535] Worker 9 latency: 5021 us (50%) 6581 us (75%) 7808 us (95%) 8059 us (99%).
I0312 09:11:15.955382 311492 AriaExecutor.h:535] Worker 10 latency: 5030 us (50%) 6586 us (75%) 7809 us (95%) 8060 us (99%).
I0312 09:11:16.001803 311492 AriaExecutor.h:535] Worker 11 latency: 5021 us (50%) 6582 us (75%) 7809 us (95%) 8060 us (99%).
I0312 09:11:16.047057 311492 Coordinator.h:177] total commit: 476058
I0312 09:11:17.047256 311492 Coordinator.h:192] Coordinator exits.
=== current_aria_p12_t12_k40000_rw80_ops100_bs1024_zipf_0.4 ===
I0312 09:11:17.348827 311564 Database.h:65] ycsb initialization finished in 99 milliseconds.
I0312 09:11:17.349071 311564 Coordinator.h:30] Coordinator initializes 12 workers.
I0312 09:11:17.387399 311564 Coordinator.h:77] Coordinator starts to run 13 workers.
I0312 09:11:17.387499 311580 AriaExecutor.h:82] AriaExecutor 0 started. 
I0312 09:11:17.387557 311581 AriaExecutor.h:82] AriaExecutor 1 started. 
I0312 09:11:17.387672 311582 AriaExecutor.h:82] AriaExecutor 2 started. 
I0312 09:11:17.387722 311583 AriaExecutor.h:82] AriaExecutor 3 started. 
I0312 09:11:17.387817 311584 AriaExecutor.h:82] AriaExecutor 4 started. 
I0312 09:11:17.387935 311585 AriaExecutor.h:82] AriaExecutor 5 started. 
I0312 09:11:17.387991 311586 AriaExecutor.h:82] AriaExecutor 6 started. 
I0312 09:11:17.388088 311587 AriaExecutor.h:82] AriaExecutor 7 started. 
I0312 09:11:17.388207 311588 AriaExecutor.h:82] AriaExecutor 8 started. 
I0312 09:11:17.388295 311589 AriaExecutor.h:82] AriaExecutor 9 started. 
I0312 09:11:17.388350 311590 AriaExecutor.h:82] AriaExecutor 10 started. 
I0312 09:11:17.388432 311591 AriaExecutor.h:82] AriaExecutor 11 started. 
I0312 09:11:17.388489 311592 Manager.h:224] Manager(worker id = 12) on the coordinator node started.
I0312 09:11:18.388528 311564 Coordinator.h:126] commit: 20281 abort: 69831 (0/69831/0), network size: 0, avg network size: 0, si_in_serializable: 0 0 %, local: 0 %
I0312 09:11:19.388682 311564 Coordinator.h:126] commit: 23259 abort: 80165 (0/80165/0), network size: 0, avg network size: 0, si_in_serializable: 0 0 %, local: 0 %
I0312 09:11:20.388875 311564 Coordinator.h:126] commit: 24690 abort: 85902 (0/85902/0), network size: 0, avg network size: 0, si_in_serializable: 0 0 %, local: 0 %
I0312 09:11:21.389014 311564 Coordinator.h:126] commit: 24900 abort: 85692 (0/85692/0), network size: 0, avg network size: 0, si_in_serializable: 0 0 %, local: 0 %
I0312 09:11:22.389134 311564 Coordinator.h:126] commit: 25118 abort: 86498 (0/86498/0), network size: 0, avg network size: 0, si_in_serializable: 0 0 %, local: 0 %
I0312 09:11:23.389256 311564 Coordinator.h:126] commit: 25045 abort: 85547 (0/85547/0), network size: 0, avg network size: 0, si_in_serializable: 0 0 %, local: 0 %
I0312 09:11:24.389374 311564 Coordinator.h:126] commit: 24967 abort: 85625 (0/85625/0), network size: 0, avg network size: 0, si_in_serializable: 0 0 %, local: 0 %
I0312 09:11:25.389561 311564 Coordinator.h:126] commit: 25298 abort: 86318 (0/86318/0), network size: 0, avg network size: 0, si_in_serializable: 0 0 %, local: 0 %
I0312 09:11:26.389693 311564 Coordinator.h:126] commit: 24874 abort: 85718 (0/85718/0), network size: 0, avg network size: 0, si_in_serializable: 0 0 %, local: 0 %
I0312 09:11:27.389820 311564 Coordinator.h:126] commit: 25299 abort: 86317 (0/86317/0), network size: 0, avg network size: 0, si_in_serializable: 0 0 %, local: 0 %
I0312 09:11:28.389942 311564 Coordinator.h:126] commit: 25046 abort: 85546 (0/85546/0), network size: 0, avg network size: 0, si_in_serializable: 0 0 %, local: 0 %
I0312 09:11:29.390064 311564 Coordinator.h:126] commit: 25171 abort: 86445 (0/86445/0), network size: 0, avg network size: 0, si_in_serializable: 0 0 %, local: 0 %
I0312 09:11:30.390185 311564 Coordinator.h:126] commit: 25000 abort: 85592 (0/85592/0), network size: 0, avg network size: 0, si_in_serializable: 0 0 %, local: 0 %
I0312 09:11:31.390313 311564 Coordinator.h:126] commit: 24995 abort: 85597 (0/85597/0), network size: 0, avg network size: 0, si_in_serializable: 0 0 %, local: 0 %
I0312 09:11:32.390450 311564 Coordinator.h:126] commit: 25138 abort: 86478 (0/86478/0), network size: 0, avg network size: 0, si_in_serializable: 0 0 %, local: 0 %
I0312 09:11:33.390645 311564 Coordinator.h:126] commit: 24819 abort: 85773 (0/85773/0), network size: 0, avg network size: 0, si_in_serializable: 0 0 %, local: 0 %
I0312 09:11:34.390801 311564 Coordinator.h:126] commit: 24909 abort: 85683 (0/85683/0), network size: 0, avg network size: 0, si_in_serializable: 0 0 %, local: 0 %
I0312 09:11:35.390960 311564 Coordinator.h:126] commit: 24865 abort: 85727 (0/85727/0), network size: 0, avg network size: 0, si_in_serializable: 0 0 %, local: 0 %
I0312 09:11:36.391122 311564 Coordinator.h:126] commit: 24940 abort: 86676 (0/86676/0), network size: 0, avg network size: 0, si_in_serializable: 0 0 %, local: 0 %
I0312 09:11:37.391278 311564 Coordinator.h:126] commit: 24809 abort: 85783 (0/85783/0), network size: 0, avg network size: 0, si_in_serializable: 0 0 %, local: 0 %
I0312 09:11:38.391436 311564 Coordinator.h:126] commit: 25157 abort: 86459 (0/86459/0), network size: 0, avg network size: 0, si_in_serializable: 0 0 %, local: 0 %
I0312 09:11:39.391592 311564 Coordinator.h:126] commit: 24864 abort: 85728 (0/85728/0), network size: 0, avg network size: 0, si_in_serializable: 0 0 %, local: 0 %
I0312 09:11:40.391749 311564 Coordinator.h:126] commit: 25107 abort: 85485 (0/85485/0), network size: 0, avg network size: 0, si_in_serializable: 0 0 %, local: 0 %
I0312 09:11:41.391916 311564 Coordinator.h:126] commit: 25399 abort: 86217 (0/86217/0), network size: 0, avg network size: 0, si_in_serializable: 0 0 %, local: 0 %
I0312 09:11:42.392060 311564 Coordinator.h:126] commit: 25013 abort: 85579 (0/85579/0), network size: 0, avg network size: 0, si_in_serializable: 0 0 %, local: 0 %
I0312 09:11:42.392120 311564 Coordinator.h:152] average commit: 24969.2 abort: 85930 (0/85930/0), network size: 0, avg network size: 0, si_in_serializable: 0 0 %, local: 0 %
I0312 09:11:42.394816 311588 AriaExecutor.h:94] AriaExecutor 8 exits. 
I0312 09:11:42.394816 311583 AriaExecutor.h:94] AriaExecutor 3 exits. 
I0312 09:11:42.394816 311587 AriaExecutor.h:94] AriaExecutor 7 exits. 
I0312 09:11:42.394816 311584 AriaExecutor.h:94] AriaExecutor 4 exits. 
I0312 09:11:42.394830 311590 AriaExecutor.h:94] AriaExecutor 10 exits. 
I0312 09:11:42.394830 311582 AriaExecutor.h:94] AriaExecutor 2 exits. 
I0312 09:11:42.394830 311586 AriaExecutor.h:94] AriaExecutor 6 exits. 
I0312 09:11:42.394830 311591 AriaExecutor.h:94] AriaExecutor 11 exits. 
I0312 09:11:42.394816 311580 AriaExecutor.h:94] AriaExecutor 0 exits. 
I0312 09:11:42.394831 311581 AriaExecutor.h:94] AriaExecutor 1 exits. 
I0312 09:11:42.394831 311589 AriaExecutor.h:94] AriaExecutor 9 exits. 
I0312 09:11:42.394837 311592 Manager.h:227] Manager(worker id = 12) on the coordinator node exits.
I0312 09:11:42.394832 311585 AriaExecutor.h:94] AriaExecutor 5 exits. 
I0312 09:11:42.392179 311564 AriaExecutor.h:535] Worker 0 latency: 8491 us (50%) 8864 us (75%) 9148 us (95%) 10689 us (99%).
I0312 09:11:42.400063 311564 AriaExecutor.h:535] Worker 1 latency: 8496 us (50%) 8867 us (75%) 9151 us (95%) 10673 us (99%).
I0312 09:11:42.406350 311564 AriaExecutor.h:535] Worker 2 latency: 8499 us (50%) 8867 us (75%) 9151 us (95%) 10687 us (99%).
I0312 09:11:42.411106 311564 AriaExecutor.h:535] Worker 3 latency: 8501 us (50%) 8868 us (75%) 9154 us (95%) 10672 us (99%).
I0312 09:11:42.415295 311564 AriaExecutor.h:535] Worker 4 latency: 8494 us (50%) 8865 us (75%) 9146 us (95%) 10689 us (99%).
I0312 09:11:42.418510 311564 AriaExecutor.h:535] Worker 5 latency: 8486 us (50%) 8861 us (75%) 9139 us (95%) 10654 us (99%).
I0312 09:11:42.421730 311564 AriaExecutor.h:535] Worker 6 latency: 8493 us (50%) 8866 us (75%) 9145 us (95%) 10661 us (99%).
I0312 09:11:42.424832 311564 AriaExecutor.h:535] Worker 7 latency: 8494 us (50%) 8864 us (75%) 9141 us (95%) 10673 us (99%).
I0312 09:11:42.427551 311564 AriaExecutor.h:535] Worker 8 latency: 8499 us (50%) 8866 us (75%) 9148 us (95%) 10652 us (99%).
I0312 09:11:42.430251 311564 AriaExecutor.h:535] Worker 9 latency: 8491 us (50%) 8863 us (75%) 9146 us (95%) 10685 us (99%).
I0312 09:11:42.433018 311564 AriaExecutor.h:535] Worker 10 latency: 8496 us (50%) 8864 us (75%) 9142 us (95%) 10679 us (99%).
I0312 09:11:42.435667 311564 AriaExecutor.h:535] Worker 11 latency: 8498 us (50%) 8866 us (75%) 9150 us (95%) 10675 us (99%).
I0312 09:11:42.438369 311564 Coordinator.h:177] total commit: 24969.2
I0312 09:11:43.438599 311564 Coordinator.h:192] Coordinator exits.
=== current_aria_p12_t12_k40000_rw80_ops100_bs2048_zipf_0.4 ===
I0312 09:11:43.722663 311993 Database.h:65] ycsb initialization finished in 97 milliseconds.
I0312 09:11:43.722800 311993 Coordinator.h:30] Coordinator initializes 12 workers.
I0312 09:11:43.778499 311993 Coordinator.h:77] Coordinator starts to run 13 workers.
I0312 09:11:43.778596 312016 AriaExecutor.h:82] AriaExecutor 0 started. 
I0312 09:11:43.778650 312017 AriaExecutor.h:82] AriaExecutor 1 started. 
I0312 09:11:43.778750 312018 AriaExecutor.h:82] AriaExecutor 2 started. 
I0312 09:11:43.778855 312019 AriaExecutor.h:82] AriaExecutor 3 started. 
I0312 09:11:43.778972 312020 AriaExecutor.h:82] AriaExecutor 4 started. 
I0312 09:11:43.779072 312021 AriaExecutor.h:82] AriaExecutor 5 started. 
I0312 09:11:43.779176 312022 AriaExecutor.h:82] AriaExecutor 6 started. 
I0312 09:11:43.779218 312023 AriaExecutor.h:82] AriaExecutor 7 started. 
I0312 09:11:43.779312 312024 AriaExecutor.h:82] AriaExecutor 8 started. 
I0312 09:11:43.779408 312025 AriaExecutor.h:82] AriaExecutor 9 started. 
I0312 09:11:43.779492 312026 AriaExecutor.h:82] AriaExecutor 10 started. 
I0312 09:11:43.779579 312027 AriaExecutor.h:82] AriaExecutor 11 started. 
I0312 09:11:43.779673 312028 Manager.h:224] Manager(worker id = 12) on the coordinator node started.
I0312 09:11:44.779733 311993 Coordinator.h:126] commit: 9972 abort: 78092 (0/78092/0), network size: 0, avg network size: 0, si_in_serializable: 0 0 %, local: 0 %
I0312 09:11:45.779899 311993 Coordinator.h:126] commit: 11554 abort: 90846 (0/90846/0), network size: 0, avg network size: 0, si_in_serializable: 0 0 %, local: 0 %
I0312 09:11:46.780098 311993 Coordinator.h:126] commit: 12473 abort: 98119 (0/98119/0), network size: 0, avg network size: 0, si_in_serializable: 0 0 %, local: 0 %
I0312 09:11:47.780270 311993 Coordinator.h:126] commit: 12486 abort: 98106 (0/98106/0), network size: 0, avg network size: 0, si_in_serializable: 0 0 %, local: 0 %
I0312 09:11:48.780423 311993 Coordinator.h:126] commit: 12646 abort: 97946 (0/97946/0), network size: 0, avg network size: 0, si_in_serializable: 0 0 %, local: 0 %
I0312 09:11:49.780560 311993 Coordinator.h:126] commit: 12670 abort: 97922 (0/97922/0), network size: 0, avg network size: 0, si_in_serializable: 0 0 %, local: 0 %
I0312 09:11:50.780694 311993 Coordinator.h:126] commit: 12549 abort: 98043 (0/98043/0), network size: 0, avg network size: 0, si_in_serializable: 0 0 %, local: 0 %
I0312 09:11:51.780889 311993 Coordinator.h:126] commit: 12457 abort: 98135 (0/98135/0), network size: 0, avg network size: 0, si_in_serializable: 0 0 %, local: 0 %
I0312 09:11:52.781035 311993 Coordinator.h:126] commit: 12454 abort: 98138 (0/98138/0), network size: 0, avg network size: 0, si_in_serializable: 0 0 %, local: 0 %
I0312 09:11:53.781176 311993 Coordinator.h:126] commit: 12471 abort: 98121 (0/98121/0), network size: 0, avg network size: 0, si_in_serializable: 0 0 %, local: 0 %
I0312 09:11:54.781320 311993 Coordinator.h:126] commit: 12686 abort: 97906 (0/97906/0), network size: 0, avg network size: 0, si_in_serializable: 0 0 %, local: 0 %
I0312 09:11:55.781467 311993 Coordinator.h:126] commit: 12576 abort: 98016 (0/98016/0), network size: 0, avg network size: 0, si_in_serializable: 0 0 %, local: 0 %
I0312 09:11:56.781615 311993 Coordinator.h:126] commit: 12347 abort: 96197 (0/96197/0), network size: 0, avg network size: 0, si_in_serializable: 0 0 %, local: 0 %
I0312 09:11:57.781754 311993 Coordinator.h:126] commit: 12622 abort: 97970 (0/97970/0), network size: 0, avg network size: 0, si_in_serializable: 0 0 %, local: 0 %
I0312 09:11:58.781910 311993 Coordinator.h:126] commit: 12608 abort: 97984 (0/97984/0), network size: 0, avg network size: 0, si_in_serializable: 0 0 %, local: 0 %
I0312 09:11:59.782065 311993 Coordinator.h:126] commit: 12588 abort: 98004 (0/98004/0), network size: 0, avg network size: 0, si_in_serializable: 0 0 %, local: 0 %
I0312 09:12:00.782212 311993 Coordinator.h:126] commit: 12531 abort: 98061 (0/98061/0), network size: 0, avg network size: 0, si_in_serializable: 0 0 %, local: 0 %
I0312 09:12:01.782408 311993 Coordinator.h:126] commit: 12527 abort: 98065 (0/98065/0), network size: 0, avg network size: 0, si_in_serializable: 0 0 %, local: 0 %
I0312 09:12:02.782572 311993 Coordinator.h:126] commit: 12492 abort: 98100 (0/98100/0), network size: 0, avg network size: 0, si_in_serializable: 0 0 %, local: 0 %
I0312 09:12:03.782716 311993 Coordinator.h:126] commit: 12646 abort: 97946 (0/97946/0), network size: 0, avg network size: 0, si_in_serializable: 0 0 %, local: 0 %
I0312 09:12:04.782866 311993 Coordinator.h:126] commit: 12533 abort: 98059 (0/98059/0), network size: 0, avg network size: 0, si_in_serializable: 0 0 %, local: 0 %
I0312 09:12:05.783013 311993 Coordinator.h:126] commit: 12546 abort: 98046 (0/98046/0), network size: 0, avg network size: 0, si_in_serializable: 0 0 %, local: 0 %
I0312 09:12:06.783159 311993 Coordinator.h:126] commit: 12599 abort: 97993 (0/97993/0), network size: 0, avg network size: 0, si_in_serializable: 0 0 %, local: 0 %
I0312 09:12:07.783308 311993 Coordinator.h:126] commit: 12524 abort: 98068 (0/98068/0), network size: 0, avg network size: 0, si_in_serializable: 0 0 %, local: 0 %
I0312 09:12:08.783455 311993 Coordinator.h:126] commit: 12507 abort: 98085 (0/98085/0), network size: 0, avg network size: 0, si_in_serializable: 0 0 %, local: 0 %
I0312 09:12:08.783512 311993 Coordinator.h:152] average commit: 12562.3 abort: 97824.9 (0/97824.9/0), network size: 0, avg network size: 0, si_in_serializable: 0 0 %, local: 0 %
I0312 09:12:08.786418 312017 AriaExecutor.h:94] AriaExecutor 1 exits. 
I0312 09:12:08.786418 312021 AriaExecutor.h:94] AriaExecutor 5 exits. 
I0312 09:12:08.786433 312019 AriaExecutor.h:94] AriaExecutor 3 exits. 
I0312 09:12:08.786433 312022 AriaExecutor.h:94] AriaExecutor 6 exits. 
I0312 09:12:08.786435 312020 AriaExecutor.h:94] AriaExecutor 4 exits. 
I0312 09:12:08.786437 312026 AriaExecutor.h:94] AriaExecutor 10 exits. 
I0312 09:12:08.786441 312016 AriaExecutor.h:94] AriaExecutor 0 exits. 
I0312 09:12:08.786444 312023 AriaExecutor.h:94] AriaExecutor 7 exits. 
I0312 09:12:08.786430 312025 AriaExecutor.h:94] AriaExecutor 9 exits. 
I0312 09:12:08.786418 312024 AriaExecutor.h:94] AriaExecutor 8 exits. 
I0312 09:12:08.786437 312028 Manager.h:227] Manager(worker id = 12) on the coordinator node exits.
I0312 09:12:08.786432 312027 AriaExecutor.h:94] AriaExecutor 11 exits. 
I0312 09:12:08.786432 312018 AriaExecutor.h:94] AriaExecutor 2 exits. 
I0312 09:12:08.783561 311993 AriaExecutor.h:535] Worker 0 latency: 17749 us (50%) 18120 us (75%) 18840 us (95%) 22410 us (99%).
I0312 09:12:08.787662 311993 AriaExecutor.h:535] Worker 1 latency: 17749 us (50%) 18118 us (75%) 18803 us (95%) 22336 us (99%).
I0312 09:12:08.791859 311993 AriaExecutor.h:535] Worker 2 latency: 17750 us (50%) 18117 us (75%) 18780 us (95%) 22345 us (99%).
I0312 09:12:08.796041 311993 AriaExecutor.h:535] Worker 3 latency: 17751 us (50%) 18120 us (75%) 18808 us (95%) 22334 us (99%).
I0312 09:12:08.799921 311993 AriaExecutor.h:535] Worker 4 latency: 17752 us (50%) 18119 us (75%) 18818 us (95%) 22353 us (99%).
I0312 09:12:08.803061 311993 AriaExecutor.h:535] Worker 5 latency: 17756 us (50%) 18121 us (75%) 18794 us (95%) 22338 us (99%).
I0312 09:12:08.805491 311993 AriaExecutor.h:535] Worker 6 latency: 17744 us (50%) 18118 us (75%) 18834 us (95%) 22330 us (99%).
I0312 09:12:08.807895 311993 AriaExecutor.h:535] Worker 7 latency: 17744 us (50%) 18118 us (75%) 18847 us (95%) 22335 us (99%).
I0312 09:12:08.810304 311993 AriaExecutor.h:535] Worker 8 latency: 17746 us (50%) 18117 us (75%) 18794 us (95%) 22354 us (99%).
I0312 09:12:08.812386 311993 AriaExecutor.h:535] Worker 9 latency: 17744 us (50%) 18119 us (75%) 18821 us (95%) 22333 us (99%).
I0312 09:12:08.813963 311993 AriaExecutor.h:535] Worker 10 latency: 17746 us (50%) 18116 us (75%) 18789 us (95%) 22317 us (99%).
I0312 09:12:08.815543 311993 AriaExecutor.h:535] Worker 11 latency: 17745 us (50%) 18118 us (75%) 18836 us (95%) 22345 us (99%).
I0312 09:12:08.817154 311993 Coordinator.h:177] total commit: 12562.3
I0312 09:12:09.817368 311993 Coordinator.h:192] Coordinator exits.
=== current_aria_p12_t12_k40000_rw80_ops100_bs4096_zipf_0.4 ===
I0312 09:12:10.096475 313066 Database.h:65] ycsb initialization finished in 103 milliseconds.
I0312 09:12:10.096654 313066 Coordinator.h:30] Coordinator initializes 12 workers.
I0312 09:12:10.202255 313066 Coordinator.h:77] Coordinator starts to run 13 workers.
I0312 09:12:10.202347 313087 AriaExecutor.h:82] AriaExecutor 0 started. 
I0312 09:12:10.202394 313088 AriaExecutor.h:82] AriaExecutor 1 started. 
I0312 09:12:10.202495 313089 AriaExecutor.h:82] AriaExecutor 2 started. 
I0312 09:12:10.202555 313090 AriaExecutor.h:82] AriaExecutor 3 started. 
I0312 09:12:10.202651 313091 AriaExecutor.h:82] AriaExecutor 4 started. 
I0312 09:12:10.202692 313092 AriaExecutor.h:82] AriaExecutor 5 started. 
I0312 09:12:10.202782 313093 AriaExecutor.h:82] AriaExecutor 6 started. 
I0312 09:12:10.202888 313094 AriaExecutor.h:82] AriaExecutor 7 started. 
I0312 09:12:10.202929 313095 AriaExecutor.h:82] AriaExecutor 8 started. 
I0312 09:12:10.203022 313096 AriaExecutor.h:82] AriaExecutor 9 started. 
I0312 09:12:10.203058 313097 AriaExecutor.h:82] AriaExecutor 10 started. 
I0312 09:12:10.203159 313098 AriaExecutor.h:82] AriaExecutor 11 started. 
I0312 09:12:10.203212 313099 Manager.h:224] Manager(worker id = 12) on the coordinator node started.
I0312 09:12:11.203264 313066 Coordinator.h:126] commit: 5193 abort: 84011 (0/84011/0), network size: 0, avg network size: 0, si_in_serializable: 0 0 %, local: 0 %
I0312 09:12:12.203449 313066 Coordinator.h:126] commit: 5824 abort: 97484 (0/97484/0), network size: 0, avg network size: 0, si_in_serializable: 0 0 %, local: 0 %
I0312 09:12:13.203668 313066 Coordinator.h:126] commit: 6200 abort: 104392 (0/104392/0), network size: 0, avg network size: 0, si_in_serializable: 0 0 %, local: 0 %
I0312 09:12:14.203841 313066 Coordinator.h:126] commit: 6490 abort: 108198 (0/108198/0), network size: 0, avg network size: 0, si_in_serializable: 0 0 %, local: 0 %
I0312 09:12:15.203985 313066 Coordinator.h:126] commit: 6314 abort: 104278 (0/104278/0), network size: 0, avg network size: 0, si_in_serializable: 0 0 %, local: 0 %
I0312 09:12:16.204140 313066 Coordinator.h:126] commit: 6590 abort: 108098 (0/108098/0), network size: 0, avg network size: 0, si_in_serializable: 0 0 %, local: 0 %
I0312 09:12:17.204288 313066 Coordinator.h:126] commit: 6433 abort: 104159 (0/104159/0), network size: 0, avg network size: 0, si_in_serializable: 0 0 %, local: 0 %
I0312 09:12:18.204499 313066 Coordinator.h:126] commit: 6565 abort: 108123 (0/108123/0), network size: 0, avg network size: 0, si_in_serializable: 0 0 %, local: 0 %
I0312 09:12:19.204654 313066 Coordinator.h:126] commit: 6277 abort: 104315 (0/104315/0), network size: 0, avg network size: 0, si_in_serializable: 0 0 %, local: 0 %
I0312 09:12:20.204794 313066 Coordinator.h:126] commit: 6592 abort: 108096 (0/108096/0), network size: 0, avg network size: 0, si_in_serializable: 0 0 %, local: 0 %
I0312 09:12:21.204934 313066 Coordinator.h:126] commit: 6401 abort: 104191 (0/104191/0), network size: 0, avg network size: 0, si_in_serializable: 0 0 %, local: 0 %
I0312 09:12:22.205077 313066 Coordinator.h:126] commit: 6482 abort: 108206 (0/108206/0), network size: 0, avg network size: 0, si_in_serializable: 0 0 %, local: 0 %
I0312 09:12:23.205224 313066 Coordinator.h:126] commit: 6313 abort: 104279 (0/104279/0), network size: 0, avg network size: 0, si_in_serializable: 0 0 %, local: 0 %
I0312 09:12:24.205369 313066 Coordinator.h:126] commit: 6308 abort: 104284 (0/104284/0), network size: 0, avg network size: 0, si_in_serializable: 0 0 %, local: 0 %
I0312 09:12:25.205575 313066 Coordinator.h:126] commit: 6546 abort: 108142 (0/108142/0), network size: 0, avg network size: 0, si_in_serializable: 0 0 %, local: 0 %
I0312 09:12:26.205749 313066 Coordinator.h:126] commit: 6557 abort: 108131 (0/108131/0), network size: 0, avg network size: 0, si_in_serializable: 0 0 %, local: 0 %
I0312 09:12:27.205899 313066 Coordinator.h:126] commit: 6320 abort: 104272 (0/104272/0), network size: 0, avg network size: 0, si_in_serializable: 0 0 %, local: 0 %
I0312 09:12:28.206056 313066 Coordinator.h:126] commit: 6487 abort: 108201 (0/108201/0), network size: 0, avg network size: 0, si_in_serializable: 0 0 %, local: 0 %
I0312 09:12:29.206193 313066 Coordinator.h:126] commit: 6300 abort: 104292 (0/104292/0), network size: 0, avg network size: 0, si_in_serializable: 0 0 %, local: 0 %
I0312 09:12:30.206334 313066 Coordinator.h:126] commit: 6531 abort: 108157 (0/108157/0), network size: 0, avg network size: 0, si_in_serializable: 0 0 %, local: 0 %
I0312 09:12:31.206471 313066 Coordinator.h:126] commit: 6330 abort: 104262 (0/104262/0), network size: 0, avg network size: 0, si_in_serializable: 0 0 %, local: 0 %
I0312 09:12:32.206619 313066 Coordinator.h:126] commit: 6538 abort: 108150 (0/108150/0), network size: 0, avg network size: 0, si_in_serializable: 0 0 %, local: 0 %
I0312 09:12:33.206768 313066 Coordinator.h:126] commit: 6356 abort: 104236 (0/104236/0), network size: 0, avg network size: 0, si_in_serializable: 0 0 %, local: 0 %
I0312 09:12:34.206913 313066 Coordinator.h:126] commit: 6513 abort: 108175 (0/108175/0), network size: 0, avg network size: 0, si_in_serializable: 0 0 %, local: 0 %
I0312 09:12:35.207056 313066 Coordinator.h:126] commit: 6295 abort: 104297 (0/104297/0), network size: 0, avg network size: 0, si_in_serializable: 0 0 %, local: 0 %
I0312 09:12:35.207113 313066 Coordinator.h:152] average commit: 6424.5 abort: 106216 (0/106216/0), network size: 0, avg network size: 0, si_in_serializable: 0 0 %, local: 0 %
I0312 09:12:35.207157 313066 AriaExecutor.h:535] Worker 0 latency: 35577 us (50%) 35938 us (75%) 37433 us (95%) 44095 us (99%).
I0312 09:12:35.218420 313093 AriaExecutor.h:94] AriaExecutor 6 exits. 
I0312 09:12:35.218420 313091 AriaExecutor.h:94] AriaExecutor 4 exits. 
I0312 09:12:35.218420 313095 AriaExecutor.h:94] AriaExecutor 8 exits. 
I0312 09:12:35.218420 313098 AriaExecutor.h:94] AriaExecutor 11 exits. 
I0312 09:12:35.218431 313092 AriaExecutor.h:94] AriaExecutor 5 exits. 
I0312 09:12:35.218420 313089 AriaExecutor.h:94] AriaExecutor 2 exits. 
I0312 09:12:35.218420 313094 AriaExecutor.h:94] AriaExecutor 7 exits. 
I0312 09:12:35.218420 313096 AriaExecutor.h:94] AriaExecutor 9 exits. 
I0312 09:12:35.218433 313099 Manager.h:227] Manager(worker id = 12) on the coordinator node exits.
I0312 09:12:35.218426 313088 AriaExecutor.h:94] AriaExecutor 1 exits. 
I0312 09:12:35.218426 313097 AriaExecutor.h:94] AriaExecutor 10 exits. 
I0312 09:12:35.218420 313087 AriaExecutor.h:94] AriaExecutor 0 exits. 
I0312 09:12:35.218430 313090 AriaExecutor.h:94] AriaExecutor 3 exits. 
I0312 09:12:35.218726 313066 AriaExecutor.h:535] Worker 1 latency: 35562 us (50%) 35932 us (75%) 37364 us (95%) 44114 us (99%).
I0312 09:12:35.220681 313066 AriaExecutor.h:535] Worker 2 latency: 35568 us (50%) 35936 us (75%) 37400 us (95%) 44132 us (99%).
I0312 09:12:35.222618 313066 AriaExecutor.h:535] Worker 3 latency: 35569 us (50%) 35934 us (75%) 37427 us (95%) 44113 us (99%).
I0312 09:12:35.224560 313066 AriaExecutor.h:535] Worker 4 latency: 35575 us (50%) 35934 us (75%) 37388 us (95%) 44084 us (99%).
I0312 09:12:35.226534 313066 AriaExecutor.h:535] Worker 5 latency: 35565 us (50%) 35934 us (75%) 37316 us (95%) 44070 us (99%).
I0312 09:12:35.228487 313066 AriaExecutor.h:535] Worker 6 latency: 35560 us (50%) 35930 us (75%) 37406 us (95%) 44118 us (99%).
I0312 09:12:35.229987 313066 AriaExecutor.h:535] Worker 7 latency: 35565 us (50%) 35936 us (75%) 37454 us (95%) 44122 us (99%).
I0312 09:12:35.231487 313066 AriaExecutor.h:535] Worker 8 latency: 35564 us (50%) 35926 us (75%) 37394 us (95%) 44143 us (99%).
I0312 09:12:35.232996 313066 AriaExecutor.h:535] Worker 9 latency: 35570 us (50%) 35932 us (75%) 37482 us (95%) 44084 us (99%).
I0312 09:12:35.234476 313066 AriaExecutor.h:535] Worker 10 latency: 35558 us (50%) 35928 us (75%) 37336 us (95%) 44101 us (99%).
I0312 09:12:35.235937 313066 AriaExecutor.h:535] Worker 11 latency: 35567 us (50%) 35934 us (75%) 37411 us (95%) 44124 us (99%).
I0312 09:12:35.237442 313066 Coordinator.h:177] total commit: 6424.5
I0312 09:12:36.237658 313066 Coordinator.h:192] Coordinator exits.
=== current_aria_p12_t12_k40000_rw50_ops10_bs1024_zipf_0.6 ===
I0312 09:12:36.533845 313983 Database.h:65] ycsb initialization finished in 100 milliseconds.
I0312 09:12:36.534056 313983 Coordinator.h:30] Coordinator initializes 12 workers.
I0312 09:12:36.573830 313983 Coordinator.h:77] Coordinator starts to run 13 workers.
I0312 09:12:36.573959 314005 AriaExecutor.h:82] AriaExecutor 0 started. 
I0312 09:12:36.573987 314006 AriaExecutor.h:82] AriaExecutor 1 started. 
I0312 09:12:36.574126 314007 AriaExecutor.h:82] AriaExecutor 2 started. 
I0312 09:12:36.574150 314008 AriaExecutor.h:82] AriaExecutor 3 started. 
I0312 09:12:36.574275 314009 AriaExecutor.h:82] AriaExecutor 4 started. 
I0312 09:12:36.574321 314010 AriaExecutor.h:82] AriaExecutor 5 started. 
I0312 09:12:36.574417 314011 AriaExecutor.h:82] AriaExecutor 6 started. 
I0312 09:12:36.574470 314012 AriaExecutor.h:82] AriaExecutor 7 started. 
I0312 09:12:36.574559 314013 AriaExecutor.h:82] AriaExecutor 8 started. 
I0312 09:12:36.574663 314014 AriaExecutor.h:82] AriaExecutor 9 started. 
I0312 09:12:36.574713 314015 AriaExecutor.h:82] AriaExecutor 10 started. 
I0312 09:12:36.574800 314016 AriaExecutor.h:82] AriaExecutor 11 started. 
I0312 09:12:36.574858 314017 Manager.h:224] Manager(worker id = 12) on the coordinator node started.
I0312 09:12:37.574916 313983 Coordinator.h:126] commit: 329936 abort: 68400 (0/68400/0), network size: 0, avg network size: 0, si_in_serializable: 0 0 %, local: 0 %
I0312 09:12:38.575088 313983 Coordinator.h:126] commit: 340022 abort: 69578 (0/69578/0), network size: 0, avg network size: 0, si_in_serializable: 0 0 %, local: 0 %
I0312 09:12:39.575300 313983 Coordinator.h:126] commit: 344543 abort: 71201 (0/71201/0), network size: 0, avg network size: 0, si_in_serializable: 0 0 %, local: 0 %
I0312 09:12:40.575462 313983 Coordinator.h:126] commit: 348712 abort: 72152 (0/72152/0), network size: 0, avg network size: 0, si_in_serializable: 0 0 %, local: 0 %
I0312 09:12:41.575593 313983 Coordinator.h:126] commit: 345782 abort: 72010 (0/72010/0), network size: 0, avg network size: 0, si_in_serializable: 0 0 %, local: 0 %
I0312 09:12:42.575736 313983 Coordinator.h:126] commit: 345702 abort: 72090 (0/72090/0), network size: 0, avg network size: 0, si_in_serializable: 0 0 %, local: 0 %
I0312 09:12:43.575862 313983 Coordinator.h:126] commit: 348700 abort: 72164 (0/72164/0), network size: 0, avg network size: 0, si_in_serializable: 0 0 %, local: 0 %
I0312 09:12:44.576067 313983 Coordinator.h:126] commit: 349104 abort: 71760 (0/71760/0), network size: 0, avg network size: 0, si_in_serializable: 0 0 %, local: 0 %
I0312 09:12:45.576273 313983 Coordinator.h:126] commit: 348300 abort: 72564 (0/72564/0), network size: 0, avg network size: 0, si_in_serializable: 0 0 %, local: 0 %
I0312 09:12:46.576443 313983 Coordinator.h:126] commit: 338154 abort: 70422 (0/70422/0), network size: 0, avg network size: 0, si_in_serializable: 0 0 %, local: 0 %
I0312 09:12:47.576586 313983 Coordinator.h:126] commit: 348588 abort: 72276 (0/72276/0), network size: 0, avg network size: 0, si_in_serializable: 0 0 %, local: 0 %
I0312 09:12:48.576712 313983 Coordinator.h:126] commit: 348363 abort: 72501 (0/72501/0), network size: 0, avg network size: 0, si_in_serializable: 0 0 %, local: 0 %
I0312 09:12:49.576849 313983 Coordinator.h:126] commit: 348415 abort: 72449 (0/72449/0), network size: 0, avg network size: 0, si_in_serializable: 0 0 %, local: 0 %
I0312 09:12:50.577003 313983 Coordinator.h:126] commit: 346945 abort: 71871 (0/71871/0), network size: 0, avg network size: 0, si_in_serializable: 0 0 %, local: 0 %
I0312 09:12:51.577163 313983 Coordinator.h:126] commit: 349331 abort: 72557 (0/72557/0), network size: 0, avg network size: 0, si_in_serializable: 0 0 %, local: 0 %
I0312 09:12:52.577319 313983 Coordinator.h:126] commit: 348659 abort: 72205 (0/72205/0), network size: 0, avg network size: 0, si_in_serializable: 0 0 %, local: 0 %
I0312 09:12:53.577527 313983 Coordinator.h:126] commit: 348240 abort: 71600 (0/71600/0), network size: 0, avg network size: 0, si_in_serializable: 0 0 %, local: 0 %
I0312 09:12:54.577692 313983 Coordinator.h:126] commit: 348248 abort: 72616 (0/72616/0), network size: 0, avg network size: 0, si_in_serializable: 0 0 %, local: 0 %
I0312 09:12:55.577836 313983 Coordinator.h:126] commit: 327089 abort: 68175 (0/68175/0), network size: 0, avg network size: 0, si_in_serializable: 0 0 %, local: 0 %
I0312 09:12:56.577991 313983 Coordinator.h:126] commit: 348513 abort: 72351 (0/72351/0), network size: 0, avg network size: 0, si_in_serializable: 0 0 %, local: 0 %
I0312 09:12:57.578131 313983 Coordinator.h:126] commit: 348588 abort: 72276 (0/72276/0), network size: 0, avg network size: 0, si_in_serializable: 0 0 %, local: 0 %
I0312 09:12:58.578275 313983 Coordinator.h:126] commit: 349833 abort: 72055 (0/72055/0), network size: 0, avg network size: 0, si_in_serializable: 0 0 %, local: 0 %
I0312 09:12:59.578423 313983 Coordinator.h:126] commit: 348718 abort: 72146 (0/72146/0), network size: 0, avg network size: 0, si_in_serializable: 0 0 %, local: 0 %
I0312 09:13:00.578560 313983 Coordinator.h:126] commit: 349085 abort: 71779 (0/71779/0), network size: 0, avg network size: 0, si_in_serializable: 0 0 %, local: 0 %
I0312 09:13:01.578704 313983 Coordinator.h:126] commit: 348541 abort: 72323 (0/72323/0), network size: 0, avg network size: 0, si_in_serializable: 0 0 %, local: 0 %
I0312 09:13:01.578765 313983 Coordinator.h:152] average commit: 346239 abort: 71860.1 (0/71860.1/0), network size: 0, avg network size: 0, si_in_serializable: 0 0 %, local: 0 %
I0312 09:13:01.579869 314005 AriaExecutor.h:94] AriaExecutor 0 exits. 
I0312 09:13:01.579869 314008 AriaExecutor.h:94] AriaExecutor 3 exits. 
I0312 09:13:01.579869 314006 AriaExecutor.h:94] AriaExecutor 1 exits. 
I0312 09:13:01.579869 314016 AriaExecutor.h:94] AriaExecutor 11 exits. 
I0312 09:13:01.579883 314012 AriaExecutor.h:94] AriaExecutor 7 exits. 
I0312 09:13:01.579885 314015 AriaExecutor.h:94] AriaExecutor 10 exits. 
I0312 09:13:01.579885 314009 AriaExecutor.h:94] AriaExecutor 4 exits. 
I0312 09:13:01.579872 314017 Manager.h:227] Manager(worker id = 12) on the coordinator node exits.
I0312 09:13:01.579885 314014 AriaExecutor.h:94] AriaExecutor 9 exits. 
I0312 09:13:01.579885 314010 AriaExecutor.h:94] AriaExecutor 5 exits. 
I0312 09:13:01.579886 314013 AriaExecutor.h:94] AriaExecutor 8 exits. 
I0312 09:13:01.579885 314011 AriaExecutor.h:94] AriaExecutor 6 exits. 
I0312 09:13:01.579885 314007 AriaExecutor.h:94] AriaExecutor 2 exits. 
I0312 09:13:01.578810 313983 AriaExecutor.h:535] Worker 0 latency: 1685 us (50%) 2057 us (75%) 2330 us (95%) 2392 us (99%).
I0312 09:13:01.623569 313983 AriaExecutor.h:535] Worker 1 latency: 1686 us (50%) 2057 us (75%) 2330 us (95%) 2391 us (99%).
I0312 09:13:01.656183 313983 AriaExecutor.h:535] Worker 2 latency: 1687 us (50%) 2058 us (75%) 2330 us (95%) 2391 us (99%).
I0312 09:13:01.688971 313983 AriaExecutor.h:535] Worker 3 latency: 1688 us (50%) 2058 us (75%) 2330 us (95%) 2391 us (99%).
I0312 09:13:01.721621 313983 AriaExecutor.h:535] Worker 4 latency: 1695 us (50%) 2061 us (75%) 2330 us (95%) 2391 us (99%).
I0312 09:13:01.754455 313983 AriaExecutor.h:535] Worker 5 latency: 1691 us (50%) 2059 us (75%) 2330 us (95%) 2391 us (99%).
I0312 09:13:01.787009 313983 AriaExecutor.h:535] Worker 6 latency: 1694 us (50%) 2061 us (75%) 2330 us (95%) 2391 us (99%).
I0312 09:13:01.820175 313983 AriaExecutor.h:535] Worker 7 latency: 1671 us (50%) 2050 us (75%) 2328 us (95%) 2391 us (99%).
I0312 09:13:01.852700 313983 AriaExecutor.h:535] Worker 8 latency: 1696 us (50%) 2061 us (75%) 2330 us (95%) 2391 us (99%).
I0312 09:13:01.885270 313983 AriaExecutor.h:535] Worker 9 latency: 1694 us (50%) 2060 us (75%) 2330 us (95%) 2391 us (99%).
I0312 09:13:01.917989 313983 AriaExecutor.h:535] Worker 10 latency: 1696 us (50%) 2061 us (75%) 2330 us (95%) 2391 us (99%).
I0312 09:13:01.950299 313983 AriaExecutor.h:535] Worker 11 latency: 1693 us (50%) 2060 us (75%) 2330 us (95%) 2391 us (99%).
I0312 09:13:01.982515 313983 Coordinator.h:177] total commit: 346239
I0312 09:13:02.982724 313983 Coordinator.h:192] Coordinator exits.
=== current_aria_p12_t12_k40000_rw50_ops10_bs2048_zipf_0.6 ===
I0312 09:13:03.289126 314993 Database.h:65] ycsb initialization finished in 97 milliseconds.
I0312 09:13:03.289343 314993 Coordinator.h:30] Coordinator initializes 12 workers.
I0312 09:13:03.352511 314993 Coordinator.h:77] Coordinator starts to run 13 workers.
I0312 09:13:03.352664 315012 AriaExecutor.h:82] AriaExecutor 1 started. 
I0312 09:13:03.352814 315013 AriaExecutor.h:82] AriaExecutor 2 started. 
I0312 09:13:03.352833 315011 AriaExecutor.h:82] AriaExecutor 0 started. 
I0312 09:13:03.352921 315014 AriaExecutor.h:82] AriaExecutor 3 started. 
I0312 09:13:03.353016 315015 AriaExecutor.h:82] AriaExecutor 4 started. 
I0312 09:13:03.353135 315016 AriaExecutor.h:82] AriaExecutor 5 started. 
I0312 09:13:03.353250 315017 AriaExecutor.h:82] AriaExecutor 6 started. 
I0312 09:13:03.353370 315018 AriaExecutor.h:82] AriaExecutor 7 started. 
I0312 09:13:03.353423 315019 AriaExecutor.h:82] AriaExecutor 8 started. 
I0312 09:13:03.353525 315020 AriaExecutor.h:82] AriaExecutor 9 started. 
I0312 09:13:03.353649 315021 AriaExecutor.h:82] AriaExecutor 10 started. 
I0312 09:13:03.353701 315022 AriaExecutor.h:82] AriaExecutor 11 started. 
I0312 09:13:03.353796 315023 Manager.h:224] Manager(worker id = 12) on the coordinator node started.
I0312 09:13:04.353854 314993 Coordinator.h:126] commit: 280721 abort: 102255 (0/102255/0), network size: 0, avg network size: 0, si_in_serializable: 0 0 %, local: 0 %
I0312 09:13:05.354027 314993 Coordinator.h:126] commit: 292956 abort: 106404 (0/106404/0), network size: 0, avg network size: 0, si_in_serializable: 0 0 %, local: 0 %
I0312 09:13:06.354249 314993 Coordinator.h:126] commit: 301910 abort: 109738 (0/109738/0), network size: 0, avg network size: 0, si_in_serializable: 0 0 %, local: 0 %
I0312 09:13:07.354422 314993 Coordinator.h:126] commit: 304993 abort: 110751 (0/110751/0), network size: 0, avg network size: 0, si_in_serializable: 0 0 %, local: 0 %
I0312 09:13:08.354585 314993 Coordinator.h:126] commit: 305323 abort: 110421 (0/110421/0), network size: 0, avg network size: 0, si_in_serializable: 0 0 %, local: 0 %
I0312 09:13:09.354741 314993 Coordinator.h:126] commit: 300067 abort: 109533 (0/109533/0), network size: 0, avg network size: 0, si_in_serializable: 0 0 %, local: 0 %
I0312 09:13:10.354892 314993 Coordinator.h:126] commit: 303230 abort: 110466 (0/110466/0), network size: 0, avg network size: 0, si_in_serializable: 0 0 %, local: 0 %
I0312 09:13:11.355109 314993 Coordinator.h:126] commit: 304911 abort: 110833 (0/110833/0), network size: 0, avg network size: 0, si_in_serializable: 0 0 %, local: 0 %
I0312 09:13:12.355276 314993 Coordinator.h:126] commit: 305129 abort: 110615 (0/110615/0), network size: 0, avg network size: 0, si_in_serializable: 0 0 %, local: 0 %
I0312 09:13:13.355429 314993 Coordinator.h:126] commit: 303517 abort: 110179 (0/110179/0), network size: 0, avg network size: 0, si_in_serializable: 0 0 %, local: 0 %
I0312 09:13:14.355587 314993 Coordinator.h:126] commit: 300790 abort: 108810 (0/108810/0), network size: 0, avg network size: 0, si_in_serializable: 0 0 %, local: 0 %
I0312 09:13:15.355741 314993 Coordinator.h:126] commit: 304646 abort: 111098 (0/111098/0), network size: 0, avg network size: 0, si_in_serializable: 0 0 %, local: 0 %
I0312 09:13:16.355895 314993 Coordinator.h:126] commit: 303138 abort: 110558 (0/110558/0), network size: 0, avg network size: 0, si_in_serializable: 0 0 %, local: 0 %
I0312 09:13:17.356038 314993 Coordinator.h:126] commit: 303229 abort: 110467 (0/110467/0), network size: 0, avg network size: 0, si_in_serializable: 0 0 %, local: 0 %
I0312 09:13:18.356170 314993 Coordinator.h:126] commit: 304604 abort: 111140 (0/111140/0), network size: 0, avg network size: 0, si_in_serializable: 0 0 %, local: 0 %
I0312 09:13:19.356304 314993 Coordinator.h:126] commit: 304988 abort: 110756 (0/110756/0), network size: 0, avg network size: 0, si_in_serializable: 0 0 %, local: 0 %
I0312 09:13:20.356446 314993 Coordinator.h:126] commit: 304870 abort: 110874 (0/110874/0), network size: 0, avg network size: 0, si_in_serializable: 0 0 %, local: 0 %
I0312 09:13:21.356642 314993 Coordinator.h:126] commit: 302693 abort: 111003 (0/111003/0), network size: 0, avg network size: 0, si_in_serializable: 0 0 %, local: 0 %
I0312 09:13:22.356788 314993 Coordinator.h:126] commit: 305358 abort: 110386 (0/110386/0), network size: 0, avg network size: 0, si_in_serializable: 0 0 %, local: 0 %
I0312 09:13:23.356921 314993 Coordinator.h:126] commit: 304953 abort: 110791 (0/110791/0), network size: 0, avg network size: 0, si_in_serializable: 0 0 %, local: 0 %
I0312 09:13:24.357072 314993 Coordinator.h:126] commit: 288460 abort: 104756 (0/104756/0), network size: 0, avg network size: 0, si_in_serializable: 0 0 %, local: 0 %
I0312 09:13:25.357213 314993 Coordinator.h:126] commit: 304640 abort: 111104 (0/111104/0), network size: 0, avg network size: 0, si_in_serializable: 0 0 %, local: 0 %
I0312 09:13:26.357360 314993 Coordinator.h:126] commit: 305054 abort: 110690 (0/110690/0), network size: 0, avg network size: 0, si_in_serializable: 0 0 %, local: 0 %
I0312 09:13:27.357498 314993 Coordinator.h:126] commit: 303475 abort: 110221 (0/110221/0), network size: 0, avg network size: 0, si_in_serializable: 0 0 %, local: 0 %
I0312 09:13:28.357637 314993 Coordinator.h:126] commit: 305016 abort: 110728 (0/110728/0), network size: 0, avg network size: 0, si_in_serializable: 0 0 %, local: 0 %
I0312 09:13:28.357695 314993 Coordinator.h:152] average commit: 303927 abort: 110588 (0/110588/0), network size: 0, avg network size: 0, si_in_serializable: 0 0 %, local: 0 %
I0312 09:13:28.358968 315020 AriaExecutor.h:94] AriaExecutor 9 exits. 
I0312 09:13:28.358968 315017 AriaExecutor.h:94] AriaExecutor 6 exits. 
I0312 09:13:28.358978 315012 AriaExecutor.h:94] AriaExecutor 1 exits. 
I0312 09:13:28.358985 315023 Manager.h:227] Manager(worker id = 12) on the coordinator node exits.
I0312 09:13:28.358976 315018 AriaExecutor.h:94] AriaExecutor 7 exits. 
I0312 09:13:28.358968 315014 AriaExecutor.h:94] AriaExecutor 3 exits. 
I0312 09:13:28.358978 315016 AriaExecutor.h:94] AriaExecutor 5 exits. 
I0312 09:13:28.358980 315019 AriaExecutor.h:94] AriaExecutor 8 exits. 
I0312 09:13:28.358981 315021 AriaExecutor.h:94] AriaExecutor 10 exits. 
I0312 09:13:28.358980 315022 AriaExecutor.h:94] AriaExecutor 11 exits. 
I0312 09:13:28.358981 315011 AriaExecutor.h:94] AriaExecutor 0 exits. 
I0312 09:13:28.358978 315015 AriaExecutor.h:94] AriaExecutor 4 exits. 
I0312 09:13:28.358981 315013 AriaExecutor.h:94] AriaExecutor 2 exits. 
I0312 09:13:28.357741 314993 AriaExecutor.h:535] Worker 0 latency: 3497 us (50%) 4221 us (75%) 4726 us (95%) 4842 us (99%).
I0312 09:13:28.403031 314993 AriaExecutor.h:535] Worker 1 latency: 3504 us (50%) 4223 us (75%) 4726 us (95%) 4841 us (99%).
I0312 09:13:28.432868 314993 AriaExecutor.h:535] Worker 2 latency: 3502 us (50%) 4223 us (75%) 4726 us (95%) 4843 us (99%).
I0312 09:13:28.462353 314993 AriaExecutor.h:535] Worker 3 latency: 3502 us (50%) 4222 us (75%) 4726 us (95%) 4841 us (99%).
I0312 09:13:28.491928 314993 AriaExecutor.h:535] Worker 4 latency: 3497 us (50%) 4220 us (75%) 4726 us (95%) 4842 us (99%).
I0312 09:13:28.521456 314993 AriaExecutor.h:535] Worker 5 latency: 3500 us (50%) 4222 us (75%) 4726 us (95%) 4841 us (99%).
I0312 09:13:28.550820 314993 AriaExecutor.h:535] Worker 6 latency: 3500 us (50%) 4223 us (75%) 4726 us (95%) 4842 us (99%).
I0312 09:13:28.580835 314993 AriaExecutor.h:535] Worker 7 latency: 3501 us (50%) 4222 us (75%) 4725 us (95%) 4840 us (99%).
I0312 09:13:28.609861 314993 AriaExecutor.h:535] Worker 8 latency: 3509 us (50%) 4226 us (75%) 4726 us (95%) 4840 us (99%).
I0312 09:13:28.638701 314993 AriaExecutor.h:535] Worker 9 latency: 3507 us (50%) 4225 us (75%) 4726 us (95%) 4842 us (99%).
I0312 09:13:28.667614 314993 AriaExecutor.h:535] Worker 10 latency: 3510 us (50%) 4225 us (75%) 4726 us (95%) 4841 us (99%).
I0312 09:13:28.696699 314993 AriaExecutor.h:535] Worker 11 latency: 3506 us (50%) 4225 us (75%) 4726 us (95%) 4841 us (99%).
I0312 09:13:28.726006 314993 Coordinator.h:177] total commit: 303927
I0312 09:13:29.726219 314993 Coordinator.h:192] Coordinator exits.
=== current_aria_p12_t12_k40000_rw50_ops10_bs4096_zipf_0.6 ===
I0312 09:13:30.019676 315949 Database.h:65] ycsb initialization finished in 99 milliseconds.
I0312 09:13:30.019821 315949 Coordinator.h:30] Coordinator initializes 12 workers.
I0312 09:13:30.121950 315949 Coordinator.h:77] Coordinator starts to run 13 workers.
I0312 09:13:30.122045 315971 AriaExecutor.h:82] AriaExecutor 0 started. 
I0312 09:13:30.122092 315972 AriaExecutor.h:82] AriaExecutor 1 started. 
I0312 09:13:30.122207 315973 AriaExecutor.h:82] AriaExecutor 2 started. 
I0312 09:13:30.122332 315974 AriaExecutor.h:82] AriaExecutor 3 started. 
I0312 09:13:30.122368 315975 AriaExecutor.h:82] AriaExecutor 4 started. 
I0312 09:13:30.122466 315976 AriaExecutor.h:82] AriaExecutor 5 started. 
I0312 09:13:30.122579 315977 AriaExecutor.h:82] AriaExecutor 6 started. 
I0312 09:13:30.122691 315978 AriaExecutor.h:82] AriaExecutor 7 started. 
I0312 09:13:30.122808 315979 AriaExecutor.h:82] AriaExecutor 8 started. 
I0312 09:13:30.122867 315980 AriaExecutor.h:82] AriaExecutor 9 started. 
I0312 09:13:30.122964 315981 AriaExecutor.h:82] AriaExecutor 10 started. 
I0312 09:13:30.123068 315982 AriaExecutor.h:82] AriaExecutor 11 started. 
I0312 09:13:30.123194 315983 Manager.h:224] Manager(worker id = 12) on the coordinator node started.
I0312 09:13:31.123219 315949 Coordinator.h:126] commit: 220726 abort: 143818 (0/143818/0), network size: 0, avg network size: 0, si_in_serializable: 0 0 %, local: 0 %
I0312 09:13:32.123409 315949 Coordinator.h:126] commit: 233558 abort: 151466 (0/151466/0), network size: 0, avg network size: 0, si_in_serializable: 0 0 %, local: 0 %
I0312 09:13:33.123615 315949 Coordinator.h:126] commit: 240694 abort: 156618 (0/156618/0), network size: 0, avg network size: 0, si_in_serializable: 0 0 %, local: 0 %
I0312 09:13:34.123788 315949 Coordinator.h:126] commit: 243370 abort: 158038 (0/158038/0), network size: 0, avg network size: 0, si_in_serializable: 0 0 %, local: 0 %
I0312 09:13:35.123941 315949 Coordinator.h:126] commit: 243581 abort: 157827 (0/157827/0), network size: 0, avg network size: 0, si_in_serializable: 0 0 %, local: 0 %
I0312 09:13:36.124099 315949 Coordinator.h:126] commit: 243055 abort: 158353 (0/158353/0), network size: 0, avg network size: 0, si_in_serializable: 0 0 %, local: 0 %
I0312 09:13:37.124264 315949 Coordinator.h:126] commit: 243411 abort: 157997 (0/157997/0), network size: 0, avg network size: 0, si_in_serializable: 0 0 %, local: 0 %
I0312 09:13:38.124485 315949 Coordinator.h:126] commit: 243502 abort: 157906 (0/157906/0), network size: 0, avg network size: 0, si_in_serializable: 0 0 %, local: 0 %
I0312 09:13:39.124657 315949 Coordinator.h:126] commit: 243800 abort: 157608 (0/157608/0), network size: 0, avg network size: 0, si_in_serializable: 0 0 %, local: 0 %
I0312 09:13:40.124806 315949 Coordinator.h:126] commit: 243640 abort: 157768 (0/157768/0), network size: 0, avg network size: 0, si_in_serializable: 0 0 %, local: 0 %
I0312 09:13:41.124951 315949 Coordinator.h:126] commit: 245778 abort: 159726 (0/159726/0), network size: 0, avg network size: 0, si_in_serializable: 0 0 %, local: 0 %
I0312 09:13:42.125100 315949 Coordinator.h:126] commit: 243492 abort: 157916 (0/157916/0), network size: 0, avg network size: 0, si_in_serializable: 0 0 %, local: 0 %
I0312 09:13:43.125248 315949 Coordinator.h:126] commit: 243228 abort: 158180 (0/158180/0), network size: 0, avg network size: 0, si_in_serializable: 0 0 %, local: 0 %
I0312 09:13:44.125401 315949 Coordinator.h:126] commit: 240950 abort: 156362 (0/156362/0), network size: 0, avg network size: 0, si_in_serializable: 0 0 %, local: 0 %
I0312 09:13:45.125550 315949 Coordinator.h:126] commit: 243602 abort: 157806 (0/157806/0), network size: 0, avg network size: 0, si_in_serializable: 0 0 %, local: 0 %
I0312 09:13:46.125699 315949 Coordinator.h:126] commit: 243897 abort: 157511 (0/157511/0), network size: 0, avg network size: 0, si_in_serializable: 0 0 %, local: 0 %
I0312 09:13:47.125845 315949 Coordinator.h:126] commit: 243531 abort: 157877 (0/157877/0), network size: 0, avg network size: 0, si_in_serializable: 0 0 %, local: 0 %
I0312 09:13:48.125978 315949 Coordinator.h:126] commit: 245790 abort: 159714 (0/159714/0), network size: 0, avg network size: 0, si_in_serializable: 0 0 %, local: 0 %
I0312 09:13:49.126108 315949 Coordinator.h:126] commit: 243366 abort: 158042 (0/158042/0), network size: 0, avg network size: 0, si_in_serializable: 0 0 %, local: 0 %
I0312 09:13:50.126241 315949 Coordinator.h:126] commit: 244023 abort: 157385 (0/157385/0), network size: 0, avg network size: 0, si_in_serializable: 0 0 %, local: 0 %
I0312 09:13:51.126432 315949 Coordinator.h:126] commit: 242919 abort: 158489 (0/158489/0), network size: 0, avg network size: 0, si_in_serializable: 0 0 %, local: 0 %
I0312 09:13:52.126593 315949 Coordinator.h:126] commit: 243186 abort: 158222 (0/158222/0), network size: 0, avg network size: 0, si_in_serializable: 0 0 %, local: 0 %
I0312 09:13:53.126737 315949 Coordinator.h:126] commit: 243135 abort: 158273 (0/158273/0), network size: 0, avg network size: 0, si_in_serializable: 0 0 %, local: 0 %
I0312 09:13:54.126879 315949 Coordinator.h:126] commit: 246159 abort: 159345 (0/159345/0), network size: 0, avg network size: 0, si_in_serializable: 0 0 %, local: 0 %
I0312 09:13:55.127019 315949 Coordinator.h:126] commit: 243372 abort: 158036 (0/158036/0), network size: 0, avg network size: 0, si_in_serializable: 0 0 %, local: 0 %
I0312 09:13:55.127084 315949 Coordinator.h:152] average commit: 243766 abort: 158052 (0/158052/0), network size: 0, avg network size: 0, si_in_serializable: 0 0 %, local: 0 %
I0312 09:13:55.134039 315981 AriaExecutor.h:94] AriaExecutor 10 exits. 
I0312 09:13:55.134058 315982 AriaExecutor.h:94] AriaExecutor 11 exits. 
I0312 09:13:55.134052 315980 AriaExecutor.h:94] AriaExecutor 9 exits. 
I0312 09:13:55.134053 315974 AriaExecutor.h:94] AriaExecutor 3 exits. 
I0312 09:13:55.134057 315971 AriaExecutor.h:94] AriaExecutor 0 exits. 
I0312 09:13:55.134053 315976 AriaExecutor.h:94] AriaExecutor 5 exits. 
I0312 09:13:55.134056 315972 AriaExecutor.h:94] AriaExecutor 1 exits. 
I0312 09:13:55.134060 315979 AriaExecutor.h:94] AriaExecutor 8 exits. 
I0312 09:13:55.134052 315975 AriaExecutor.h:94] AriaExecutor 4 exits. 
I0312 09:13:55.134054 315978 AriaExecutor.h:94] AriaExecutor 7 exits. 
I0312 09:13:55.134052 315977 AriaExecutor.h:94] AriaExecutor 6 exits. 
I0312 09:13:55.134050 315973 AriaExecutor.h:94] AriaExecutor 2 exits. 
I0312 09:13:55.134044 315983 Manager.h:227] Manager(worker id = 12) on the coordinator node exits.
I0312 09:13:55.127127 315949 AriaExecutor.h:535] Worker 0 latency: 7510 us (50%) 8872 us (75%) 9754 us (95%) 10014 us (99%).
I0312 09:13:55.167116 315949 AriaExecutor.h:535] Worker 1 latency: 7510 us (50%) 8870 us (75%) 9753 us (95%) 9993 us (99%).
I0312 09:13:55.194334 315949 AriaExecutor.h:535] Worker 2 latency: 7515 us (50%) 8873 us (75%) 9753 us (95%) 9997 us (99%).
I0312 09:13:55.221946 315949 AriaExecutor.h:535] Worker 3 latency: 7507 us (50%) 8868 us (75%) 9752 us (95%) 9990 us (99%).
I0312 09:13:55.249348 315949 AriaExecutor.h:535] Worker 4 latency: 7520 us (50%) 8873 us (75%) 9752 us (95%) 9992 us (99%).
I0312 09:13:55.278522 315949 AriaExecutor.h:535] Worker 5 latency: 7517 us (50%) 8871 us (75%) 9754 us (95%) 9999 us (99%).
I0312 09:13:55.305944 315949 AriaExecutor.h:535] Worker 6 latency: 7518 us (50%) 8871 us (75%) 9753 us (95%) 9995 us (99%).
I0312 09:13:55.333158 315949 AriaExecutor.h:535] Worker 7 latency: 7514 us (50%) 8871 us (75%) 9753 us (95%) 9992 us (99%).
I0312 09:13:55.360416 315949 AriaExecutor.h:535] Worker 8 latency: 7517 us (50%) 8871 us (75%) 9752 us (95%) 9988 us (99%).
I0312 09:13:55.387764 315949 AriaExecutor.h:535] Worker 9 latency: 7511 us (50%) 8870 us (75%) 9752 us (95%) 9993 us (99%).
I0312 09:13:55.414932 315949 AriaExecutor.h:535] Worker 10 latency: 7520 us (50%) 8873 us (75%) 9752 us (95%) 9993 us (99%).
I0312 09:13:55.442363 315949 AriaExecutor.h:535] Worker 11 latency: 7513 us (50%) 8870 us (75%) 9751 us (95%) 9990 us (99%).
I0312 09:13:55.469775 315949 Coordinator.h:177] total commit: 243766
I0312 09:13:56.469996 315949 Coordinator.h:192] Coordinator exits.
=== current_aria_p12_t12_k40000_rw50_ops100_bs1024_zipf_0.6 ===
I0312 09:13:56.781602 317042 Database.h:65] ycsb initialization finished in 98 milliseconds.
I0312 09:13:56.781821 317042 Coordinator.h:30] Coordinator initializes 12 workers.
I0312 09:13:56.819069 317042 Coordinator.h:77] Coordinator starts to run 13 workers.
I0312 09:13:56.819173 317064 AriaExecutor.h:82] AriaExecutor 0 started. 
I0312 09:13:56.819213 317065 AriaExecutor.h:82] AriaExecutor 1 started. 
I0312 09:13:56.819334 317066 AriaExecutor.h:82] AriaExecutor 2 started. 
I0312 09:13:56.819454 317067 AriaExecutor.h:82] AriaExecutor 3 started. 
I0312 09:13:56.819497 317068 AriaExecutor.h:82] AriaExecutor 4 started. 
I0312 09:13:56.819581 317069 AriaExecutor.h:82] AriaExecutor 5 started. 
I0312 09:13:56.819630 317070 AriaExecutor.h:82] AriaExecutor 6 started. 
I0312 09:13:56.819713 317071 AriaExecutor.h:82] AriaExecutor 7 started. 
I0312 09:13:56.819777 317072 AriaExecutor.h:82] AriaExecutor 8 started. 
I0312 09:13:56.819866 317073 AriaExecutor.h:82] AriaExecutor 9 started. 
I0312 09:13:56.819988 317074 AriaExecutor.h:82] AriaExecutor 10 started. 
I0312 09:13:56.820032 317075 AriaExecutor.h:82] AriaExecutor 11 started. 
I0312 09:13:56.820142 317076 Manager.h:224] Manager(worker id = 12) on the coordinator node started.
I0312 09:13:57.820166 317042 Coordinator.h:126] commit: 1175 abort: 63337 (0/63337/0), network size: 0, avg network size: 0, si_in_serializable: 0 0 %, local: 0 %
I0312 09:13:58.820356 317042 Coordinator.h:126] commit: 1248 abort: 69408 (0/69408/0), network size: 0, avg network size: 0, si_in_serializable: 0 0 %, local: 0 %
I0312 09:13:59.820554 317042 Coordinator.h:126] commit: 1364 abort: 73388 (0/73388/0), network size: 0, avg network size: 0, si_in_serializable: 0 0 %, local: 0 %
I0312 09:14:00.820703 317042 Coordinator.h:126] commit: 1350 abort: 74426 (0/74426/0), network size: 0, avg network size: 0, si_in_serializable: 0 0 %, local: 0 %
I0312 09:14:01.820840 317042 Coordinator.h:126] commit: 1399 abort: 74377 (0/74377/0), network size: 0, avg network size: 0, si_in_serializable: 0 0 %, local: 0 %
I0312 09:14:02.820974 317042 Coordinator.h:126] commit: 1347 abort: 73405 (0/73405/0), network size: 0, avg network size: 0, si_in_serializable: 0 0 %, local: 0 %
I0312 09:14:03.821111 317042 Coordinator.h:126] commit: 1377 abort: 74399 (0/74399/0), network size: 0, avg network size: 0, si_in_serializable: 0 0 %, local: 0 %
I0312 09:14:04.821306 317042 Coordinator.h:126] commit: 1330 abort: 73422 (0/73422/0), network size: 0, avg network size: 0, si_in_serializable: 0 0 %, local: 0 %
I0312 09:14:05.821460 317042 Coordinator.h:126] commit: 1376 abort: 74400 (0/74400/0), network size: 0, avg network size: 0, si_in_serializable: 0 0 %, local: 0 %
I0312 09:14:06.821590 317042 Coordinator.h:126] commit: 1332 abort: 74444 (0/74444/0), network size: 0, avg network size: 0, si_in_serializable: 0 0 %, local: 0 %
I0312 09:14:07.821725 317042 Coordinator.h:126] commit: 1349 abort: 73403 (0/73403/0), network size: 0, avg network size: 0, si_in_serializable: 0 0 %, local: 0 %
I0312 09:14:08.821867 317042 Coordinator.h:126] commit: 1392 abort: 74384 (0/74384/0), network size: 0, avg network size: 0, si_in_serializable: 0 0 %, local: 0 %
I0312 09:14:09.822002 317042 Coordinator.h:126] commit: 1311 abort: 73441 (0/73441/0), network size: 0, avg network size: 0, si_in_serializable: 0 0 %, local: 0 %
I0312 09:14:10.822139 317042 Coordinator.h:126] commit: 1350 abort: 74426 (0/74426/0), network size: 0, avg network size: 0, si_in_serializable: 0 0 %, local: 0 %
I0312 09:14:11.822268 317042 Coordinator.h:126] commit: 1352 abort: 73400 (0/73400/0), network size: 0, avg network size: 0, si_in_serializable: 0 0 %, local: 0 %
I0312 09:14:12.822398 317042 Coordinator.h:126] commit: 1322 abort: 73430 (0/73430/0), network size: 0, avg network size: 0, si_in_serializable: 0 0 %, local: 0 %
I0312 09:14:13.822530 317042 Coordinator.h:126] commit: 1353 abort: 74423 (0/74423/0), network size: 0, avg network size: 0, si_in_serializable: 0 0 %, local: 0 %
I0312 09:14:14.822665 317042 Coordinator.h:126] commit: 1393 abort: 74383 (0/74383/0), network size: 0, avg network size: 0, si_in_serializable: 0 0 %, local: 0 %
I0312 09:14:15.822814 317042 Coordinator.h:126] commit: 1347 abort: 73405 (0/73405/0), network size: 0, avg network size: 0, si_in_serializable: 0 0 %, local: 0 %
I0312 09:14:16.822961 317042 Coordinator.h:126] commit: 1359 abort: 74417 (0/74417/0), network size: 0, avg network size: 0, si_in_serializable: 0 0 %, local: 0 %
I0312 09:14:17.823151 317042 Coordinator.h:126] commit: 1340 abort: 73412 (0/73412/0), network size: 0, avg network size: 0, si_in_serializable: 0 0 %, local: 0 %
I0312 09:14:18.823303 317042 Coordinator.h:126] commit: 1387 abort: 74389 (0/74389/0), network size: 0, avg network size: 0, si_in_serializable: 0 0 %, local: 0 %
I0312 09:14:19.823437 317042 Coordinator.h:126] commit: 1346 abort: 74430 (0/74430/0), network size: 0, avg network size: 0, si_in_serializable: 0 0 %, local: 0 %
I0312 09:14:20.823570 317042 Coordinator.h:126] commit: 1332 abort: 73420 (0/73420/0), network size: 0, avg network size: 0, si_in_serializable: 0 0 %, local: 0 %
I0312 09:14:21.823702 317042 Coordinator.h:126] commit: 1379 abort: 74397 (0/74397/0), network size: 0, avg network size: 0, si_in_serializable: 0 0 %, local: 0 %
I0312 09:14:21.823764 317042 Coordinator.h:152] average commit: 1352.8 abort: 73911.2 (0/73911.2/0), network size: 0, avg network size: 0, si_in_serializable: 0 0 %, local: 0 %
I0312 09:14:21.823812 317042 AriaExecutor.h:535] Worker 0 latency: 13490 us (50%) 13558 us (75%) 14128 us (95%) 15641 us (99%).
I0312 09:14:21.831163 317069 AriaExecutor.h:94] AriaExecutor 5 exits. 
I0312 09:14:21.831163 317072 AriaExecutor.h:94] AriaExecutor 8 exits. 
I0312 09:14:21.831163 317067 AriaExecutor.h:94] AriaExecutor 3 exits. 
I0312 09:14:21.831172 317074 AriaExecutor.h:94] AriaExecutor 10 exits. 
I0312 09:14:21.831174 317065 AriaExecutor.h:94] AriaExecutor 1 exits. 
I0312 09:14:21.831174 317070 AriaExecutor.h:94] AriaExecutor 6 exits. 
I0312 09:14:21.831178 317076 Manager.h:227] Manager(worker id = 12) on the coordinator node exits.
I0312 09:14:21.831163 317068 AriaExecutor.h:94] AriaExecutor 4 exits. 
I0312 09:14:21.831174 317064 AriaExecutor.h:94] AriaExecutor 0 exits. 
I0312 09:14:21.831163 317066 AriaExecutor.h:94] AriaExecutor 2 exits. 
I0312 09:14:21.831163 317073 AriaExecutor.h:94] AriaExecutor 9 exits. 
I0312 09:14:21.831171 317071 AriaExecutor.h:94] AriaExecutor 7 exits. 
I0312 09:14:21.831172 317075 AriaExecutor.h:94] AriaExecutor 11 exits. 
I0312 09:14:21.831485 317042 AriaExecutor.h:535] Worker 1 latency: 13486 us (50%) 13553 us (75%) 14149 us (95%) 15627 us (99%).
I0312 09:14:21.832018 317042 AriaExecutor.h:535] Worker 2 latency: 13486 us (50%) 13550 us (75%) 14114 us (95%) 15625 us (99%).
I0312 09:14:21.832487 317042 AriaExecutor.h:535] Worker 3 latency: 13483 us (50%) 13552 us (75%) 14185 us (95%) 15621 us (99%).
I0312 09:14:21.832901 317042 AriaExecutor.h:535] Worker 4 latency: 13480 us (50%) 13549 us (75%) 14197 us (95%) 15624 us (99%).
I0312 09:14:21.833360 317042 AriaExecutor.h:535] Worker 5 latency: 13481 us (50%) 13546 us (75%) 14136 us (95%) 15625 us (99%).
I0312 09:14:21.833774 317042 AriaExecutor.h:535] Worker 6 latency: 13479 us (50%) 13547 us (75%) 14112 us (95%) 15629 us (99%).
I0312 09:14:21.834152 317042 AriaExecutor.h:535] Worker 7 latency: 13476 us (50%) 13544 us (75%) 14073 us (95%) 15621 us (99%).
I0312 09:14:21.834528 317042 AriaExecutor.h:535] Worker 8 latency: 13476 us (50%) 13545 us (75%) 14135 us (95%) 15614 us (99%).
I0312 09:14:21.834877 317042 AriaExecutor.h:535] Worker 9 latency: 13477 us (50%) 13547 us (75%) 14143 us (95%) 15629 us (99%).
I0312 09:14:21.835199 317042 AriaExecutor.h:535] Worker 10 latency: 13474 us (50%) 13543 us (75%) 14147 us (95%) 15635 us (99%).
I0312 09:14:21.835527 317042 AriaExecutor.h:535] Worker 11 latency: 13471 us (50%) 13542 us (75%) 14256 us (95%) 15659 us (99%).
I0312 09:14:21.835866 317042 Coordinator.h:177] total commit: 1352.8
I0312 09:14:22.836100 317042 Coordinator.h:192] Coordinator exits.
=== current_aria_p12_t12_k40000_rw50_ops100_bs2048_zipf_0.6 ===
I0312 09:14:23.122243 318125 Database.h:65] ycsb initialization finished in 99 milliseconds.
I0312 09:14:23.122460 318125 Coordinator.h:30] Coordinator initializes 12 workers.
I0312 09:14:23.182847 318125 Coordinator.h:77] Coordinator starts to run 13 workers.
I0312 09:14:23.183010 318146 AriaExecutor.h:82] AriaExecutor 0 started. 
I0312 09:14:23.183126 318147 AriaExecutor.h:82] AriaExecutor 1 started. 
I0312 09:14:23.183295 318148 AriaExecutor.h:82] AriaExecutor 2 started. 
I0312 09:14:23.183451 318149 AriaExecutor.h:82] AriaExecutor 3 started. 
I0312 09:14:23.183689 318150 AriaExecutor.h:82] AriaExecutor 4 started. 
I0312 09:14:23.183856 318151 AriaExecutor.h:82] AriaExecutor 5 started. 
I0312 09:14:23.184018 318152 AriaExecutor.h:82] AriaExecutor 6 started. 
I0312 09:14:23.184165 318153 AriaExecutor.h:82] AriaExecutor 7 started. 
I0312 09:14:23.184387 318154 AriaExecutor.h:82] AriaExecutor 8 started. 
I0312 09:14:23.184561 318155 AriaExecutor.h:82] AriaExecutor 9 started. 
I0312 09:14:23.184707 318156 AriaExecutor.h:82] AriaExecutor 10 started. 
I0312 09:14:23.184854 318157 AriaExecutor.h:82] AriaExecutor 11 started. 
I0312 09:14:23.185016 318158 Manager.h:224] Manager(worker id = 12) on the coordinator node started.
I0312 09:14:24.185101 318125 Coordinator.h:126] commit: 656 abort: 73072 (0/73072/0), network size: 0, avg network size: 0, si_in_serializable: 0 0 %, local: 0 %
I0312 09:14:25.185298 318125 Coordinator.h:126] commit: 699 abort: 73029 (0/73029/0), network size: 0, avg network size: 0, si_in_serializable: 0 0 %, local: 0 %
I0312 09:14:26.185521 318125 Coordinator.h:126] commit: 668 abort: 75108 (0/75108/0), network size: 0, avg network size: 0, si_in_serializable: 0 0 %, local: 0 %
I0312 09:14:27.185701 318125 Coordinator.h:126] commit: 677 abort: 75099 (0/75099/0), network size: 0, avg network size: 0, si_in_serializable: 0 0 %, local: 0 %
I0312 09:14:28.185860 318125 Coordinator.h:126] commit: 683 abort: 75093 (0/75093/0), network size: 0, avg network size: 0, si_in_serializable: 0 0 %, local: 0 %
I0312 09:14:29.186014 318125 Coordinator.h:126] commit: 669 abort: 75107 (0/75107/0), network size: 0, avg network size: 0, si_in_serializable: 0 0 %, local: 0 %
I0312 09:14:30.186170 318125 Coordinator.h:126] commit: 737 abort: 75039 (0/75039/0), network size: 0, avg network size: 0, si_in_serializable: 0 0 %, local: 0 %
I0312 09:14:31.186375 318125 Coordinator.h:126] commit: 679 abort: 75097 (0/75097/0), network size: 0, avg network size: 0, si_in_serializable: 0 0 %, local: 0 %
I0312 09:14:32.186543 318125 Coordinator.h:126] commit: 691 abort: 75085 (0/75085/0), network size: 0, avg network size: 0, si_in_serializable: 0 0 %, local: 0 %
I0312 09:14:33.186703 318125 Coordinator.h:126] commit: 649 abort: 75127 (0/75127/0), network size: 0, avg network size: 0, si_in_serializable: 0 0 %, local: 0 %
I0312 09:14:34.186873 318125 Coordinator.h:126] commit: 635 abort: 75141 (0/75141/0), network size: 0, avg network size: 0, si_in_serializable: 0 0 %, local: 0 %
I0312 09:14:35.187036 318125 Coordinator.h:126] commit: 691 abort: 75085 (0/75085/0), network size: 0, avg network size: 0, si_in_serializable: 0 0 %, local: 0 %
I0312 09:14:36.187201 318125 Coordinator.h:126] commit: 640 abort: 75136 (0/75136/0), network size: 0, avg network size: 0, si_in_serializable: 0 0 %, local: 0 %
I0312 09:14:37.187361 318125 Coordinator.h:126] commit: 689 abort: 75087 (0/75087/0), network size: 0, avg network size: 0, si_in_serializable: 0 0 %, local: 0 %
I0312 09:14:38.187522 318125 Coordinator.h:126] commit: 685 abort: 75091 (0/75091/0), network size: 0, avg network size: 0, si_in_serializable: 0 0 %, local: 0 %
I0312 09:14:39.187682 318125 Coordinator.h:126] commit: 694 abort: 75082 (0/75082/0), network size: 0, avg network size: 0, si_in_serializable: 0 0 %, local: 0 %
I0312 09:14:40.187847 318125 Coordinator.h:126] commit: 667 abort: 75109 (0/75109/0), network size: 0, avg network size: 0, si_in_serializable: 0 0 %, local: 0 %
I0312 09:14:41.188059 318125 Coordinator.h:126] commit: 699 abort: 75077 (0/75077/0), network size: 0, avg network size: 0, si_in_serializable: 0 0 %, local: 0 %
I0312 09:14:42.188267 318125 Coordinator.h:126] commit: 662 abort: 75114 (0/75114/0), network size: 0, avg network size: 0, si_in_serializable: 0 0 %, local: 0 %
I0312 09:14:43.188478 318125 Coordinator.h:126] commit: 689 abort: 75087 (0/75087/0), network size: 0, avg network size: 0, si_in_serializable: 0 0 %, local: 0 %
